hora,velocidade,direcao,lat,lon,u,v
2012-01-01 00:00:00,8.0,352,-9.97472,-68.81,1.113384807680527,-7.922144549932562
2012-01-01 01:00:00,8.3,355,-9.97472,-68.81,0.7233926648055641,-8.268415994161488
2012-01-01 02:00:00,8.4,353,-9.97472,-68.81,1.0237024846032368,-8.337387673787106
2012-01-01 03:00:00,9.3,347,-9.97472,-68.81,2.092044805397948,-9.061641602502688
2012-01-01 04:00:00,9.2,349,-9.97472,-68.81,1.7554427574642109,-9.030970087718508
2012-01-01 05:00:00,8.5,348,-9.97472,-68.81,1.767249371950959,-8.314254606237347
2012-01-01 06:00:00,7.8,347,-9.97472,-68.81,1.7546182238821495,-7.600086505324834
2012-01-01 07:00:00,7.8,347,-9.97472,-68.81,1.7546182238821495,-7.600086505324834
2012-01-01 08:00:00,7.8,347,-9.97472,-68.81,1.7546182238821495,-7.600086505324834
2012-01-01 09:00:00,6.2,350,-9.97472,-68.81,1.0766187015349684,-6.10580806867569
2012-01-01 10:00:00,5.5,337,-9.97472,-68.81,2.1490212066910064,-5.062776693988422
2012-01-01 11:00:00,6.0,343,-9.97472,-68.81,1.7542302283364228,-5.7378285357782115
2012-01-01 12:00:00,7.6,341,-9.97472,-68.81,2.474317973874391,-7.185941174554808
2012-01-01 13:00:00,8.0,333,-9.97472,-68.81,3.6319239979163758,-7.128052193506942
2012-01-01 14:00:00,10.4,340,-9.97472,-68.81,3.5570094905869536,-9.772803256173448
2012-01-01 15:00:00,10.0,347,-9.97472,-68.81,2.2495105434386535,-9.743700647852352
2012-01-01 16:00:00,10.3,348,-9.97472,-68.81,2.141490415422927,-10.074920287558198
2012-01-01 17:00:00,8.2,337,-9.97472,-68.81,3.2039952536120455,-7.548139798310009
2012-01-01 18:00:00,8.6,327,-9.97472,-68.81,4.683895701129232,-7.212566884330647
2012-01-01 19:00:00,5.4,318,-9.97472,-68.81,3.613305274337834,-4.012982057577929
2012-01-01 20:00:00,3.7,331,-9.97472,-68.81,1.7937955949114466,-3.236092916415765
2012-01-01 21:00:00,6.7,344,-9.97472,-68.81,1.8467702839738929,-6.440453362786736
2012-01-01 22:00:00,8.1,347,-9.97472,-68.81,1.8221035401853092,-7.892397524760404
2012-01-01 23:00:00,6.8,335,-9.97472,-68.81,2.8738041798367546,-6.16289295184922
2012-01-02 00:00:00,5.4,312,-9.97472,-68.81,4.012982057577931,-3.6133052743378324
2012-01-02 01:00:00,5.5,302,-9.97472,-68.81,4.664264528860344,-2.9145559532826257
2012-01-02 02:00:00,5.1,315,-9.97472,-68.81,3.606244584051393,-3.606244584051391
2012-01-02 03:00:00,5.7,325,-9.97472,-68.81,3.2693856872009652,-4.669166652447252
2012-01-02 04:00:00,5.9,317,-9.97472,-68.81,4.02379032436874,-4.314986839553107
2012-01-02 05:00:00,5.8,300,-9.97472,-68.81,5.0229473419497435,-2.9000000000000004
2012-01-02 06:00:00,5.9,284,-9.97472,-68.81,5.72474478502838,-1.427339184038038
2012-01-02 07:00:00,5.0,300,-9.97472,-68.81,4.330127018922193,-2.5000000000000004
2012-01-02 08:00:00,5.3,298,-9.97472,-68.81,4.6796222421523135,-2.488199282765219
2012-01-02 09:00:00,5.0,300,-9.97472,-68.81,4.330127018922193,-2.5000000000000004
2012-01-02 10:00:00,5.4,312,-9.97472,-68.81,4.012982057577931,-3.6133052743378324
2012-01-02 11:00:00,7.9,309,-9.97472,-68.81,6.13945309551007,-4.971631089293717
2012-01-02 12:00:00,8.6,303,-9.97472,-68.81,7.2125668843306485,-4.683895701129229
2012-01-02 13:00:00,9.4,302,-9.97472,-68.81,7.971652103870406,-4.981241083792124
2012-01-02 14:00:00,9.2,301,-9.97472,-68.81,7.8859391664594325,-4.738350289172498
2012-01-02 15:00:00,9.7,301,-9.97472,-68.81,8.31452281681049,-4.995869326627525
2012-01-02 16:00:00,9.2,296,-9.97472,-68.81,8.268905225952336,-4.033014550459511
2012-01-02 17:00:00,8.3,304,-9.97472,-68.81,6.881011852206846,-4.641301098807201
2012-01-02 18:00:00,7.9,313,-9.97472,-68.81,5.777694242791446,-5.387787044493739
2012-01-02 19:00:00,6.6,315,-9.97472,-68.81,4.666904755831214,-4.6669047558312124
2012-01-02 20:00:00,7.1,319,-9.97472,-68.81,4.658019105832603,-5.35843801958168
2012-01-02 21:00:00,7.3,340,-9.97472,-68.81,2.4967470462773806,-6.859756131737131
2012-01-02 22:00:00,8.1,347,-9.97472,-68.81,1.8221035401853092,-7.892397524760404
2012-01-02 23:00:00,7.9,344,-9.97472,-68.81,2.1775351109542918,-7.59396739791272
2012-01-03 00:00:00,6.6,347,-9.97472,-68.81,1.4846769586695112,-6.430842427582552
2012-01-03 01:00:00,5.9,346,-9.97472,-68.81,1.4273391840380405,-5.7247447850283795
2012-01-03 02:00:00,6.6,338,-9.97472,-68.81,2.4724035165450213,-6.119413440140796
2012-01-03 03:00:00,6.9,332,-9.97472,-68.81,3.2393537832226467,-6.092338390726596
2012-01-03 04:00:00,6.9,332,-9.97472,-68.81,3.2393537832226467,-6.092338390726596
2012-01-03 05:00:00,6.3,329,-9.97472,-68.81,3.2447398719333433,-5.400153994423306
2012-01-03 06:00:00,5.9,317,-9.97472,-68.81,4.02379032436874,-4.314986839553107
2012-01-03 07:00:00,5.7,325,-9.97472,-68.81,3.2693856872009652,-4.669166652447252
2012-01-03 08:00:00,6.7,324,-9.97472,-68.81,3.9381611903595717,-5.420413862312147
2012-01-03 09:00:00,7.6,329,-9.97472,-68.81,3.914289369316414,-6.514471485336052
2012-01-03 10:00:00,7.9,330,-9.97472,-68.81,3.9500000000000037,-6.841600689897064
2012-01-03 11:00:00,9.1,326,-9.97472,-68.81,5.088655421583794,-7.54424191025088
2012-01-03 12:00:00,8.6,327,-9.97472,-68.81,4.683895701129232,-7.212566884330647
2012-01-03 13:00:00,8.3,326,-9.97472,-68.81,4.6413010988071965,-6.881011852206848
2012-01-03 14:00:00,9.4,320,-9.97472,-68.81,6.042203531053472,-7.200817765318392
2012-01-03 15:00:00,10.7,315,-9.97472,-68.81,7.56604255869606,-7.566042558696056
2012-01-03 16:00:00,9.7,318,-9.97472,-68.81,6.490566881680923,-7.208504807130724
2012-01-03 17:00:00,8.9,313,-9.97472,-68.81,6.509047944410616,-6.069785404556238
2012-01-03 18:00:00,7.4,321,-9.97472,-68.81,4.656970893768801,-5.750880114781583
2012-01-03 19:00:00,7.7,311,-9.97472,-68.81,5.811263767715347,-5.051654523226905
2012-01-03 20:00:00,7.1,336,-9.97472,-68.81,2.887830165838181,-6.486172749262467
2012-01-03 21:00:00,6.9,332,-9.97472,-68.81,3.2393537832226467,-6.092338390726596
2012-01-03 22:00:00,6.9,332,-9.97472,-68.81,3.2393537832226467,-6.092338390726596
2012-01-03 23:00:00,6.6,331,-9.97472,-68.81,3.199743493625823,-5.772490067120012
2012-01-04 00:00:00,7.1,330,-9.97472,-68.81,3.550000000000003,-6.148780366869512
2012-01-04 01:00:00,7.3,327,-9.97472,-68.81,3.9758649556096968,-6.122295146001595
2012-01-04 02:00:00,7.3,327,-9.97472,-68.81,3.9758649556096968,-6.122295146001595
2012-01-04 03:00:00,7.9,330,-9.97472,-68.81,3.9500000000000037,-6.841600689897064
2012-01-04 04:00:00,8.4,329,-9.97472,-68.81,4.326319829244458,-7.200205325897742
2012-01-04 05:00:00,8.2,331,-9.97472,-68.81,3.9754388860199623,-7.171881598543045
2012-01-04 06:00:00,8.2,331,-9.97472,-68.81,3.9754388860199623,-7.171881598543045
2012-01-04 07:00:00,9.0,323,-9.97472,-68.81,5.416335208368435,-7.187719590425635
2012-01-04 08:00:00,8.2,322,-9.97472,-68.81,5.048424097670397,-6.46168817957512
2012-01-04 09:00:00,11.7,317,-9.97472,-68.81,7.979380812731229,-8.556838308944297
2012-01-04 10:00:00,10.0,311,-9.97472,-68.81,7.547095802227722,-6.56059028990507
2012-01-04 11:00:00,11.4,298,-9.97472,-68.81,10.065602558591769,-5.351975815759151
2012-01-04 12:00:00,11.6,296,-9.97472,-68.81,10.426010937070338,-5.0851053027532975
2012-01-04 13:00:00,8.6,303,-9.97472,-68.81,7.2125668843306485,-4.683895701129229
2012-01-04 14:00:00,7.1,315,-9.97472,-68.81,5.020458146424488,-5.0204581464244855
2012-01-04 15:00:00,7.0,325,-9.97472,-68.81,4.015035054457325,-5.734064310022941
2012-01-04 16:00:00,5.9,322,-9.97472,-68.81,3.6324027044213834,-4.64926344627966
2012-01-04 17:00:00,5.6,285,-9.97472,-68.81,5.4091846272187825,-1.4493866525741135
2012-01-04 18:00:00,4.7,261,-9.97472,-68.81,4.6421352007971475,0.7352419856890859
2012-01-04 19:00:00,2.2,9,-9.97472,-68.81,-0.34415582308850795,-2.1729143493093033
2012-01-04 20:00:00,3.3,41,-9.97472,-68.81,-2.1649947956686737,-2.4905416147351476
2012-01-04 21:00:00,4.4,35,-9.97472,-68.81,-2.523736319944603,-3.604268994871564
2012-01-04 22:00:00,4.7,58,-9.97472,-68.81,-3.9858260519352022,-2.490620541896063
2012-01-04 23:00:00,4.8,48,-9.97472,-68.81,-3.5670951622914924,-3.2118269105225195
2012-01-05 00:00:00,4.8,27,-9.97472,-68.81,-2.1791543987498243,-4.276831316104166
2012-01-05 01:00:00,4.7,4,-9.97472,-68.81,-0.3278554265973889,-4.688551036221174
2012-01-05 02:00:00,5.4,352,-9.97472,-68.81,0.7515347451843558,-5.34744757120448
2012-01-05 03:00:00,6.0,343,-9.97472,-68.81,1.7542302283364228,-5.7378285357782115
2012-01-05 04:00:00,5.8,338,-9.97472,-68.81,2.1727182418122917,-5.377666356487366
2012-01-05 05:00:00,4.9,324,-9.97472,-68.81,2.88014773623312,-3.9641832724372423
2012-01-05 06:00:00,4.4,305,-9.97472,-68.81,3.604268994871564,-2.523736319944603
2012-01-05 07:00:00,4.7,302,-9.97472,-68.81,3.985826051935203,-2.490620541896062
2012-01-05 08:00:00,4.3,294,-9.97472,-68.81,3.9282454678631846,-1.7489675652259389
2012-01-05 09:00:00,4.0,297,-9.97472,-68.81,3.564026096753472,-1.8159619989581866
2012-01-05 10:00:00,9.2,301,-9.97472,-68.81,7.8859391664594325,-4.738350289172498
2012-01-05 11:00:00,7.8,304,-9.97472,-68.81,6.466493065929325,-4.361704647071827
2012-01-05 12:00:00,6.9,309,-9.97472,-68.81,5.362307134053099,-4.342310698243879
2012-01-05 13:00:00,7.8,292,-9.97472,-68.81,7.232034065620942,-2.9219314286441134
2012-01-05 14:00:00,9.0,286,-9.97472,-68.81,8.651355263444868,-2.4807362023529946
2012-01-05 15:00:00,7.3,290,-9.97472,-68.81,6.8597561317371305,-2.4967470462773838
2012-01-05 16:00:00,5.9,313,-9.97472,-68.81,4.3149868395531055,-4.023790324368742
2012-01-05 17:00:00,6.1,310,-9.97472,-68.81,4.672871103025766,-3.921004419087889
2012-01-05 18:00:00,6.4,322,-9.97472,-68.81,3.9402334420842124,-5.043268823083022
2012-01-05 19:00:00,10.2,312,-9.97472,-68.81,7.580077219869424,-6.825132184860349
2012-01-05 20:00:00,9.2,309,-9.97472,-68.81,7.1497428454041305,-5.789747597658504
2012-01-05 21:00:00,7.9,309,-9.97472,-68.81,6.13945309551007,-4.971631089293717
2012-01-05 22:00:00,6.9,313,-9.97472,-68.81,5.046340541172276,-4.705788684431241
2012-01-05 23:00:00,6.4,297,-9.97472,-68.81,5.702441754805555,-2.9055391983330985
2012-01-06 00:00:00,6.0,295,-9.97472,-68.81,5.437846722219899,-2.5357095704441974
2012-01-06 01:00:00,6.0,303,-9.97472,-68.81,5.032023407672545,-3.26783421009016
2012-01-06 02:00:00,6.7,306,-9.97472,-68.81,5.420413862312149,-3.9381611903595686
2012-01-06 03:00:00,6.0,303,-9.97472,-68.81,5.032023407672545,-3.26783421009016
2012-01-06 04:00:00,6.1,310,-9.97472,-68.81,4.672871103025766,-3.921004419087889
2012-01-06 05:00:00,6.1,315,-9.97472,-68.81,4.31335136523794,-4.3133513652379385
2012-01-06 06:00:00,5.1,315,-9.97472,-68.81,3.606244584051393,-3.606244584051391
2012-01-06 07:00:00,5.9,317,-9.97472,-68.81,4.02379032436874,-4.314986839553107
2012-01-06 08:00:00,6.9,313,-9.97472,-68.81,5.046340541172276,-4.705788684431241
2012-01-06 09:00:00,9.3,306,-9.97472,-68.81,7.523858047687013,-5.4664028463199985
2012-01-06 10:00:00,10.7,303,-9.97472,-68.81,8.97377507701604,-5.827637674660784
2012-01-06 11:00:00,10.8,300,-9.97472,-68.81,9.353074360871938,-5.400000000000001
2012-01-06 12:00:00,9.9,303,-9.97472,-68.81,8.302838622659701,-5.391926446648764
2012-01-06 13:00:00,9.2,312,-9.97472,-68.81,6.836932394392029,-6.156001578501491
2012-01-06 14:00:00,6.9,321,-9.97472,-68.81,4.342310698243882,-5.362307134053097
2012-01-06 15:00:00,5.2,326,-9.97472,-68.81,2.907803098047882,-4.3109953772862175
2012-01-06 16:00:00,2.4,207,-9.97472,-68.81,1.089577199374912,2.138415658052083
2012-01-06 17:00:00,2.2,261,-9.97472,-68.81,2.172914349309303,0.3441558230885083
2012-01-06 18:00:00,2.3,309,-9.97472,-68.81,1.7874357113510326,-1.447436899414626
2012-01-06 19:00:00,8.3,342,-9.97472,-68.81,2.5648410533120654,-7.893769085249775
2012-01-06 20:00:00,7.3,340,-9.97472,-68.81,2.4967470462773806,-6.859756131737131
2012-01-06 21:00:00,6.2,353,-9.97472,-68.81,0.7555899291119128,-6.153786140176197
2012-01-06 22:00:00,6.2,353,-9.97472,-68.81,0.7555899291119128,-6.153786140176197
2012-01-06 23:00:00,7.4,346,-9.97472,-68.81,1.7902220274375422,-7.180188374442374
2012-01-07 00:00:00,7.4,337,-9.97472,-68.81,2.891410350820627,-6.811735915548058
2012-01-07 01:00:00,6.6,319,-9.97472,-68.81,4.329989591337348,-4.981083229470294
2012-01-07 02:00:00,6.6,319,-9.97472,-68.81,4.329989591337348,-4.981083229470294
2012-01-07 03:00:00,5.9,322,-9.97472,-68.81,3.6324027044213834,-4.64926344627966
2012-01-07 04:00:00,4.6,315,-9.97472,-68.81,3.2526911934581193,-3.2526911934581175
2012-01-07 05:00:00,5.4,307,-9.97472,-68.81,4.312631754255383,-3.249801125021059
2012-01-07 06:00:00,5.4,307,-9.97472,-68.81,4.312631754255383,-3.249801125021059
2012-01-07 07:00:00,6.4,313,-9.97472,-68.81,4.680663690362691,-4.364789504399991
2012-01-07 08:00:00,6.0,303,-9.97472,-68.81,5.032023407672545,-3.26783421009016
2012-01-07 09:00:00,4.7,302,-9.97472,-68.81,3.985826051935203,-2.490620541896062
2012-01-07 10:00:00,6.4,308,-9.97472,-68.81,5.04326882308302,-3.9402334420842147
2012-01-07 11:00:00,5.1,315,-9.97472,-68.81,3.606244584051393,-3.606244584051391
2012-01-07 12:00:00,7.1,319,-9.97472,-68.81,4.658019105832603,-5.35843801958168
2012-01-07 13:00:00,7.0,325,-9.97472,-68.81,4.015035054457325,-5.734064310022941
2012-01-07 14:00:00,4.3,318,-9.97472,-68.81,2.87726160734309,-3.195522749552795
2012-01-07 15:00:00,4.9,306,-9.97472,-68.81,3.964183272437243,-2.8801477362331176
2012-01-07 16:00:00,6.3,283,-9.97472,-68.81,6.1385314081469815,-1.4171916423663489
2012-01-07 17:00:00,6.8,273,-9.97472,-68.81,6.790680836331102,-0.3558845024520188
2012-01-07 18:00:00,6.2,260,-9.97472,-68.81,6.10580806867569,1.0766187015349682
2012-01-07 19:00:00,5.9,232,-9.97472,-68.81,4.649263446279661,3.632402704421383
2012-01-07 20:00:00,3.5,156,-9.97472,-68.81,-1.4235782507653014,3.197409101749103
2012-01-07 21:00:00,5.8,176,-9.97472,-68.81,-0.40458754771592803,5.78587149150698
2012-01-07 22:00:00,4.1,165,-9.97472,-68.81,-1.0611580849203361,3.9602958877851795
2012-01-07 23:00:00,3.6,180,-9.97472,-68.81,-4.4087284769304716e-16,3.6
2012-01-08 00:00:00,2.4,297,-9.97472,-68.81,2.1384156580520832,-1.089577199374912
2012-01-08 01:00:00,2.8,320,-9.97472,-68.81,1.7998053071223108,-2.1449244407331376
2012-01-08 02:00:00,2.8,310,-9.97472,-68.81,2.1449244407331385,-1.7998053071223097
2012-01-08 03:00:00,3.4,328,-9.97472,-68.81,1.801725498392897,-2.883363526931848
2012-01-08 04:00:00,3.3,319,-9.97472,-68.81,2.164994795668674,-2.490541614735147
2012-01-08 05:00:00,3.4,302,-9.97472,-68.81,2.883363526931849,-1.8017254983928959
2012-01-08 06:00:00,3.1,339,-9.97472,-68.81,1.1109406435904323,-2.894099322141325
2012-01-08 07:00:00,1.6,207,-9.97472,-68.81,0.7263847995832747,1.4256104387013888
2012-01-08 08:00:00,0.4,270,-9.97472,-68.81,0.4,7.347880794884119e-17
2012-01-08 09:00:00,2.4,333,-9.97472,-68.81,1.0895771993749126,-2.138415658052083
2012-01-08 10:00:00,4.6,321,-9.97472,-68.81,2.894873798829254,-3.5748714227020644
2012-01-08 11:00:00,6.4,308,-9.97472,-68.81,5.04326882308302,-3.9402334420842147
2012-01-08 12:00:00,7.1,300,-9.97472,-68.81,6.148780366869514,-3.5500000000000007
2012-01-08 13:00:00,6.4,297,-9.97472,-68.81,5.702441754805555,-2.9055391983330985
2012-01-08 14:00:00,6.6,299,-9.97472,-68.81,5.772490067120011,-3.1997434936258258
2012-01-08 15:00:00,6.3,294,-9.97472,-68.81,5.755336383148387,-2.5624408513775383
2012-01-08 16:00:00,6.2,306,-9.97472,-68.81,5.015905365124675,-3.6442685642133323
2012-01-08 17:00:00,4.3,294,-9.97472,-68.81,3.9282454678631846,-1.7489675652259389
2012-01-08 18:00:00,3.1,324,-9.97472,-68.81,1.8221342821066675,-2.507952682562337
2012-01-08 19:00:00,2.1,329,-9.97472,-68.81,1.0815799573111144,-1.8000513314744355
2012-01-08 20:00:00,2.7,23,-9.97472,-68.81,-1.0549740469210394,-2.485363104321589
2012-01-08 21:00:00,5.9,346,-9.97472,-68.81,1.4273391840380405,-5.7247447850283795
2012-01-08 22:00:00,7.1,336,-9.97472,-68.81,2.887830165838181,-6.486172749262467
2012-01-08 23:00:00,7.2,323,-9.97472,-68.81,4.333068166694748,-5.750175672340508
2012-01-09 00:00:00,7.3,327,-9.97472,-68.81,3.9758649556096968,-6.122295146001595
2012-01-09 01:00:00,7.5,325,-9.97472,-68.81,4.3018232726328485,-6.143640332167437
2012-01-09 02:00:00,7.1,330,-9.97472,-68.81,3.550000000000003,-6.148780366869512
2012-01-09 03:00:00,7.2,323,-9.97472,-68.81,4.333068166694748,-5.750175672340508
2012-01-09 04:00:00,7.1,319,-9.97472,-68.81,4.658019105832603,-5.35843801958168
2012-01-09 05:00:00,7.1,319,-9.97472,-68.81,4.658019105832603,-5.35843801958168
2012-01-09 06:00:00,7.4,317,-9.97472,-68.81,5.0467878644624875,-5.4120173919818635
2012-01-09 07:00:00,8.1,315,-9.97472,-68.81,5.727564927611036,-5.727564927611033
2012-01-09 08:00:00,9.2,321,-9.97472,-68.81,5.789747597658508,-7.149742845404129
2012-01-09 09:00:00,10.2,318,-9.97472,-68.81,6.825132184860353,-7.580077219869421
2012-01-09 10:00:00,12.2,313,-9.97472,-68.81,8.922515159753878,-8.320379992762483
2012-01-09 11:00:00,13.4,306,-9.97472,-68.81,10.840827724624297,-7.876322380719137
2012-01-09 12:00:00,13.8,303,-9.97472,-68.81,11.573653837646855,-7.516018683207368
2012-01-09 13:00:00,11.0,311,-9.97472,-68.81,8.301805382450494,-7.216649318895578
2012-01-09 14:00:00,10.0,311,-9.97472,-68.81,7.547095802227722,-6.56059028990507
2012-01-09 15:00:00,9.7,315,-9.97472,-68.81,6.858935777509512,-6.858935777509509
2012-01-09 16:00:00,10.2,315,-9.97472,-68.81,7.212489168102786,-7.212489168102782
2012-01-09 17:00:00,11.2,318,-9.97472,-68.81,7.49426279121921,-8.323222045346816
2012-01-09 18:00:00,10.6,325,-9.97472,-68.81,6.079910225321092,-8.68301166946331
2012-01-09 19:00:00,8.9,310,-9.97472,-68.81,6.817795543758906,-5.7208097262102
2012-01-09 20:00:00,8.2,308,-9.97472,-68.81,6.461688179575118,-5.0484240976704
2012-01-09 21:00:00,7.9,330,-9.97472,-68.81,3.9500000000000037,-6.841600689897064
2012-01-09 22:00:00,8.1,347,-9.97472,-68.81,1.8221035401853092,-7.892397524760404
2012-01-09 23:00:00,8.9,346,-9.97472,-68.81,2.153104870837044,-8.635631963856369
2012-01-10 00:00:00,9.3,347,-9.97472,-68.81,2.092044805397948,-9.061641602502688
2012-01-10 01:00:00,9.5,349,-9.97472,-68.81,1.8126854560771744,-9.325458242752807
2012-01-10 02:00:00,9.8,343,-9.97472,-68.81,2.8652427062828245,-9.371786608437747
2012-01-10 03:00:00,10.2,342,-9.97472,-68.81,3.1519733426244656,-9.700776466210565
2012-01-10 04:00:00,10.8,334,-9.97472,-68.81,4.73440838532204,-9.706975700031002
2012-01-10 05:00:00,10.8,330,-9.97472,-68.81,5.400000000000005,-9.353074360871934
2012-01-10 06:00:00,10.2,328,-9.97472,-68.81,5.405176495178691,-8.650090580795544
2012-01-10 07:00:00,8.7,343,-9.97472,-68.81,2.543633831087813,-8.319851376878407
2012-01-10 08:00:00,8.8,348,-9.97472,-68.81,1.829622879196287,-8.60769888645749
2012-01-10 09:00:00,7.9,344,-9.97472,-68.81,2.1775351109542918,-7.59396739791272
2012-01-10 10:00:00,8.7,336,-9.97472,-68.81,3.538608794759461,-7.947845481490628
2012-01-10 11:00:00,10.9,326,-9.97472,-68.81,6.095202647831138,-9.036509540849956
2012-01-10 12:00:00,14.0,316,-9.97472,-68.81,9.725217186425967,-10.070757204741112
2012-01-10 13:00:00,12.7,315,-9.97472,-68.81,8.980256121069155,-8.98025612106915
2012-01-10 14:00:00,11.5,316,-9.97472,-68.81,7.988571260278472,-8.272407703894485
2012-01-10 15:00:00,11.7,317,-9.97472,-68.81,7.979380812731229,-8.556838308944297
2012-01-10 16:00:00,11.7,317,-9.97472,-68.81,7.979380812731229,-8.556838308944297
2012-01-10 17:00:00,10.9,314,-9.97472,-68.81,7.8408038236912985,-7.57177623800307
2012-01-10 18:00:00,9.9,316,-9.97472,-68.81,6.877117867544077,-7.121464023352644
2012-01-10 19:00:00,7.9,321,-9.97472,-68.81,4.971631089293719,-6.139453095510068
2012-01-10 20:00:00,9.2,329,-9.97472,-68.81,4.738350289172501,-7.885939166459431
2012-01-10 21:00:00,9.5,349,-9.97472,-68.81,1.8126854560771744,-9.325458242752807
2012-01-10 22:00:00,9.0,360,-9.97472,-68.81,2.204364238465236e-15,-9.0
2012-01-10 23:00:00,9.7,4,-9.97472,-68.81,-0.6766377953180154,-9.676371287520293
2012-01-11 00:00:00,9.7,4,-9.97472,-68.81,-0.6766377953180154,-9.676371287520293
2012-01-11 01:00:00,10.1,360,-9.97472,-68.81,2.4737865342776532e-15,-10.1
2012-01-11 02:00:00,10.1,358,-9.97472,-68.81,0.35248491669525833,-10.093847352892867
2012-01-11 03:00:00,8.8,351,-9.97472,-68.81,1.376623292354034,-8.691657397237211
2012-01-11 04:00:00,8.3,342,-9.97472,-68.81,2.5648410533120654,-7.893769085249775
2012-01-11 05:00:00,7.5,343,-9.97472,-68.81,2.1927877854205287,-7.172285669722765
2012-01-11 06:00:00,7.9,360,-9.97472,-68.81,1.934941942652818e-15,-7.9
2012-01-11 07:00:00,9.8,6,-9.97472,-68.81,-1.0243789400230041,-9.746314574609078
2012-01-11 08:00:00,9.0,360,-9.97472,-68.81,2.204364238465236e-15,-9.0
2012-01-11 09:00:00,8.3,2,-9.97472,-68.81,-0.2896658226307581,-8.294943864258496
2012-01-11 10:00:00,9.7,4,-9.97472,-68.81,-0.6766377953180154,-9.676371287520293
2012-01-11 11:00:00,10.8,356,-9.97472,-68.81,0.7533699164365569,-10.773691742806102
2012-01-11 12:00:00,10.9,351,-9.97472,-68.81,1.7051356689385193,-10.765802912487
2012-01-11 13:00:00,10.2,352,-9.97472,-68.81,1.419565629792672,-10.100734301164016
2012-01-11 14:00:00,9.5,349,-9.97472,-68.81,1.8126854560771744,-9.325458242752807
2012-01-11 15:00:00,11.4,349,-9.97472,-68.81,2.175222547292609,-11.19054989130337
2012-01-11 16:00:00,10.5,329,-9.97472,-68.81,5.407899786555572,-9.000256657372177
2012-01-11 17:00:00,6.1,332,-9.97472,-68.81,2.8637765329939335,-5.385980316439453
2012-01-11 18:00:00,4.7,4,-9.97472,-68.81,-0.3278554265973889,-4.688551036221174
2012-01-11 19:00:00,5.4,360,-9.97472,-68.81,1.3226185430791415e-15,-5.4
2012-01-11 20:00:00,6.3,13,-9.97472,-68.81,-1.4171916423663495,-6.1385314081469815
2012-01-11 21:00:00,7.4,14,-9.97472,-68.81,-1.7902220274375413,-7.180188374442374
2012-01-11 22:00:00,6.5,3,-9.97472,-68.81,-0.3401837155791349,-6.49109197590473
2012-01-11 23:00:00,7.2,357,-9.97472,-68.81,0.37681888494919946,-7.190132650232932
2012-01-12 00:00:00,9.0,360,-9.97472,-68.81,2.204364238465236e-15,-9.0
2012-01-12 01:00:00,8.7,5,-9.97472,-68.81,-0.7582549619046259,-8.666893873398186
2012-01-12 02:00:00,8.3,358,-9.97472,-68.81,0.28966582263075685,-8.294943864258496
2012-01-12 03:00:00,8.3,360,-9.97472,-68.81,2.0329136865846065e-15,-8.3
2012-01-12 04:00:00,7.6,357,-9.97472,-68.81,0.3977532674463772,-7.589584464134761
2012-01-12 05:00:00,7.2,357,-9.97472,-68.81,0.37681888494919946,-7.190132650232932
2012-01-12 06:00:00,7.2,360,-9.97472,-68.81,1.7634913907721887e-15,-7.2
2012-01-12 07:00:00,6.2,353,-9.97472,-68.81,0.7555899291119128,-6.153786140176197
2012-01-12 08:00:00,6.8,342,-9.97472,-68.81,2.1013155617496437,-6.467184310807044
2012-01-12 09:00:00,6.2,350,-9.97472,-68.81,1.0766187015349684,-6.10580806867569
2012-01-12 10:00:00,8.3,358,-9.97472,-68.81,0.28966582263075685,-8.294943864258496
2012-01-12 11:00:00,10.8,360,-9.97472,-68.81,2.645237086158283e-15,-10.8
2012-01-12 12:00:00,11.9,358,-9.97472,-68.81,0.4153040107597598,-11.89275084152724
2012-01-12 13:00:00,11.9,358,-9.97472,-68.81,0.4153040107597598,-11.89275084152724
2012-01-12 14:00:00,10.8,356,-9.97472,-68.81,0.7533699164365569,-10.773691742806102
2012-01-12 15:00:00,10.0,345,-9.97472,-68.81,2.588190451025207,-9.659258262890683
2012-01-12 16:00:00,8.6,345,-9.97472,-68.81,2.225843787881678,-8.306962106085987
2012-01-12 17:00:00,5.9,346,-9.97472,-68.81,1.4273391840380405,-5.7247447850283795
2012-01-12 18:00:00,7.2,6,-9.97472,-68.81,-0.7526049355271051,-7.160557646651568
2012-01-12 19:00:00,7.6,341,-9.97472,-68.81,2.474317973874391,-7.185941174554808
2012-01-12 20:00:00,6.5,3,-9.97472,-68.81,-0.3401837155791349,-6.49109197590473
2012-01-12 21:00:00,5.2,16,-9.97472,-68.81,-1.4333142502483958,-4.998560818879258
2012-01-12 22:00:00,4.8,13,-9.97472,-68.81,-1.079765060850552,-4.676976310969129
2012-01-12 23:00:00,6.4,16,-9.97472,-68.81,-1.7640790772287946,-6.1520748540052415
2012-01-13 00:00:00,6.0,25,-9.97472,-68.81,-2.5357095704441965,-5.437846722219899
2012-01-13 01:00:00,7.3,11,-9.97472,-68.81,-1.392905666248777,-7.165878439167947
2012-01-13 02:00:00,7.6,8,-9.97472,-68.81,-1.0577155672964973,-7.5260373224359345
2012-01-13 03:00:00,6.8,360,-9.97472,-68.81,1.6655196468404002e-15,-6.8
2012-01-13 04:00:00,6.9,351,-9.97472,-68.81,1.0793978087775948,-6.81504955010645
2012-01-13 05:00:00,7.2,354,-9.97472,-68.81,0.7526049355271046,-7.160557646651568
2012-01-13 06:00:00,6.9,354,-9.97472,-68.81,0.7212463965468086,-6.862201078041086
2012-01-13 07:00:00,7.8,13,-9.97472,-68.81,-1.754618223882147,-7.6000865053248345
2012-01-13 08:00:00,6.3,13,-9.97472,-68.81,-1.4171916423663495,-6.1385314081469815
2012-01-13 09:00:00,4.7,356,-9.97472,-68.81,0.3278554265973905,-4.688551036221174
2012-01-13 10:00:00,3.6,307,-9.97472,-68.81,2.875087836170255,-2.1665340833473725
2012-01-13 11:00:00,3.8,311,-9.97472,-68.81,2.8678964048465345,-2.4930243101639267
2012-01-13 12:00:00,5.6,315,-9.97472,-68.81,3.9597979746446668,-3.959797974644665
2012-01-13 13:00:00,5.9,308,-9.97472,-68.81,4.649263446279659,-3.6324027044213856
2012-01-13 14:00:00,6.0,287,-9.97472,-68.81,5.737828535778212,-1.7542302283364202
2012-01-13 15:00:00,6.5,273,-9.97472,-68.81,6.49109197590473,-0.3401837155791356
2012-01-13 16:00:00,5.1,231,-9.97472,-68.81,3.96344440343055,3.2095339943541727
2012-01-13 17:00:00,8.7,225,-9.97472,-68.81,6.151828996322962,6.151828996322965
2012-01-13 18:00:00,5.0,240,-9.97472,-68.81,4.330127018922192,2.500000000000002
2012-01-13 19:00:00,5.6,153,-9.97472,-68.81,-2.542346798541462,4.989636535454859
2012-01-13 20:00:00,4.8,103,-9.97472,-68.81,-4.676976310969129,1.079765060850552
2012-01-13 21:00:00,6.3,77,-9.97472,-68.81,-6.1385314081469815,-1.4171916423663489
2012-01-13 22:00:00,5.4,70,-9.97472,-68.81,-5.074340152243905,-1.8469087739586119
2012-01-13 23:00:00,4.1,45,-9.97472,-68.81,-2.8991378028648445,-2.899137802864845
2012-01-14 00:00:00,3.6,37,-9.97472,-68.81,-2.166534083347374,-2.875087836170254
2012-01-14 01:00:00,4.1,52,-9.97472,-68.81,-3.23084408978756,-2.524212048835199
2012-01-14 02:00:00,4.3,42,-9.97472,-68.81,-2.8772616073430903,-3.195522749552795
2012-01-14 03:00:00,4.2,20,-9.97472,-68.81,-1.4364846019678086,-3.9467090073008158
2012-01-14 04:00:00,3.2,90,-9.97472,-68.81,-3.2,-1.9594348786357652e-16
2012-01-14 05:00:00,3.3,131,-9.97472,-68.81,-2.490541614735148,2.1649947956686737
2012-01-14 06:00:00,4.5,119,-9.97472,-68.81,-3.9357886821272814,2.1816432911085166
2012-01-14 07:00:00,3.6,135,-9.97472,-68.81,-2.5455844122715714,2.545584412271571
2012-01-14 08:00:00,1.8,127,-9.97472,-68.81,-1.4375439180851268,1.0832670416736871
2012-01-14 09:00:00,1.9,202,-9.97472,-68.81,0.7117525274902328,1.761649323676896
2012-01-14 10:00:00,1.5,315,-9.97472,-68.81,1.0606601717798214,-1.060660171779821
2012-01-14 11:00:00,2.4,333,-9.97472,-68.81,1.0895771993749126,-2.138415658052083
2012-01-14 12:00:00,0.8,297,-9.97472,-68.81,0.7128052193506944,-0.3631923997916373
2012-01-14 13:00:00,0.8,117,-9.97472,-68.81,-0.7128052193506944,0.36319239979163737
2012-01-14 14:00:00,0.4,90,-9.97472,-68.81,-0.4,-2.4492935982947065e-17
2012-01-14 15:00:00,3.2,297,-9.97472,-68.81,2.8512208774027776,-1.4527695991665492
2012-01-14 16:00:00,3.9,304,-9.97472,-68.81,3.2332465329646625,-2.1808523235359134
2012-01-14 17:00:00,3.3,347,-9.97472,-68.81,0.7423384793347556,-3.215421213791276
2012-01-14 18:00:00,2.9,353,-9.97472,-68.81,0.3534210958749269,-2.878383839759834
2012-01-14 19:00:00,3.7,11,-9.97472,-68.81,-0.7059932828932158,-3.632020578756357
2012-01-14 20:00:00,2.6,304,-9.97472,-68.81,2.1554976886431083,-1.4539015490239422
2012-01-14 21:00:00,3.8,287,-9.97472,-68.81,3.6339580726595346,-1.1110124779463995
2012-01-14 22:00:00,4.7,302,-9.97472,-68.81,3.985826051935203,-2.490620541896062
2012-01-14 23:00:00,5.1,309,-9.97472,-68.81,3.9634444034305507,-3.209533994354171
2012-01-15 00:00:00,5.4,307,-9.97472,-68.81,4.312631754255383,-3.249801125021059
2012-01-15 01:00:00,5.2,304,-9.97472,-68.81,4.310995377286217,-2.9078030980478844
2012-01-15 02:00:00,4.5,284,-9.97472,-68.81,4.366330768241984,-1.0886485301985036
2012-01-15 03:00:00,4.2,290,-9.97472,-68.81,3.9467090073008153,-1.43648460196781
2012-01-15 04:00:00,4.8,283,-9.97472,-68.81,4.676976310969129,-1.0797650608505516
2012-01-15 05:00:00,5.2,282,-9.97472,-68.81,5.086367523815789,-1.081140792252349
2012-01-15 06:00:00,6.2,280,-9.97472,-68.81,6.105808068675691,-1.0766187015349657
2012-01-15 07:00:00,6.4,297,-9.97472,-68.81,5.702441754805555,-2.9055391983330985
2012-01-15 08:00:00,6.5,304,-9.97472,-68.81,5.38874422160777,-3.6347538725598554
2012-01-15 09:00:00,7.0,291,-9.97472,-68.81,6.535062985480412,-2.5085756468171025
2012-01-15 10:00:00,7.9,300,-9.97472,-68.81,6.841600689897065,-3.950000000000001
2012-01-15 11:00:00,9.1,304,-9.97472,-68.81,7.544241910250879,-5.088655421583797
2012-01-15 12:00:00,8.5,298,-9.97472,-68.81,7.505054539300881,-3.9905082836800685
2012-01-15 13:00:00,7.9,294,-9.97472,-68.81,7.217009115376549,-3.213219480298818
2012-01-15 14:00:00,8.1,302,-9.97472,-68.81,6.869189578867052,-4.292346040288957
2012-01-15 15:00:00,9.5,307,-9.97472,-68.81,7.587037345449284,-5.717242719944456
2012-01-15 16:00:00,9.8,306,-9.97472,-68.81,7.928366544874486,-5.760295472466235
2012-01-15 17:00:00,10.4,304,-9.97472,-68.81,8.621990754572433,-5.815606196095769
2012-01-15 18:00:00,9.2,301,-9.97472,-68.81,7.8859391664594325,-4.738350289172498
2012-01-15 19:00:00,6.4,317,-9.97472,-68.81,4.364789504399989,-4.680663690362692
2012-01-15 20:00:00,5.2,335,-9.97472,-68.81,2.1976149610516362,-4.71280049259058
2012-01-15 21:00:00,6.4,333,-9.97472,-68.81,2.9055391983331007,-5.702441754805554
2012-01-15 22:00:00,6.9,332,-9.97472,-68.81,3.2393537832226467,-6.092338390726596
2012-01-15 23:00:00,7.6,335,-9.97472,-68.81,3.211898789229314,-6.88793918147854
2012-01-16 00:00:00,7.3,351,-9.97472,-68.81,1.141971594793687,-7.210124886344505
2012-01-16 01:00:00,7.6,355,-9.97472,-68.81,0.6623836448822031,-7.571079705497266
2012-01-16 02:00:00,8.3,355,-9.97472,-68.81,0.7233926648055641,-8.268415994161488
2012-01-16 03:00:00,8.6,358,-9.97472,-68.81,0.30013567164150706,-8.594761112364223
2012-01-16 04:00:00,8.7,355,-9.97472,-68.81,0.7582549619046273,-8.666893873398186
2012-01-16 05:00:00,8.4,350,-9.97472,-68.81,1.4586446924022154,-8.272385125302547
2012-01-16 06:00:00,8.1,347,-9.97472,-68.81,1.8221035401853092,-7.892397524760404
2012-01-16 07:00:00,7.6,341,-9.97472,-68.81,2.474317973874391,-7.185941174554808
2012-01-16 08:00:00,6.6,347,-9.97472,-68.81,1.4846769586695112,-6.430842427582552
2012-01-16 09:00:00,5.9,346,-9.97472,-68.81,1.4273391840380405,-5.7247447850283795
2012-01-16 10:00:00,7.0,339,-9.97472,-68.81,2.508575646817105,-6.535062985480411
2012-01-16 11:00:00,8.4,335,-9.97472,-68.81,3.5499933986218735,-7.612985411107861
2012-01-16 12:00:00,9.5,331,-9.97472,-68.81,4.6056913923402005,-8.30888721782426
2012-01-16 13:00:00,8.9,328,-9.97472,-68.81,4.716281451675525,-7.547628055792192
2012-01-16 14:00:00,8.8,325,-9.97472,-68.81,5.047472639889209,-7.208537989743126
2012-01-16 15:00:00,7.4,309,-9.97472,-68.81,5.750880114781584,-4.656970893768798
2012-01-16 16:00:00,7.9,300,-9.97472,-68.81,6.841600689897065,-3.950000000000001
2012-01-16 17:00:00,7.7,311,-9.97472,-68.81,5.811263767715347,-5.051654523226905
2012-01-16 18:00:00,5.8,338,-9.97472,-68.81,2.1727182418122917,-5.377666356487366
2012-01-16 19:00:00,6.4,313,-9.97472,-68.81,4.680663690362691,-4.364789504399991
2012-01-16 20:00:00,6.8,288,-9.97472,-68.81,6.467184310807045,-2.101315561749641
2012-01-16 21:00:00,5.9,308,-9.97472,-68.81,4.649263446279659,-3.6324027044213856
2012-01-16 22:00:00,6.4,317,-9.97472,-68.81,4.364789504399989,-4.680663690362692
2012-01-16 23:00:00,6.6,331,-9.97472,-68.81,3.199743493625823,-5.772490067120012
2012-01-17 00:00:00,6.3,347,-9.97472,-68.81,1.4171916423663515,-6.1385314081469815
2012-01-17 01:00:00,6.9,6,-9.97472,-68.81,-0.721246396546809,-6.862201078041086
2012-01-17 02:00:00,7.9,3,-9.97472,-68.81,-0.4134540543192563,-7.889173324561134
2012-01-17 03:00:00,8.0,5,-9.97472,-68.81,-0.6972459419812653,-7.969557584733964
2012-01-17 04:00:00,8.0,10,-9.97472,-68.81,-1.3891854213354426,-7.878462024097664
2012-01-17 05:00:00,8.6,2,-9.97472,-68.81,-0.30013567164150834,-8.594761112364223
2012-01-17 06:00:00,8.4,353,-9.97472,-68.81,1.0237024846032368,-8.337387673787106
2012-01-17 07:00:00,8.4,340,-9.97472,-68.81,2.8729692039356163,-7.8934180146016315
2012-01-17 08:00:00,7.8,338,-9.97472,-68.81,2.921931428644116,-7.232034065620941
2012-01-17 09:00:00,6.8,342,-9.97472,-68.81,2.1013155617496437,-6.467184310807044
2012-01-17 10:00:00,8.2,337,-9.97472,-68.81,3.2039952536120455,-7.548139798310009
2012-01-17 11:00:00,8.8,325,-9.97472,-68.81,5.047472639889209,-7.208537989743126
2012-01-17 12:00:00,7.9,317,-9.97472,-68.81,5.387787044493736,-5.777694242791449
2012-01-17 13:00:00,8.2,322,-9.97472,-68.81,5.048424097670397,-6.46168817957512
2012-01-17 14:00:00,5.4,323,-9.97472,-68.81,3.2498011250210608,-4.312631754255381
2012-01-17 15:00:00,9.4,302,-9.97472,-68.81,7.971652103870406,-4.981241083792124
2012-01-17 16:00:00,5.4,312,-9.97472,-68.81,4.012982057577931,-3.6133052743378324
2012-01-17 17:00:00,6.5,326,-9.97472,-68.81,3.6347538725598527,-5.388744221607772
2012-01-17 18:00:00,7.6,315,-9.97472,-68.81,5.374011537017762,-5.3740115370177595
2012-01-17 19:00:00,4.0,265,-9.97472,-68.81,3.984778792366982,0.348622970990633
2012-01-17 20:00:00,0.5,135,-9.97472,-68.81,-0.3535533905932738,0.35355339059327373
2012-01-17 21:00:00,6.6,351,-9.97472,-68.81,1.0324674692655254,-6.5187430479279085
2012-01-17 22:00:00,7.5,343,-9.97472,-68.81,2.1927877854205287,-7.172285669722765
2012-01-17 23:00:00,7.8,347,-9.97472,-68.81,1.7546182238821495,-7.600086505324834
2012-01-18 00:00:00,7.7,349,-9.97472,-68.81,1.469229264399394,-7.558529312547013
2012-01-18 01:00:00,7.2,342,-9.97472,-68.81,2.224922359499623,-6.8476069173251055
2012-01-18 02:00:00,7.7,332,-9.97472,-68.81,3.6149310334513594,-6.798696465013737
2012-01-18 03:00:00,8.4,335,-9.97472,-68.81,3.5499933986218735,-7.612985411107861
2012-01-18 04:00:00,8.7,330,-9.97472,-68.81,4.350000000000003,-7.534421012924613
2012-01-18 05:00:00,8.1,328,-9.97472,-68.81,4.292346040288961,-6.86918957886705
2012-01-18 06:00:00,7.6,329,-9.97472,-68.81,3.914289369316414,-6.514471485336052
2012-01-18 07:00:00,7.4,309,-9.97472,-68.81,5.750880114781584,-4.656970893768798
2012-01-18 08:00:00,7.4,313,-9.97472,-68.81,5.412017391981861,-5.04678786446249
2012-01-18 09:00:00,8.4,313,-9.97472,-68.81,6.143371093601031,-5.728786224524988
2012-01-18 10:00:00,8.4,313,-9.97472,-68.81,6.143371093601031,-5.728786224524988
2012-01-18 11:00:00,10.0,311,-9.97472,-68.81,7.547095802227722,-6.56059028990507
2012-01-18 12:00:00,10.5,311,-9.97472,-68.81,7.924450592339109,-6.888619804400324
2012-01-18 13:00:00,10.2,312,-9.97472,-68.81,7.580077219869424,-6.825132184860349
2012-01-18 14:00:00,10.0,311,-9.97472,-68.81,7.547095802227722,-6.56059028990507
2012-01-18 15:00:00,8.7,315,-9.97472,-68.81,6.151828996322965,-6.151828996322961
2012-01-18 16:00:00,8.9,310,-9.97472,-68.81,6.817795543758906,-5.7208097262102
2012-01-18 17:00:00,6.1,298,-9.97472,-68.81,5.385980316439455,-2.8637765329939313
2012-01-18 18:00:00,6.7,306,-9.97472,-68.81,5.420413862312149,-3.9381611903595686
2012-01-18 19:00:00,6.0,327,-9.97472,-68.81,3.267834210090162,-5.032023407672544
2012-01-18 20:00:00,5.4,340,-9.97472,-68.81,1.8469087739586105,-5.074340152243906
2012-01-18 21:00:00,5.2,16,-9.97472,-68.81,-1.4333142502483958,-4.998560818879258
2012-01-18 22:00:00,5.8,353,-9.97472,-68.81,0.7068421917498539,-5.756767679519668
2012-01-18 23:00:00,7.4,14,-9.97472,-68.81,-1.7902220274375413,-7.180188374442374
2012-01-19 00:00:00,7.8,13,-9.97472,-68.81,-1.754618223882147,-7.6000865053248345
2012-01-19 01:00:00,9.5,11,-9.97472,-68.81,-1.8126854560771757,-9.325458242752807
2012-01-19 02:00:00,10.1,6,-9.97472,-68.81,-1.0557374790033,-10.04467114321956
2012-01-19 03:00:00,9.7,358,-9.97472,-68.81,0.33852511801425794,-9.694091022085228
2012-01-19 04:00:00,8.8,348,-9.97472,-68.81,1.829622879196287,-8.60769888645749
2012-01-19 05:00:00,8.5,332,-9.97472,-68.81,3.990508283680072,-7.505054539300878
2012-01-19 06:00:00,6.6,315,-9.97472,-68.81,4.666904755831214,-4.6669047558312124
2012-01-19 07:00:00,6.3,301,-9.97472,-68.81,5.400153994423308,-3.244739871933341
2012-01-19 08:00:00,7.3,303,-9.97472,-68.81,6.122295146001597,-3.9758649556096946
2012-01-19 09:00:00,6.5,273,-9.97472,-68.81,6.49109197590473,-0.3401837155791356
2012-01-19 10:00:00,6.5,276,-9.97472,-68.81,6.464392319893777,-0.6794350112397444
2012-01-19 11:00:00,6.3,283,-9.97472,-68.81,6.1385314081469815,-1.4171916423663489
2012-01-19 12:00:00,6.9,276,-9.97472,-68.81,6.862201078041087,-0.7212463965468057
2012-01-19 13:00:00,6.5,273,-9.97472,-68.81,6.49109197590473,-0.3401837155791356
2012-01-19 14:00:00,8.4,227,-9.97472,-68.81,6.143371093601032,5.728786224524988
2012-01-19 15:00:00,9.0,241,-9.97472,-68.81,7.871577364254564,4.3632865822170315
2012-01-19 16:00:00,7.1,246,-9.97472,-68.81,6.486172749262467,2.8878301658381806
2012-01-19 17:00:00,5.8,263,-9.97472,-68.81,5.756767679519668,0.7068421917498535
2012-01-19 18:00:00,5.8,263,-9.97472,-68.81,5.756767679519668,0.7068421917498535
2012-01-19 19:00:00,4.2,301,-9.97472,-68.81,3.600102662948872,-2.1631599146222276
2012-01-19 20:00:00,2.5,352,-9.97472,-68.81,0.3479327524001647,-2.475670171853926
2012-01-19 21:00:00,3.6,360,-9.97472,-68.81,8.817456953860943e-16,-3.6
2012-01-19 22:00:00,5.1,352,-9.97472,-68.81,0.709782814896336,-5.050367150582008
2012-01-19 23:00:00,4.7,337,-9.97472,-68.81,1.8364363038995872,-4.326372811226469
2012-01-20 00:00:00,5.8,330,-9.97472,-68.81,2.9000000000000026,-5.022947341949743
2012-01-20 01:00:00,5.6,320,-9.97472,-68.81,3.5996106142446216,-4.289848881466275
2012-01-20 02:00:00,6.4,317,-9.97472,-68.81,4.364789504399989,-4.680663690362692
2012-01-20 03:00:00,6.9,317,-9.97472,-68.81,4.705788684431238,-5.046340541172278
2012-01-20 04:00:00,6.1,315,-9.97472,-68.81,4.31335136523794,-4.3133513652379385
2012-01-20 05:00:00,5.4,307,-9.97472,-68.81,4.312631754255383,-3.249801125021059
2012-01-20 06:00:00,5.2,286,-9.97472,-68.81,4.998560818879258,-1.4333142502483969
2012-01-20 07:00:00,4.5,241,-9.97472,-68.81,3.935788682127282,2.1816432911085157
2012-01-20 08:00:00,6.3,246,-9.97472,-68.81,5.755336383148386,2.5624408513775405
2012-01-20 09:00:00,6.7,254,-9.97472,-68.81,6.440453362786737,1.8467702839738926
2012-01-20 10:00:00,7.2,273,-9.97472,-68.81,7.190132650232932,-0.3768188849491964
2012-01-20 11:00:00,8.5,282,-9.97472,-68.81,8.314254606237347,-1.7672493719509552
2012-01-20 12:00:00,7.3,290,-9.97472,-68.81,6.8597561317371305,-2.4967470462773838
2012-01-20 13:00:00,6.6,299,-9.97472,-68.81,5.772490067120011,-3.1997434936258258
2012-01-20 14:00:00,5.1,278,-9.97472,-68.81,5.050367150582009,-0.7097828148963339
2012-01-20 15:00:00,6.2,280,-9.97472,-68.81,6.105808068675691,-1.0766187015349657
2012-01-20 16:00:00,3.1,324,-9.97472,-68.81,1.8221342821066675,-2.507952682562337
2012-01-20 17:00:00,6.2,339,-9.97472,-68.81,2.2218812871808646,-5.78819864428265
2012-01-20 18:00:00,6.5,326,-9.97472,-68.81,3.6347538725598527,-5.388744221607772
2012-01-20 19:00:00,7.7,319,-9.97472,-68.81,5.051654523226907,-5.811263767715344
2012-01-20 20:00:00,7.9,330,-9.97472,-68.81,3.9500000000000037,-6.841600689897064
2012-01-20 21:00:00,8.6,338,-9.97472,-68.81,3.221616703376846,-7.97378114927437
2012-01-20 22:00:00,9.3,332,-9.97472,-68.81,4.366085533908785,-8.21141261358802
2012-01-20 23:00:00,8.9,333,-9.97472,-68.81,4.040515447681968,-7.929958065276474
2012-01-21 00:00:00,8.5,332,-9.97472,-68.81,3.990508283680072,-7.505054539300878
2012-01-21 01:00:00,9.3,332,-9.97472,-68.81,4.366085533908785,-8.21141261358802
2012-01-21 02:00:00,9.8,332,-9.97472,-68.81,4.60082131530173,-8.652886410017484
2012-01-21 03:00:00,9.2,329,-9.97472,-68.81,4.738350289172501,-7.885939166459431
2012-01-21 04:00:00,8.7,330,-9.97472,-68.81,4.350000000000003,-7.534421012924613
2012-01-21 05:00:00,8.8,325,-9.97472,-68.81,5.047472639889209,-7.208537989743126
2012-01-21 06:00:00,7.4,317,-9.97472,-68.81,5.0467878644624875,-5.4120173919818635
2012-01-21 07:00:00,6.3,301,-9.97472,-68.81,5.400153994423308,-3.244739871933341
2012-01-21 08:00:00,6.4,313,-9.97472,-68.81,4.680663690362691,-4.364789504399991
2012-01-21 09:00:00,5.9,317,-9.97472,-68.81,4.02379032436874,-4.314986839553107
2012-01-21 10:00:00,5.5,302,-9.97472,-68.81,4.664264528860344,-2.9145559532826257
2012-01-21 11:00:00,8.4,313,-9.97472,-68.81,6.143371093601031,-5.728786224524988
2012-01-21 12:00:00,7.7,323,-9.97472,-68.81,4.6339756782707715,-6.149493427364155
2012-01-21 13:00:00,7.0,339,-9.97472,-68.81,2.508575646817105,-6.535062985480411
2012-01-21 14:00:00,9.5,335,-9.97472,-68.81,4.014873486536643,-8.609923976848176
2012-01-21 15:00:00,8.5,348,-9.97472,-68.81,1.767249371950959,-8.314254606237347
2012-01-21 16:00:00,6.5,326,-9.97472,-68.81,3.6347538725598527,-5.388744221607772
2012-01-21 17:00:00,7.1,315,-9.97472,-68.81,5.020458146424488,-5.0204581464244855
2012-01-21 18:00:00,8.7,300,-9.97472,-68.81,7.534421012924615,-4.3500000000000005
2012-01-21 19:00:00,1.6,297,-9.97472,-68.81,1.4256104387013888,-0.7263847995832746
2012-01-21 20:00:00,5.8,7,-9.97472,-68.81,-0.7068421917498553,-5.756767679519667
2012-01-21 21:00:00,7.6,357,-9.97472,-68.81,0.3977532674463772,-7.589584464134761
2012-01-21 22:00:00,7.9,330,-9.97472,-68.81,3.9500000000000037,-6.841600689897064
2012-01-21 23:00:00,8.7,315,-9.97472,-68.81,6.151828996322965,-6.151828996322961
2012-01-22 00:00:00,8.1,328,-9.97472,-68.81,4.292346040288961,-6.86918957886705
2012-01-22 01:00:00,7.6,341,-9.97472,-68.81,2.474317973874391,-7.185941174554808
2012-01-22 02:00:00,7.6,357,-9.97472,-68.81,0.3977532674463772,-7.589584464134761
2012-01-22 03:00:00,6.5,360,-9.97472,-68.81,1.592040838891559e-15,-6.5
2012-01-22 04:00:00,5.8,356,-9.97472,-68.81,0.4045875477159287,-5.78587149150698
2012-01-22 05:00:00,5.4,340,-9.97472,-68.81,1.8469087739586105,-5.074340152243906
2012-01-22 06:00:00,4.7,337,-9.97472,-68.81,1.8364363038995872,-4.326372811226469
2012-01-22 07:00:00,6.1,320,-9.97472,-68.81,3.9210044190878914,-4.672871103025765
2012-01-22 08:00:00,7.4,317,-9.97472,-68.81,5.0467878644624875,-5.4120173919818635
2012-01-22 09:00:00,8.2,319,-9.97472,-68.81,5.37968403772216,-6.188618557826729
2012-01-22 10:00:00,10.0,319,-9.97472,-68.81,6.560590289905074,-7.5470958022277195
2012-01-22 11:00:00,9.7,318,-9.97472,-68.81,6.490566881680923,-7.208504807130724
2012-01-22 12:00:00,7.7,323,-9.97472,-68.81,4.6339756782707715,-6.149493427364155
2012-01-22 13:00:00,7.8,326,-9.97472,-68.81,4.361704647071823,-6.466493065929326
2012-01-22 14:00:00,8.8,325,-9.97472,-68.81,5.047472639889209,-7.208537989743126
2012-01-22 15:00:00,4.7,302,-9.97472,-68.81,3.985826051935203,-2.490620541896062
2012-01-22 16:00:00,7.1,319,-9.97472,-68.81,4.658019105832603,-5.35843801958168
2012-01-22 17:00:00,7.4,331,-9.97472,-68.81,3.587591189822893,-6.47218583283153
2012-01-22 18:00:00,8.8,348,-9.97472,-68.81,1.829622879196287,-8.60769888645749
2012-01-22 19:00:00,6.6,338,-9.97472,-68.81,2.4724035165450213,-6.119413440140796
2012-01-22 20:00:00,8.0,333,-9.97472,-68.81,3.6319239979163758,-7.128052193506942
2012-01-22 21:00:00,8.5,332,-9.97472,-68.81,3.990508283680072,-7.505054539300878
2012-01-22 22:00:00,8.8,341,-9.97472,-68.81,2.8649997592229792,-8.320563465273988
2012-01-22 23:00:00,8.5,348,-9.97472,-68.81,1.767249371950959,-8.314254606237347
2012-01-23 00:00:00,9.1,353,-9.97472,-68.81,1.1090110249868397,-9.03216997993603
2012-01-23 01:00:00,8.6,2,-9.97472,-68.81,-0.30013567164150834,-8.594761112364223
2012-01-23 02:00:00,8.0,5,-9.97472,-68.81,-0.6972459419812653,-7.969557584733964
2012-01-23 03:00:00,6.8,357,-9.97472,-68.81,0.3558845024520217,-6.790680836331102
2012-01-23 04:00:00,6.2,350,-9.97472,-68.81,1.0766187015349684,-6.10580806867569
2012-01-23 05:00:00,6.9,351,-9.97472,-68.81,1.0793978087775948,-6.81504955010645
2012-01-23 06:00:00,7.2,354,-9.97472,-68.81,0.7526049355271046,-7.160557646651568
2012-01-23 07:00:00,6.6,351,-9.97472,-68.81,1.0324674692655254,-6.5187430479279085
2012-01-23 08:00:00,7.3,351,-9.97472,-68.81,1.141971594793687,-7.210124886344505
2012-01-23 09:00:00,6.8,357,-9.97472,-68.81,0.3558845024520217,-6.790680836331102
2012-01-23 10:00:00,8.0,352,-9.97472,-68.81,1.113384807680527,-7.922144549932562
2012-01-23 11:00:00,8.8,348,-9.97472,-68.81,1.829622879196287,-8.60769888645749
2012-01-23 12:00:00,10.0,347,-9.97472,-68.81,2.2495105434386535,-9.743700647852352
2012-01-23 13:00:00,10.5,344,-9.97472,-68.81,2.894192236078489,-10.093247807352348
2012-01-23 14:00:00,11.5,346,-9.97472,-68.81,2.7821017993961803,-11.15840085217396
2012-01-23 15:00:00,12.2,341,-9.97472,-68.81,3.9719314843773117,-11.535326622311665
2012-01-23 16:00:00,12.9,330,-9.97472,-68.81,6.4500000000000055,-11.171727708819255
2012-01-23 17:00:00,9.7,309,-9.97472,-68.81,7.538315826132616,-6.104407793183423
2012-01-23 18:00:00,5.7,325,-9.97472,-68.81,3.2693856872009652,-4.669166652447252
2012-01-23 19:00:00,5.6,345,-9.97472,-68.81,1.4493866525741157,-5.4091846272187825
2012-01-23 20:00:00,6.2,10,-9.97472,-68.81,-1.0766187015349682,-6.10580806867569
2012-01-23 21:00:00,8.9,14,-9.97472,-68.81,-2.153104870837043,-8.635631963856369
2012-01-23 22:00:00,9.1,9,-9.97472,-68.81,-1.4235536318661008,-8.987963899415753
2012-01-23 23:00:00,8.6,360,-9.97472,-68.81,2.1063924945334474e-15,-8.6
2012-01-24 00:00:00,8.4,353,-9.97472,-68.81,1.0237024846032368,-8.337387673787106
2012-01-24 01:00:00,8.8,348,-9.97472,-68.81,1.829622879196287,-8.60769888645749
2012-01-24 02:00:00,9.1,353,-9.97472,-68.81,1.1090110249868397,-9.03216997993603
2012-01-24 03:00:00,9.1,351,-9.97472,-68.81,1.423553631866103,-8.987963899415753
2012-01-24 04:00:00,8.8,348,-9.97472,-68.81,1.829622879196287,-8.60769888645749
2012-01-24 05:00:00,8.1,347,-9.97472,-68.81,1.8221035401853092,-7.892397524760404
2012-01-24 06:00:00,7.8,347,-9.97472,-68.81,1.7546182238821495,-7.600086505324834
2012-01-24 07:00:00,8.0,342,-9.97472,-68.81,2.472135954999581,-7.608452130361228
2012-01-24 08:00:00,8.3,342,-9.97472,-68.81,2.5648410533120654,-7.893769085249775
2012-01-24 09:00:00,8.4,340,-9.97472,-68.81,2.8729692039356163,-7.8934180146016315
2012-01-24 10:00:00,10.8,339,-9.97472,-68.81,3.8703738550892486,-10.082668606169777
2012-01-24 11:00:00,11.6,338,-9.97472,-68.81,4.345436483624583,-10.755332712974733
2012-01-24 12:00:00,11.8,337,-9.97472,-68.81,4.610627316173432,-10.861957270738795
2012-01-24 13:00:00,11.1,335,-9.97472,-68.81,4.6910627053217615,-10.060016436106816
2012-01-24 14:00:00,11.0,337,-9.97472,-68.81,4.298042413382013,-10.125553387976844
2012-01-24 15:00:00,8.7,330,-9.97472,-68.81,4.350000000000003,-7.534421012924613
2012-01-24 16:00:00,8.5,348,-9.97472,-68.81,1.767249371950959,-8.314254606237347
2012-01-24 17:00:00,7.6,360,-9.97472,-68.81,1.8614631347039767e-15,-7.6
2012-01-24 18:00:00,7.0,21,-9.97472,-68.81,-2.5085756468171017,-6.535062985480412
2012-01-24 19:00:00,9.0,358,-9.97472,-68.81,0.3140954703225074,-8.994517443171862
2012-01-24 20:00:00,6.5,6,-9.97472,-68.81,-0.6794350112397476,-6.4643923198937765
2012-01-24 21:00:00,7.9,24,-9.97472,-68.81,-3.2132194802988217,-7.217009115376547
2012-01-24 22:00:00,8.1,21,-9.97472,-68.81,-2.902780391316932,-7.5620014546273335
2012-01-24 23:00:00,8.2,15,-9.97472,-68.81,-2.12231616984067,-7.92059177557036
2012-01-25 00:00:00,9.5,11,-9.97472,-68.81,-1.8126854560771757,-9.325458242752807
2012-01-25 01:00:00,9.8,6,-9.97472,-68.81,-1.0243789400230041,-9.746314574609078
2012-01-25 02:00:00,8.6,360,-9.97472,-68.81,2.1063924945334474e-15,-8.6
2012-01-25 03:00:00,8.0,352,-9.97472,-68.81,1.113384807680527,-7.922144549932562
2012-01-25 04:00:00,7.6,355,-9.97472,-68.81,0.6623836448822031,-7.571079705497266
2012-01-25 05:00:00,7.6,3,-9.97472,-68.81,-0.3977532674463731,-7.589584464134761
2012-01-25 06:00:00,7.6,8,-9.97472,-68.81,-1.0577155672964973,-7.5260373224359345
2012-01-25 07:00:00,6.8,3,-9.97472,-68.81,-0.3558845024520181,-6.790680836331102
2012-01-25 08:00:00,7.6,357,-9.97472,-68.81,0.3977532674463772,-7.589584464134761
2012-01-25 09:00:00,7.7,349,-9.97472,-68.81,1.469229264399394,-7.558529312547013
2012-01-25 10:00:00,7.0,348,-9.97472,-68.81,1.4553818357243191,-6.847033205136639
2012-01-25 11:00:00,7.9,357,-9.97472,-68.81,0.4134540543192605,-7.889173324561134
2012-01-25 12:00:00,9.5,349,-9.97472,-68.81,1.8126854560771744,-9.325458242752807
2012-01-25 13:00:00,11.2,345,-9.97472,-68.81,2.8987733051482314,-10.818369254437565
2012-01-25 14:00:00,11.0,341,-9.97472,-68.81,3.5812496990287235,-10.400704331592486
2012-01-25 15:00:00,9.2,334,-9.97472,-68.81,4.033014550459515,-8.268905225952334
2012-01-25 16:00:00,6.9,309,-9.97472,-68.81,5.362307134053099,-4.342310698243879
2012-01-25 17:00:00,9.4,302,-9.97472,-68.81,7.971652103870406,-4.981241083792124
2012-01-25 18:00:00,8.4,280,-9.97472,-68.81,8.272385125302549,-1.4586446924022118
2012-01-25 19:00:00,5.4,318,-9.97472,-68.81,3.613305274337834,-4.012982057577929
2012-01-25 20:00:00,5.9,38,-9.97472,-68.81,-3.6324027044213842,-4.64926344627966
2012-01-25 21:00:00,7.1,49,-9.97472,-68.81,-5.358438019581681,-4.658019105832602
2012-01-25 22:00:00,4.5,61,-9.97472,-68.81,-3.935788682127281,-2.181643291108517
2012-01-25 23:00:00,3.3,77,-9.97472,-68.81,-3.2154212137912763,-0.7423384793347542
2012-01-26 00:00:00,2.3,39,-9.97472,-68.81,-1.4474368994146258,-1.7874357113510329
2012-01-26 01:00:00,1.6,207,-9.97472,-68.81,0.7263847995832747,1.4256104387013888
2012-01-26 02:00:00,0.8,243,-9.97472,-68.81,0.7128052193506943,0.36319239979163753
2012-01-26 03:00:00,2.3,18,-9.97472,-68.81,-0.710739087062379,-2.1874299874788528
2012-01-26 04:00:00,2.5,45,-9.97472,-68.81,-1.7677669529663687,-1.7677669529663689
2012-01-26 05:00:00,3.6,360,-9.97472,-68.81,8.817456953860943e-16,-3.6
2012-01-26 06:00:00,5.2,344,-9.97472,-68.81,1.4333142502483947,-4.998560818879258
2012-01-26 07:00:00,1.0,135,-9.97472,-68.81,-0.7071067811865476,0.7071067811865475
2012-01-26 08:00:00,3.8,131,-9.97472,-68.81,-2.867896404846534,2.493024310163927
2012-01-26 09:00:00,4.7,148,-9.97472,-68.81,-2.490620541896063,3.9858260519352022
2012-01-26 10:00:00,4.3,156,-9.97472,-68.81,-1.7489675652259418,3.9282454678631833
2012-01-26 11:00:00,5.8,150,-9.97472,-68.81,-2.8999999999999995,5.022947341949744
2012-01-26 12:00:00,5.5,148,-9.97472,-68.81,-2.914555953282627,4.664264528860342
2012-01-26 13:00:00,4.8,153,-9.97472,-68.81,-2.1791543987498248,4.276831316104166
2012-01-26 14:00:00,3.7,169,-9.97472,-68.81,-0.7059932828932164,3.632020578756357
2012-01-26 15:00:00,1.4,180,-9.97472,-68.81,-1.7145055188062944e-16,1.4
2012-01-26 16:00:00,2.2,279,-9.97472,-68.81,2.1729143493093033,-0.3441558230885075
2012-01-26 17:00:00,2.7,247,-9.97472,-68.81,2.4853631043215887,1.0549740469210394
2012-01-26 18:00:00,4.3,222,-9.97472,-68.81,2.8772616073430903,3.195522749552795
2012-01-26 19:00:00,4.3,204,-9.97472,-68.81,1.7489675652259409,3.9282454678631837
2012-01-26 20:00:00,3.6,225,-9.97472,-68.81,2.545584412271571,2.545584412271572
2012-01-26 21:00:00,4.0,243,-9.97472,-68.81,3.564026096753471,1.8159619989581877
2012-01-26 22:00:00,4.3,228,-9.97472,-68.81,3.195522749552796,2.87726160734309
2012-01-26 23:00:00,5.6,230,-9.97472,-68.81,4.289848881466276,3.5996106142446207
2012-01-27 00:00:00,5.9,223,-9.97472,-68.81,4.023790324368741,4.314986839553106
2012-01-27 01:00:00,6.4,218,-9.97472,-68.81,3.9402334420842124,5.043268823083022
2012-01-27 02:00:00,7.0,215,-9.97472,-68.81,4.015035054457323,5.7340643100229425
2012-01-27 03:00:00,7.2,207,-9.97472,-68.81,3.2687315981247362,6.415246974156249
2012-01-27 04:00:00,6.4,207,-9.97472,-68.81,2.905539198333099,5.702441754805555
2012-01-27 05:00:00,5.6,207,-9.97472,-68.81,2.542346798541461,4.98963653545486
2012-01-27 06:00:00,5.2,214,-9.97472,-68.81,2.907803098047883,4.3109953772862175
2012-01-27 07:00:00,3.9,214,-9.97472,-68.81,2.180852323535912,3.233246532964663
2012-01-27 08:00:00,5.0,201,-9.97472,-68.81,1.7918397477265022,4.667902132486009
2012-01-27 09:00:00,7.6,188,-9.97472,-68.81,1.057715567296498,7.526037322435934
2012-01-27 10:00:00,7.6,172,-9.97472,-68.81,-1.0577155672964964,7.5260373224359345
2012-01-27 11:00:00,6.3,156,-9.97472,-68.81,-2.5624408513775427,5.755336383148385
2012-01-27 12:00:00,5.5,157,-9.97472,-68.81,-2.149021206691006,5.062776693988422
2012-01-27 13:00:00,5.3,152,-9.97472,-68.81,-2.4881992827652204,4.679622242152313
2012-01-27 14:00:00,4.3,132,-9.97472,-68.81,-3.195522749552795,2.8772616073430903
2012-01-27 15:00:00,0.8,117,-9.97472,-68.81,-0.7128052193506944,0.36319239979163737
2012-01-27 16:00:00,1.3,56,-9.97472,-68.81,-1.0777488443215544,-0.7269507745119709
2012-01-27 17:00:00,2.2,360,-9.97472,-68.81,5.388445916248355e-16,-2.2
2012-01-27 18:00:00,4.9,343,-9.97472,-68.81,1.4326213531414123,-4.685893304218873
2012-01-27 19:00:00,1.8,360,-9.97472,-68.81,4.4087284769304716e-16,-1.8
2012-01-27 20:00:00,1.5,76,-9.97472,-68.81,-1.4554435894139948,-0.3628828433995015
2012-01-27 21:00:00,2.1,301,-9.97472,-68.81,1.800051331474436,-1.0815799573111138
2012-01-27 22:00:00,2.8,310,-9.97472,-68.81,2.1449244407331385,-1.7998053071223097
2012-01-27 23:00:00,2.8,320,-9.97472,-68.81,1.7998053071223108,-2.1449244407331376
2012-01-28 00:00:00,2.6,344,-9.97472,-68.81,0.7166571251241973,-2.499280409439629
2012-01-28 01:00:00,3.4,342,-9.97472,-68.81,1.0506577808748219,-3.233592155403522
2012-01-28 02:00:00,4.6,342,-9.97472,-68.81,1.4214781741247589,-4.3748599749577055
2012-01-28 03:00:00,4.8,347,-9.97472,-68.81,1.0797650608505536,-4.6769763109691285
2012-01-28 04:00:00,6.2,339,-9.97472,-68.81,2.2218812871808646,-5.78819864428265
2012-01-28 05:00:00,6.5,326,-9.97472,-68.81,3.6347538725598527,-5.388744221607772
2012-01-28 06:00:00,8.1,315,-9.97472,-68.81,5.727564927611036,-5.727564927611033
2012-01-28 07:00:00,5.1,309,-9.97472,-68.81,3.9634444034305507,-3.209533994354171
2012-01-28 08:00:00,5.7,288,-9.97472,-68.81,5.421022142882376,-1.7613968679371992
2012-01-28 09:00:00,6.3,294,-9.97472,-68.81,5.755336383148387,-2.5624408513775383
2012-01-28 10:00:00,6.9,276,-9.97472,-68.81,6.862201078041087,-0.7212463965468057
2012-01-28 11:00:00,5.4,290,-9.97472,-68.81,5.074340152243905,-1.8469087739586127
2012-01-28 12:00:00,6.3,301,-9.97472,-68.81,5.400153994423308,-3.244739871933341
2012-01-28 13:00:00,7.6,295,-9.97472,-68.81,6.887939181478539,-3.2118987892293167
2012-01-28 14:00:00,6.3,301,-9.97472,-68.81,5.400153994423308,-3.244739871933341
2012-01-28 15:00:00,8.3,326,-9.97472,-68.81,4.6413010988071965,-6.881011852206848
2012-01-28 16:00:00,7.3,349,-9.97472,-68.81,1.392905666248776,-7.165878439167947
2012-01-28 17:00:00,9.5,335,-9.97472,-68.81,4.014873486536643,-8.609923976848176
2012-01-28 18:00:00,11.2,320,-9.97472,-68.81,7.199221228489243,-8.57969776293255
2012-01-28 19:00:00,8.3,304,-9.97472,-68.81,6.881011852206846,-4.641301098807201
2012-01-28 20:00:00,8.2,311,-9.97472,-68.81,6.188618557826731,-5.379684037722157
2012-01-28 21:00:00,9.1,304,-9.97472,-68.81,7.544241910250879,-5.088655421583797
2012-01-28 22:00:00,7.9,300,-9.97472,-68.81,6.841600689897065,-3.950000000000001
2012-01-28 23:00:00,5.5,302,-9.97472,-68.81,4.664264528860344,-2.9145559532826257
2012-01-29 00:00:00,5.4,312,-9.97472,-68.81,4.012982057577931,-3.6133052743378324
2012-01-29 01:00:00,5.1,315,-9.97472,-68.81,3.606244584051393,-3.606244584051391
2012-01-29 02:00:00,6.7,324,-9.97472,-68.81,3.9381611903595717,-5.420413862312147
2012-01-29 03:00:00,7.2,323,-9.97472,-68.81,4.333068166694748,-5.750175672340508
2012-01-29 04:00:00,7.6,329,-9.97472,-68.81,3.914289369316414,-6.514471485336052
2012-01-29 05:00:00,7.9,330,-9.97472,-68.81,3.9500000000000037,-6.841600689897064
2012-01-29 06:00:00,7.7,332,-9.97472,-68.81,3.6149310334513594,-6.798696465013737
2012-01-29 07:00:00,8.6,327,-9.97472,-68.81,4.683895701129232,-7.212566884330647
2012-01-29 08:00:00,7.9,321,-9.97472,-68.81,4.971631089293719,-6.139453095510068
2012-01-29 09:00:00,9.2,321,-9.97472,-68.81,5.789747597658508,-7.149742845404129
2012-01-29 10:00:00,10.7,315,-9.97472,-68.81,7.56604255869606,-7.566042558696056
2012-01-29 11:00:00,12.1,300,-9.97472,-68.81,10.478907385791707,-6.050000000000002
2012-01-29 12:00:00,9.7,297,-9.97472,-68.81,8.642763284627168,-4.403707847473602
2012-01-29 13:00:00,8.9,302,-9.97472,-68.81,7.5476280557921935,-4.716281451675522
2012-01-29 14:00:00,9.3,306,-9.97472,-68.81,7.523858047687013,-5.4664028463199985
2012-01-29 15:00:00,9.9,303,-9.97472,-68.81,8.302838622659701,-5.391926446648764
2012-01-29 16:00:00,9.3,306,-9.97472,-68.81,7.523858047687013,-5.4664028463199985
2012-01-29 17:00:00,5.7,288,-9.97472,-68.81,5.421022142882376,-1.7613968679371992
2012-01-29 18:00:00,2.3,198,-9.97472,-68.81,0.7107390870623786,2.187429987478853
2012-01-29 19:00:00,4.1,322,-9.97472,-68.81,2.5242120488351985,-3.23084408978756
2012-01-29 20:00:00,4.4,351,-9.97472,-68.81,0.688311646177017,-4.345828698618606
2012-01-29 21:00:00,6.6,347,-9.97472,-68.81,1.4846769586695112,-6.430842427582552
2012-01-29 22:00:00,6.8,342,-9.97472,-68.81,2.1013155617496437,-6.467184310807044
2012-01-29 23:00:00,6.9,317,-9.97472,-68.81,4.705788684431238,-5.046340541172278
2012-01-30 00:00:00,7.7,319,-9.97472,-68.81,5.051654523226907,-5.811263767715344
2012-01-30 01:00:00,7.9,321,-9.97472,-68.81,4.971631089293719,-6.139453095510068
2012-01-30 02:00:00,8.3,326,-9.97472,-68.81,4.6413010988071965,-6.881011852206848
2012-01-30 03:00:00,8.4,335,-9.97472,-68.81,3.5499933986218735,-7.612985411107861
2012-01-30 04:00:00,8.5,332,-9.97472,-68.81,3.990508283680072,-7.505054539300878
2012-01-30 05:00:00,8.5,332,-9.97472,-68.81,3.990508283680072,-7.505054539300878
2012-01-30 06:00:00,8.4,329,-9.97472,-68.81,4.326319829244458,-7.200205325897742
2012-01-30 07:00:00,6.1,332,-9.97472,-68.81,2.8637765329939335,-5.385980316439453
2012-01-30 08:00:00,7.6,315,-9.97472,-68.81,5.374011537017762,-5.3740115370177595
2012-01-30 09:00:00,7.7,307,-9.97472,-68.81,6.149493427364157,-4.633975678270769
2012-01-30 10:00:00,6.4,308,-9.97472,-68.81,5.04326882308302,-3.9402334420842147
2012-01-30 11:00:00,6.9,309,-9.97472,-68.81,5.362307134053099,-4.342310698243879
2012-01-30 12:00:00,6.7,324,-9.97472,-68.81,3.9381611903595717,-5.420413862312147
2012-01-30 13:00:00,7.4,331,-9.97472,-68.81,3.587591189822893,-6.47218583283153
2012-01-30 14:00:00,7.6,335,-9.97472,-68.81,3.211898789229314,-6.88793918147854
2012-01-30 15:00:00,7.6,329,-9.97472,-68.81,3.914289369316414,-6.514471485336052
2012-01-30 16:00:00,6.9,317,-9.97472,-68.81,4.705788684431238,-5.046340541172278
2012-01-30 17:00:00,6.9,313,-9.97472,-68.81,5.046340541172276,-4.705788684431241
2012-01-30 18:00:00,6.3,301,-9.97472,-68.81,5.400153994423308,-3.244739871933341
2012-01-30 19:00:00,5.9,322,-9.97472,-68.81,3.6324027044213834,-4.64926344627966
2012-01-30 20:00:00,6.1,310,-9.97472,-68.81,4.672871103025766,-3.921004419087889
2012-01-30 21:00:00,8.4,335,-9.97472,-68.81,3.5499933986218735,-7.612985411107861
2012-01-30 22:00:00,8.9,346,-9.97472,-68.81,2.153104870837044,-8.635631963856369
2012-01-30 23:00:00,9.3,344,-9.97472,-68.81,2.5634274090980904,-8.939733772226367
2012-01-31 00:00:00,10.2,350,-9.97472,-68.81,1.7712114122026898,-10.045039080724521
2012-01-31 01:00:00,10.1,354,-9.97472,-68.81,1.0557374790032994,-10.04467114321956
2012-01-31 02:00:00,9.8,354,-9.97472,-68.81,1.0243789400230034,-9.746314574609078
2012-01-31 03:00:00,9.2,349,-9.97472,-68.81,1.7554427574642109,-9.030970087718508
2012-01-31 04:00:00,8.3,342,-9.97472,-68.81,2.5648410533120654,-7.893769085249775
2012-01-31 05:00:00,8.2,337,-9.97472,-68.81,3.2039952536120455,-7.548139798310009
2012-01-31 06:00:00,8.6,338,-9.97472,-68.81,3.221616703376846,-7.97378114927437
2012-01-31 07:00:00,8.4,340,-9.97472,-68.81,2.8729692039356163,-7.8934180146016315
2012-01-31 08:00:00,8.6,345,-9.97472,-68.81,2.225843787881678,-8.306962106085987
2012-01-31 09:00:00,7.9,344,-9.97472,-68.81,2.1775351109542918,-7.59396739791272
2012-01-31 10:00:00,12.2,336,-9.97472,-68.81,4.962187045524762,-11.145254583239732
2012-01-31 11:00:00,11.1,335,-9.97472,-68.81,4.6910627053217615,-10.060016436106816
2012-01-31 12:00:00,11.8,337,-9.97472,-68.81,4.610627316173432,-10.861957270738795
2012-01-31 13:00:00,10.0,339,-9.97472,-68.81,3.5836794954530076,-9.335804264972015
2012-01-31 14:00:00,7.3,9,-9.97472,-68.81,-1.1419715947936853,-7.210124886344506
2012-01-31 15:00:00,12.9,347,-9.97472,-68.81,2.9018686010358627,-12.569373835729534
2012-01-31 16:00:00,9.9,350,-9.97472,-68.81,1.719116958902611,-9.74959675482086
2012-01-31 17:00:00,11.1,347,-9.97472,-68.81,2.496956703216905,-10.815507719116109
2012-01-31 18:00:00,9.9,341,-9.97472,-68.81,3.2231247291258516,-9.360633898433237
2012-01-31 19:00:00,9.0,337,-9.97472,-68.81,3.516580156403465,-8.284543681071963
2012-01-31 20:00:00,8.1,328,-9.97472,-68.81,4.292346040288961,-6.86918957886705
2012-01-31 21:00:00,7.7,332,-9.97472,-68.81,3.6149310334513594,-6.798696465013737
2012-01-31 22:00:00,6.0,335,-9.97472,-68.81,2.535709570444195,-5.4378467222199
2012-01-31 23:00:00,6.5,326,-9.97472,-68.81,3.6347538725598527,-5.388744221607772
2012-02-01 00:00:00,4.8,347,-9.97472,-68.81,1.0797650608505536,-4.6769763109691285
2012-02-01 01:00:00,6.8,3,-9.97472,-68.81,-0.3558845024520181,-6.790680836331102
2012-02-01 02:00:00,8.0,355,-9.97472,-68.81,0.6972459419812665,-7.969557584733964
2012-02-01 03:00:00,8.3,355,-9.97472,-68.81,0.7233926648055641,-8.268415994161488
2012-02-01 04:00:00,7.9,360,-9.97472,-68.81,1.934941942652818e-15,-7.9
2012-02-01 05:00:00,7.6,357,-9.97472,-68.81,0.3977532674463772,-7.589584464134761
2012-02-01 06:00:00,7.6,3,-9.97472,-68.81,-0.3977532674463731,-7.589584464134761
2012-02-01 07:00:00,6.5,360,-9.97472,-68.81,1.592040838891559e-15,-6.5
2012-02-01 08:00:00,6.3,347,-9.97472,-68.81,1.4171916423663515,-6.1385314081469815
2012-02-01 09:00:00,7.5,343,-9.97472,-68.81,2.1927877854205287,-7.172285669722765
2012-02-01 10:00:00,8.9,346,-9.97472,-68.81,2.153104870837044,-8.635631963856369
2012-02-01 11:00:00,8.2,345,-9.97472,-68.81,2.1223161698406696,-7.92059177557036
2012-02-01 12:00:00,6.4,344,-9.97472,-68.81,1.7640790772287933,-6.1520748540052415
2012-02-01 13:00:00,7.3,340,-9.97472,-68.81,2.4967470462773806,-6.859756131737131
2012-02-01 14:00:00,7.5,343,-9.97472,-68.81,2.1927877854205287,-7.172285669722765
2012-02-01 15:00:00,6.8,3,-9.97472,-68.81,-0.3558845024520181,-6.790680836331102
2012-02-01 16:00:00,7.4,346,-9.97472,-68.81,1.7902220274375422,-7.180188374442374
2012-02-01 17:00:00,3.8,319,-9.97472,-68.81,2.493024310163928,-2.867896404846533
2012-02-01 18:00:00,2.7,293,-9.97472,-68.81,2.4853631043215896,-1.0549740469210385
2012-02-01 19:00:00,2.1,329,-9.97472,-68.81,1.0815799573111144,-1.8000513314744355
2012-02-01 20:00:00,2.7,67,-9.97472,-68.81,-2.485363104321589,-1.0549740469210391
2012-02-01 21:00:00,4.1,75,-9.97472,-68.81,-3.96029588778518,-1.061158084920335
2012-02-01 22:00:00,4.3,48,-9.97472,-68.81,-3.195522749552795,-2.8772616073430903
2012-02-01 23:00:00,4.5,29,-9.97472,-68.81,-2.1816432911085166,-3.935788682127281
2012-02-02 00:00:00,4.5,14,-9.97472,-68.81,-1.0886485301985047,-4.366330768241984
2012-02-02 01:00:00,7.2,18,-9.97472,-68.81,-2.2249223594996215,-6.8476069173251055
2012-02-02 02:00:00,8.1,21,-9.97472,-68.81,-2.902780391316932,-7.5620014546273335
2012-02-02 03:00:00,7.6,19,-9.97472,-68.81,-2.474317973874391,-7.185941174554808
2012-02-02 04:00:00,5.9,11,-9.97472,-68.81,-1.1257730727216144,-5.791600382341218
2012-02-02 05:00:00,4.3,355,-9.97472,-68.81,0.37476969381493075,-4.283637201794505
2012-02-02 06:00:00,4.2,340,-9.97472,-68.81,1.4364846019678081,-3.9467090073008158
2012-02-02 07:00:00,4.9,324,-9.97472,-68.81,2.88014773623312,-3.9641832724372423
2012-02-02 08:00:00,6.5,341,-9.97472,-68.81,2.1161930039715187,-6.1458707413955596
2012-02-02 09:00:00,6.6,347,-9.97472,-68.81,1.4846769586695112,-6.430842427582552
2012-02-02 10:00:00,7.9,344,-9.97472,-68.81,2.1775351109542918,-7.59396739791272
2012-02-02 11:00:00,8.6,338,-9.97472,-68.81,3.221616703376846,-7.97378114927437
2012-02-02 12:00:00,7.3,327,-9.97472,-68.81,3.9758649556096968,-6.122295146001595
2012-02-02 13:00:00,7.6,329,-9.97472,-68.81,3.914289369316414,-6.514471485336052
2012-02-02 14:00:00,5.7,342,-9.97472,-68.81,1.7613968679372014,-5.421022142882375
2012-02-02 15:00:00,8.5,298,-9.97472,-68.81,7.505054539300881,-3.9905082836800685
2012-02-02 16:00:00,7.6,315,-9.97472,-68.81,5.374011537017762,-5.3740115370177595
2012-02-02 17:00:00,7.3,327,-9.97472,-68.81,3.9758649556096968,-6.122295146001595
2012-02-02 18:00:00,4.3,336,-9.97472,-68.81,1.7489675652259407,-3.928245467863184
2012-02-02 19:00:00,6.7,306,-9.97472,-68.81,5.420413862312149,-3.9381611903595686
2012-02-02 20:00:00,7.7,332,-9.97472,-68.81,3.6149310334513594,-6.798696465013737
2012-02-02 21:00:00,6.9,351,-9.97472,-68.81,1.0793978087775948,-6.81504955010645
2012-02-02 22:00:00,7.0,339,-9.97472,-68.81,2.508575646817105,-6.535062985480411
2012-02-02 23:00:00,5.2,326,-9.97472,-68.81,2.907803098047882,-4.3109953772862175
2012-02-03 00:00:00,4.8,333,-9.97472,-68.81,2.179154398749825,-4.276831316104166
2012-02-03 01:00:00,6.1,357,-9.97472,-68.81,0.31924933308196063,-6.0916401620029
2012-02-03 02:00:00,5.4,356,-9.97472,-68.81,0.37668495821827847,-5.386845871403051
2012-02-03 03:00:00,5.4,340,-9.97472,-68.81,1.8469087739586105,-5.074340152243906
2012-02-03 04:00:00,4.5,331,-9.97472,-68.81,2.181643291108516,-3.9357886821272814
2012-02-03 05:00:00,4.1,308,-9.97472,-68.81,3.230844089787559,-2.5242120488352
2012-02-03 06:00:00,4.1,308,-9.97472,-68.81,3.230844089787559,-2.5242120488352
2012-02-03 07:00:00,3.8,319,-9.97472,-68.81,2.493024310163928,-2.867896404846533
2012-02-03 08:00:00,4.1,315,-9.97472,-68.81,2.8991378028648453,-2.899137802864844
2012-02-03 09:00:00,3.2,297,-9.97472,-68.81,2.8512208774027776,-1.4527695991665492
2012-02-03 10:00:00,4.7,274,-9.97472,-68.81,4.688551036221175,-0.32785542659738853
2012-02-03 11:00:00,4.8,257,-9.97472,-68.81,4.6769763109691285,1.0797650608505531
2012-02-03 12:00:00,3.6,276,-9.97472,-68.81,3.5802788233257843,-0.37630246776355075
2012-02-03 13:00:00,4.2,290,-9.97472,-68.81,3.9467090073008153,-1.43648460196781
2012-02-03 14:00:00,6.3,283,-9.97472,-68.81,6.1385314081469815,-1.4171916423663489
2012-02-03 15:00:00,6.7,286,-9.97472,-68.81,6.440453362786736,-1.846770283973896
2012-02-03 16:00:00,6.6,319,-9.97472,-68.81,4.329989591337348,-4.981083229470294
2012-02-03 17:00:00,7.6,352,-9.97472,-68.81,1.0577155672965006,-7.526037322435934
2012-02-03 18:00:00,4.7,23,-9.97472,-68.81,-1.8364363038995868,-4.32637281122647
2012-02-03 19:00:00,6.5,87,-9.97472,-68.81,-6.49109197590473,-0.3401837155791358
2012-02-03 20:00:00,8.1,77,-9.97472,-68.81,-7.892397524760405,-1.8221035401853058
2012-02-03 21:00:00,10.3,78,-9.97472,-68.81,-10.074920287558198,-2.1414904154229224
2012-02-03 22:00:00,12.6,63,-9.97472,-68.81,-11.226682204773434,-5.72028029671829
2012-02-03 23:00:00,9.5,53,-9.97472,-68.81,-7.587037345449282,-5.717242719944459
2012-02-04 00:00:00,7.6,45,-9.97472,-68.81,-5.37401153701776,-5.374011537017761
2012-02-04 01:00:00,7.7,28,-9.97472,-68.81,-3.6149310334513594,-6.798696465013738
2012-02-04 02:00:00,7.7,11,-9.97472,-68.81,-1.469229264399395,-7.558529312547013
2012-02-04 03:00:00,7.2,6,-9.97472,-68.81,-0.7526049355271051,-7.160557646651568
2012-02-04 04:00:00,5.8,4,-9.97472,-68.81,-0.40458754771592675,-5.78587149150698
2012-02-04 05:00:00,5.4,4,-9.97472,-68.81,-0.37668495821827663,-5.386845871403051
2012-02-04 06:00:00,5.8,7,-9.97472,-68.81,-0.7068421917498553,-5.756767679519667
2012-02-04 07:00:00,5.2,25,-9.97472,-68.81,-2.197614961051637,-4.7128004925905795
2012-02-04 08:00:00,5.4,20,-9.97472,-68.81,-1.8469087739586112,-5.074340152243906
2012-02-04 09:00:00,4.9,17,-9.97472,-68.81,-1.4326213531414103,-4.685893304218874
2012-02-04 10:00:00,4.7,23,-9.97472,-68.81,-1.8364363038995868,-4.32637281122647
2012-02-04 11:00:00,5.2,16,-9.97472,-68.81,-1.4333142502483958,-4.998560818879258
2012-02-04 12:00:00,4.9,17,-9.97472,-68.81,-1.4326213531414103,-4.685893304218874
2012-02-04 13:00:00,3.7,11,-9.97472,-68.81,-0.7059932828932158,-3.632020578756357
2012-02-04 14:00:00,3.3,347,-9.97472,-68.81,0.7423384793347556,-3.215421213791276
2012-02-04 15:00:00,4.8,347,-9.97472,-68.81,1.0797650608505536,-4.6769763109691285
2012-02-04 16:00:00,4.5,346,-9.97472,-68.81,1.0886485301985054,-4.366330768241984
2012-02-04 17:00:00,3.7,349,-9.97472,-68.81,0.7059932828932153,-3.632020578756357
2012-02-04 18:00:00,2.2,351,-9.97472,-68.81,0.3441558230885085,-2.172914349309303
2012-02-04 19:00:00,1.5,14,-9.97472,-68.81,-0.3628828433995016,-1.4554435894139948
2012-02-04 20:00:00,1.1,342,-9.97472,-68.81,0.3399186938124424,-1.0461621679246689
2012-02-04 21:00:00,2.3,51,-9.97472,-68.81,-1.7874357113510329,-1.447436899414626
2012-02-04 22:00:00,4.4,55,-9.97472,-68.81,-3.604268994871564,-2.5237363199446032
2012-02-04 23:00:00,4.6,51,-9.97472,-68.81,-3.5748714227020657,-2.894873798829252
2012-02-05 00:00:00,3.0,14,-9.97472,-68.81,-0.7257656867990032,-2.9108871788279895
2012-02-05 01:00:00,3.7,331,-9.97472,-68.81,1.7937955949114466,-3.236092916415765
2012-02-05 02:00:00,2.9,300,-9.97472,-68.81,2.5114736709748717,-1.4500000000000002
2012-02-05 03:00:00,1.9,292,-9.97472,-68.81,1.761649323676896,-0.7117525274902327
2012-02-05 04:00:00,1.8,307,-9.97472,-68.81,1.4375439180851275,-1.0832670416736863
2012-02-05 05:00:00,2.0,315,-9.97472,-68.81,1.4142135623730954,-1.4142135623730947
2012-02-05 06:00:00,2.1,301,-9.97472,-68.81,1.800051331474436,-1.0815799573111138
2012-02-05 07:00:00,2.0,225,-9.97472,-68.81,1.414213562373095,1.4142135623730954
2012-02-05 08:00:00,2.9,210,-9.97472,-68.81,1.4500000000000002,2.5114736709748717
2012-02-05 09:00:00,2.7,203,-9.97472,-68.81,1.0549740469210387,2.485363104321589
2012-02-05 10:00:00,2.9,173,-9.97472,-68.81,-0.35342109587492787,2.8783838397598336
2012-02-05 11:00:00,2.3,162,-9.97472,-68.81,-0.7107390870623792,2.1874299874788528
2012-02-05 12:00:00,1.5,166,-9.97472,-68.81,-0.3628828433995016,1.4554435894139948
2012-02-05 13:00:00,0.7,90,-9.97472,-68.81,-0.7,-4.286263797015736e-17
2012-02-05 14:00:00,2.0,45,-9.97472,-68.81,-1.414213562373095,-1.4142135623730951
2012-02-05 15:00:00,2.4,27,-9.97472,-68.81,-1.0895771993749122,-2.138415658052083
2012-02-05 16:00:00,3.9,22,-9.97472,-68.81,-1.460965714322057,-3.616017032810471
2012-02-05 17:00:00,4.4,9,-9.97472,-68.81,-0.6883116461770159,-4.3458286986186065
2012-02-05 18:00:00,4.1,315,-9.97472,-68.81,2.8991378028648453,-2.899137802864844
2012-02-05 19:00:00,5.8,266,-9.97472,-68.81,5.78587149150698,0.40458754771592836
2012-02-05 20:00:00,5.1,231,-9.97472,-68.81,3.96344440343055,3.2095339943541727
2012-02-05 21:00:00,5.1,219,-9.97472,-68.81,3.2095339943541714,3.9634444034305507
2012-02-05 22:00:00,4.9,216,-9.97472,-68.81,2.880147736233118,3.964183272437243
2012-02-05 23:00:00,5.3,242,-9.97472,-68.81,4.679622242152313,2.488199282765221
2012-02-06 00:00:00,4.0,207,-9.97472,-68.81,1.8159619989581868,3.5640260967534716
2012-02-06 01:00:00,3.1,225,-9.97472,-68.81,2.192031021678297,2.192031021678298
2012-02-06 02:00:00,3.0,284,-9.97472,-68.81,2.9108871788279895,-0.7257656867990023
2012-02-06 03:00:00,2.3,252,-9.97472,-68.81,2.1874299874788528,0.7107390870623793
2012-02-06 04:00:00,4.3,180,-9.97472,-68.81,-5.265981236333618e-16,4.3
2012-02-06 05:00:00,4.9,197,-9.97472,-68.81,1.4326213531414103,4.685893304218874
2012-02-06 06:00:00,5.5,203,-9.97472,-68.81,2.1490212066910046,5.062776693988422
2012-02-06 07:00:00,6.0,213,-9.97472,-68.81,3.2678342100901627,5.032023407672544
2012-02-06 08:00:00,6.8,212,-9.97472,-68.81,3.6034509967857926,5.766727053863697
2012-02-06 09:00:00,6.8,198,-9.97472,-68.81,2.1013155617496415,6.467184310807045
2012-02-06 10:00:00,5.6,195,-9.97472,-68.81,1.4493866525741164,5.4091846272187825
2012-02-06 11:00:00,5.2,192,-9.97472,-68.81,1.0811407922523495,5.086367523815789
2012-02-06 12:00:00,4.9,197,-9.97472,-68.81,1.4326213531414103,4.685893304218874
2012-02-06 13:00:00,4.5,209,-9.97472,-68.81,2.181643291108516,3.9357886821272814
2012-02-06 14:00:00,4.3,204,-9.97472,-68.81,1.7489675652259409,3.9282454678631837
2012-02-06 15:00:00,3.4,198,-9.97472,-68.81,1.0506577808748208,3.2335921554035223
2012-02-06 16:00:00,2.9,173,-9.97472,-68.81,-0.35342109587492787,2.8783838397598336
2012-02-06 17:00:00,3.7,169,-9.97472,-68.81,-0.7059932828932164,3.632020578756357
2012-02-06 18:00:00,2.4,153,-9.97472,-68.81,-1.0895771993749124,2.138415658052083
2012-02-06 19:00:00,2.8,40,-9.97472,-68.81,-1.7998053071223097,-2.1449244407331385
2012-02-06 20:00:00,1.6,333,-9.97472,-68.81,0.7263847995832752,-1.4256104387013886
2012-02-06 21:00:00,2.1,329,-9.97472,-68.81,1.0815799573111144,-1.8000513314744355
2012-02-06 22:00:00,2.8,320,-9.97472,-68.81,1.7998053071223108,-2.1449244407331376
2012-02-06 23:00:00,2.1,301,-9.97472,-68.81,1.800051331474436,-1.0815799573111138
2012-02-07 00:00:00,0.7,270,-9.97472,-68.81,0.7,1.2858791391047207e-16
2012-02-07 01:00:00,1.3,304,-9.97472,-68.81,1.0777488443215542,-0.7269507745119711
2012-02-07 02:00:00,0.8,297,-9.97472,-68.81,0.7128052193506944,-0.3631923997916373
2012-02-07 03:00:00,1.4,270,-9.97472,-68.81,1.4,2.5717582782094415e-16
2012-02-07 04:00:00,2.3,252,-9.97472,-68.81,2.1874299874788528,0.7107390870623793
2012-02-07 05:00:00,2.2,270,-9.97472,-68.81,2.2,4.0413344371862655e-16
2012-02-07 06:00:00,2.4,297,-9.97472,-68.81,2.1384156580520832,-1.089577199374912
2012-02-07 07:00:00,0.5,315,-9.97472,-68.81,0.35355339059327384,-0.3535533905932737
2012-02-07 08:00:00,1.1,360,-9.97472,-68.81,2.6942229581241775e-16,-1.1
2012-02-07 09:00:00,3.2,333,-9.97472,-68.81,1.4527695991665504,-2.851220877402777
2012-02-07 10:00:00,3.4,328,-9.97472,-68.81,1.801725498392897,-2.883363526931848
2012-02-07 11:00:00,3.4,342,-9.97472,-68.81,1.0506577808748219,-3.233592155403522
2012-02-07 12:00:00,3.2,360,-9.97472,-68.81,7.837739514543061e-16,-3.2
2012-02-07 13:00:00,3.3,6,-9.97472,-68.81,-0.3449439287832564,-3.2819222547153015
2012-02-07 14:00:00,3.7,11,-9.97472,-68.81,-0.7059932828932158,-3.632020578756357
2012-02-07 15:00:00,4.7,4,-9.97472,-68.81,-0.3278554265973889,-4.688551036221174
2012-02-07 16:00:00,5.4,8,-9.97472,-68.81,-0.7515347451843534,-5.34744757120448
2012-02-07 17:00:00,5.4,4,-9.97472,-68.81,-0.37668495821827663,-5.386845871403051
2012-02-07 18:00:00,7.0,348,-9.97472,-68.81,1.4553818357243191,-6.847033205136639
2012-02-07 19:00:00,3.3,283,-9.97472,-68.81,3.2154212137912763,-0.7423384793347542
2012-02-07 20:00:00,4.2,329,-9.97472,-68.81,2.163159914622229,-3.600102662948871
2012-02-07 21:00:00,4.5,331,-9.97472,-68.81,2.181643291108516,-3.9357886821272814
2012-02-07 22:00:00,3.8,287,-9.97472,-68.81,3.6339580726595346,-1.1110124779463995
2012-02-07 23:00:00,6.5,273,-9.97472,-68.81,6.49109197590473,-0.3401837155791356
2012-02-08 00:00:00,7.2,288,-9.97472,-68.81,6.847606917325106,-2.22492235949962
2012-02-08 01:00:00,7.1,294,-9.97472,-68.81,6.486172749262467,-2.887830165838178
2012-02-08 02:00:00,7.6,295,-9.97472,-68.81,6.887939181478539,-3.2118987892293167
2012-02-08 03:00:00,7.1,300,-9.97472,-68.81,6.148780366869514,-3.5500000000000007
2012-02-08 04:00:00,6.9,313,-9.97472,-68.81,5.046340541172276,-4.705788684431241
2012-02-08 05:00:00,6.6,319,-9.97472,-68.81,4.329989591337348,-4.981083229470294
2012-02-08 06:00:00,6.6,319,-9.97472,-68.81,4.329989591337348,-4.981083229470294
2012-02-08 07:00:00,7.1,315,-9.97472,-68.81,5.020458146424488,-5.0204581464244855
2012-02-08 08:00:00,7.1,315,-9.97472,-68.81,5.020458146424488,-5.0204581464244855
2012-02-08 09:00:00,6.9,317,-9.97472,-68.81,4.705788684431238,-5.046340541172278
2012-02-08 10:00:00,10.7,315,-9.97472,-68.81,7.56604255869606,-7.566042558696056
2012-02-08 11:00:00,9.4,317,-9.97472,-68.81,6.410784584587484,-6.874724795220205
2012-02-08 12:00:00,7.9,313,-9.97472,-68.81,5.777694242791446,-5.387787044493739
2012-02-08 13:00:00,6.6,319,-9.97472,-68.81,4.329989591337348,-4.981083229470294
2012-02-08 14:00:00,6.9,321,-9.97472,-68.81,4.342310698243882,-5.362307134053097
2012-02-08 15:00:00,7.8,326,-9.97472,-68.81,4.361704647071823,-6.466493065929326
2012-02-08 16:00:00,8.2,331,-9.97472,-68.81,3.9754388860199623,-7.171881598543045
2012-02-08 17:00:00,7.8,338,-9.97472,-68.81,2.921931428644116,-7.232034065620941
2012-02-08 18:00:00,6.3,347,-9.97472,-68.81,1.4171916423663515,-6.1385314081469815
2012-02-08 19:00:00,6.5,354,-9.97472,-68.81,0.6794350112397471,-6.4643923198937765
2012-02-08 20:00:00,6.9,321,-9.97472,-68.81,4.342310698243882,-5.362307134053097
2012-02-08 21:00:00,6.6,315,-9.97472,-68.81,4.666904755831214,-4.6669047558312124
2012-02-08 22:00:00,7.5,305,-9.97472,-68.81,6.143640332167439,-4.301823272632845
2012-02-08 23:00:00,7.2,307,-9.97472,-68.81,5.75017567234051,-4.333068166694745
2012-02-09 00:00:00,7.6,315,-9.97472,-68.81,5.374011537017762,-5.3740115370177595
2012-02-09 01:00:00,7.7,332,-9.97472,-68.81,3.6149310334513594,-6.798696465013737
2012-02-09 02:00:00,8.3,342,-9.97472,-68.81,2.5648410533120654,-7.893769085249775
2012-02-09 03:00:00,8.6,345,-9.97472,-68.81,2.225843787881678,-8.306962106085987
2012-02-09 04:00:00,9.3,347,-9.97472,-68.81,2.092044805397948,-9.061641602502688
2012-02-09 05:00:00,9.1,342,-9.97472,-68.81,2.812054648812023,-8.654614298285896
2012-02-09 06:00:00,8.1,328,-9.97472,-68.81,4.292346040288961,-6.86918957886705
2012-02-09 07:00:00,7.0,305,-9.97472,-68.81,5.7340643100229425,-4.015035054457322
2012-02-09 08:00:00,7.2,297,-9.97472,-68.81,6.41524697415625,-3.268731598124736
2012-02-09 09:00:00,5.8,300,-9.97472,-68.81,5.0229473419497435,-2.9000000000000004
2012-02-09 10:00:00,6.8,302,-9.97472,-68.81,5.766727053863698,-3.6034509967857917
2012-02-09 11:00:00,7.2,307,-9.97472,-68.81,5.75017567234051,-4.333068166694745
2012-02-09 12:00:00,7.4,313,-9.97472,-68.81,5.412017391981861,-5.04678786446249
2012-02-09 13:00:00,6.9,321,-9.97472,-68.81,4.342310698243882,-5.362307134053097
2012-02-09 14:00:00,6.4,333,-9.97472,-68.81,2.9055391983331007,-5.702441754805554
2012-02-09 15:00:00,5.2,335,-9.97472,-68.81,2.1976149610516362,-4.71280049259058
2012-02-09 16:00:00,4.0,333,-9.97472,-68.81,1.8159619989581879,-3.564026096753471
2012-02-09 17:00:00,4.5,346,-9.97472,-68.81,1.0886485301985054,-4.366330768241984
2012-02-09 18:00:00,3.7,11,-9.97472,-68.81,-0.7059932828932158,-3.632020578756357
2012-02-09 19:00:00,3.6,6,-9.97472,-68.81,-0.37630246776355253,-3.580278823325784
2012-02-09 20:00:00,4.1,38,-9.97472,-68.81,-2.524212048835199,-3.2308440897875594
2012-02-09 21:00:00,5.1,51,-9.97472,-68.81,-3.963444403430551,-3.209533994354171
2012-02-09 22:00:00,8.7,45,-9.97472,-68.81,-6.151828996322962,-6.151828996322964
2012-02-09 23:00:00,8.9,32,-9.97472,-68.81,-4.716281451675524,-7.547628055792192
2012-02-10 00:00:00,8.4,25,-9.97472,-68.81,-3.5499933986218752,-7.61298541110786
2012-02-10 01:00:00,7.2,27,-9.97472,-68.81,-3.2687315981247367,-6.415246974156249
2012-02-10 02:00:00,6.6,13,-9.97472,-68.81,-1.484676958669509,-6.430842427582553
2012-02-10 03:00:00,6.6,351,-9.97472,-68.81,1.0324674692655254,-6.5187430479279085
2012-02-10 04:00:00,7.4,337,-9.97472,-68.81,2.891410350820627,-6.811735915548058
2012-02-10 05:00:00,7.5,325,-9.97472,-68.81,4.3018232726328485,-6.143640332167437
2012-02-10 06:00:00,7.1,319,-9.97472,-68.81,4.658019105832603,-5.35843801958168
2012-02-10 07:00:00,5.8,338,-9.97472,-68.81,2.1727182418122917,-5.377666356487366
2012-02-10 08:00:00,5.9,346,-9.97472,-68.81,1.4273391840380405,-5.7247447850283795
2012-02-10 09:00:00,4.0,333,-9.97472,-68.81,1.8159619989581879,-3.564026096753471
2012-02-10 10:00:00,4.3,312,-9.97472,-68.81,3.1955227495527967,-2.8772616073430886
2012-02-10 11:00:00,6.8,288,-9.97472,-68.81,6.467184310807045,-2.101315561749641
2012-02-10 12:00:00,7.6,273,-9.97472,-68.81,7.589584464134761,-0.39775326744637396
2012-02-10 13:00:00,8.0,262,-9.97472,-68.81,7.922144549932562,1.1133848076805266
2012-02-10 14:00:00,5.7,288,-9.97472,-68.81,5.421022142882376,-1.7613968679371992
2012-02-10 15:00:00,4.8,333,-9.97472,-68.81,2.179154398749825,-4.276831316104166
2012-02-10 16:00:00,7.6,25,-9.97472,-68.81,-3.211898789229316,-6.887939181478539
2012-02-10 17:00:00,5.9,11,-9.97472,-68.81,-1.1257730727216144,-5.791600382341218
2012-02-10 18:00:00,4.7,356,-9.97472,-68.81,0.3278554265973905,-4.688551036221174
2012-02-10 19:00:00,5.2,344,-9.97472,-68.81,1.4333142502483947,-4.998560818879258
2012-02-10 20:00:00,3.1,324,-9.97472,-68.81,1.8221342821066675,-2.507952682562337
2012-02-10 21:00:00,2.2,189,-9.97472,-68.81,0.3441558230885076,2.1729143493093033
2012-02-10 22:00:00,1.8,127,-9.97472,-68.81,-1.4375439180851268,1.0832670416736871
2012-02-10 23:00:00,2.5,82,-9.97472,-68.81,-2.475670171853926,-0.34793275240016364
2012-02-11 00:00:00,0.8,153,-9.97472,-68.81,-0.36319239979163753,0.7128052193506943
2012-02-11 01:00:00,1.8,217,-9.97472,-68.81,1.0832670416736871,1.437543918085127
2012-02-11 02:00:00,3.3,221,-9.97472,-68.81,2.1649947956686733,2.490541614735148
2012-02-11 03:00:00,4.0,207,-9.97472,-68.81,1.8159619989581868,3.5640260967534716
2012-02-11 04:00:00,3.5,204,-9.97472,-68.81,1.4235782507653008,3.197409101749103
2012-02-11 05:00:00,5.4,200,-9.97472,-68.81,1.846908773958611,5.074340152243906
2012-02-11 06:00:00,6.0,197,-9.97472,-68.81,1.7542302283364206,5.737828535778212
2012-02-11 07:00:00,4.7,157,-9.97472,-68.81,-1.8364363038995868,4.32637281122647
2012-02-11 08:00:00,3.9,146,-9.97472,-68.81,-2.180852323535913,3.2332465329646625
2012-02-11 09:00:00,1.5,76,-9.97472,-68.81,-1.4554435894139948,-0.3628828433995015
2012-02-11 10:00:00,1.9,22,-9.97472,-68.81,-0.7117525274902328,-1.761649323676896
2012-02-11 11:00:00,2.3,321,-9.97472,-68.81,1.447436899414627,-1.7874357113510322
2012-02-11 12:00:00,3.3,311,-9.97472,-68.81,2.4905416147351485,-2.1649947956686733
2012-02-11 13:00:00,2.1,329,-9.97472,-68.81,1.0815799573111144,-1.8000513314744355
2012-02-11 14:00:00,1.9,338,-9.97472,-68.81,0.7117525274902334,-1.7616493236768958
2012-02-11 15:00:00,3.0,346,-9.97472,-68.81,0.7257656867990037,-2.9108871788279895
2012-02-11 16:00:00,3.4,328,-9.97472,-68.81,1.801725498392897,-2.883363526931848
2012-02-11 17:00:00,3.3,311,-9.97472,-68.81,2.4905416147351485,-2.1649947956686733
2012-02-11 18:00:00,3.9,304,-9.97472,-68.81,3.2332465329646625,-2.1808523235359134
2012-02-11 19:00:00,3.3,276,-9.97472,-68.81,3.281922254715302,-0.3449439287832548
2012-02-11 20:00:00,3.6,225,-9.97472,-68.81,2.545584412271571,2.545584412271572
2012-02-11 21:00:00,3.1,249,-9.97472,-68.81,2.894099322141325,1.1109406435904323
2012-02-11 22:00:00,3.3,257,-9.97472,-68.81,3.215421213791276,0.7423384793347553
2012-02-11 23:00:00,4.3,246,-9.97472,-68.81,3.928245467863184,1.7489675652259404
2012-02-12 00:00:00,4.1,255,-9.97472,-68.81,3.96029588778518,1.0611580849203346
2012-02-12 01:00:00,5.7,252,-9.97472,-68.81,5.421022142882375,1.7613968679372012
2012-02-12 02:00:00,4.0,265,-9.97472,-68.81,3.984778792366982,0.348622970990633
2012-02-12 03:00:00,2.9,277,-9.97472,-68.81,2.8783838397598336,-0.35342109587492826
2012-02-12 04:00:00,2.3,342,-9.97472,-68.81,0.7107390870623794,-2.1874299874788528
2012-02-12 05:00:00,2.7,337,-9.97472,-68.81,1.0549740469210396,-2.4853631043215887
2012-02-12 06:00:00,2.2,351,-9.97472,-68.81,0.3441558230885085,-2.172914349309303
2012-02-12 07:00:00,3.7,331,-9.97472,-68.81,1.7937955949114466,-3.236092916415765
2012-02-12 08:00:00,4.1,322,-9.97472,-68.81,2.5242120488351985,-3.23084408978756
2012-02-12 09:00:00,4.3,318,-9.97472,-68.81,2.87726160734309,-3.195522749552795
2012-02-12 10:00:00,5.0,300,-9.97472,-68.81,4.330127018922193,-2.5000000000000004
2012-02-12 11:00:00,6.1,310,-9.97472,-68.81,4.672871103025766,-3.921004419087889
2012-02-12 12:00:00,8.3,304,-9.97472,-68.81,6.881011852206846,-4.641301098807201
2012-02-12 13:00:00,8.7,318,-9.97472,-68.81,5.821436275322065,-6.46535998165333
2012-02-12 14:00:00,8.7,318,-9.97472,-68.81,5.821436275322065,-6.46535998165333
2012-02-12 15:00:00,8.2,319,-9.97472,-68.81,5.37968403772216,-6.188618557826729
2012-02-12 16:00:00,7.4,313,-9.97472,-68.81,5.412017391981861,-5.04678786446249
2012-02-12 17:00:00,9.2,312,-9.97472,-68.81,6.836932394392029,-6.156001578501491
2012-02-12 18:00:00,5.3,332,-9.97472,-68.81,2.4881992827652213,-4.679622242152313
2012-02-12 19:00:00,4.8,222,-9.97472,-68.81,3.2118269105225195,3.5670951622914924
2012-02-12 20:00:00,2.2,189,-9.97472,-68.81,0.3441558230885076,2.1729143493093033
2012-02-12 21:00:00,1.8,90,-9.97472,-68.81,-1.8,-1.1021821192326179e-16
2012-02-12 22:00:00,3.4,32,-9.97472,-68.81,-1.8017254983928965,-2.883363526931848
2012-02-12 23:00:00,6.0,327,-9.97472,-68.81,3.267834210090162,-5.032023407672544
2012-02-13 00:00:00,3.9,338,-9.97472,-68.81,1.460965714322058,-3.6160170328104706
2012-02-13 01:00:00,2.9,7,-9.97472,-68.81,-0.35342109587492765,-2.8783838397598336
2012-02-13 02:00:00,4.0,360,-9.97472,-68.81,9.797174393178826e-16,-4.0
2012-02-13 03:00:00,5.5,349,-9.97472,-68.81,1.0494494745709957,-5.3989495089621515
2012-02-13 04:00:00,7.0,348,-9.97472,-68.81,1.4553818357243191,-6.847033205136639
2012-02-13 05:00:00,7.5,343,-9.97472,-68.81,2.1927877854205287,-7.172285669722765
2012-02-13 06:00:00,9.0,337,-9.97472,-68.81,3.516580156403465,-8.284543681071963
2012-02-13 07:00:00,5.6,320,-9.97472,-68.81,3.5996106142446216,-4.289848881466275
2012-02-13 08:00:00,5.8,338,-9.97472,-68.81,2.1727182418122917,-5.377666356487366
2012-02-13 09:00:00,4.8,347,-9.97472,-68.81,1.0797650608505536,-4.6769763109691285
2012-02-13 10:00:00,5.2,344,-9.97472,-68.81,1.4333142502483947,-4.998560818879258
2012-02-13 11:00:00,7.8,338,-9.97472,-68.81,2.921931428644116,-7.232034065620941
2012-02-13 12:00:00,7.9,330,-9.97472,-68.81,3.9500000000000037,-6.841600689897064
2012-02-13 13:00:00,7.0,325,-9.97472,-68.81,4.015035054457325,-5.734064310022941
2012-02-13 14:00:00,6.6,319,-9.97472,-68.81,4.329989591337348,-4.981083229470294
2012-02-13 15:00:00,7.1,319,-9.97472,-68.81,4.658019105832603,-5.35843801958168
2012-02-13 16:00:00,7.6,315,-9.97472,-68.81,5.374011537017762,-5.3740115370177595
2012-02-13 17:00:00,7.5,325,-9.97472,-68.81,4.3018232726328485,-6.143640332167437
2012-02-13 18:00:00,4.4,325,-9.97472,-68.81,2.5237363199446046,-3.604268994871563
2012-02-13 19:00:00,2.3,252,-9.97472,-68.81,2.1874299874788528,0.7107390870623793
2012-02-13 20:00:00,1.4,90,-9.97472,-68.81,-1.4,-8.572527594031472e-17
2012-02-13 21:00:00,2.9,30,-9.97472,-68.81,-1.4499999999999997,-2.511473670974872
2012-02-13 22:00:00,4.7,23,-9.97472,-68.81,-1.8364363038995868,-4.32637281122647
2012-02-13 23:00:00,6.3,31,-9.97472,-68.81,-3.244739871933341,-5.400153994423308
2012-02-14 00:00:00,6.9,39,-9.97472,-68.81,-4.342310698243878,-5.3623071340531
2012-02-14 01:00:00,6.6,49,-9.97472,-68.81,-4.981083229470295,-4.329989591337347
2012-02-14 02:00:00,6.4,52,-9.97472,-68.81,-5.043268823083022,-3.9402334420842133
2012-02-14 03:00:00,5.7,55,-9.97472,-68.81,-4.669166652447253,-3.269385687200963
2012-02-14 04:00:00,4.2,31,-9.97472,-68.81,-2.1631599146222276,-3.600102662948872
2012-02-14 05:00:00,5.4,48,-9.97472,-68.81,-4.012982057577929,-3.6133052743378347
2012-02-14 06:00:00,5.5,32,-9.97472,-68.81,-2.914555953282627,-4.664264528860342
2012-02-14 07:00:00,5.8,353,-9.97472,-68.81,0.7068421917498539,-5.756767679519668
2012-02-14 08:00:00,5.8,4,-9.97472,-68.81,-0.40458754771592675,-5.78587149150698
2012-02-14 09:00:00,5.2,34,-9.97472,-68.81,-2.907803098047884,-4.310995377286217
2012-02-14 10:00:00,6.0,33,-9.97472,-68.81,-3.2678342100901627,-5.032023407672544
2012-02-14 11:00:00,6.4,27,-9.97472,-68.81,-2.9055391983330994,-5.702441754805555
2012-02-14 12:00:00,5.5,32,-9.97472,-68.81,-2.914555953282627,-4.664264528860342
2012-02-14 13:00:00,5.5,11,-9.97472,-68.81,-1.0494494745709964,-5.3989495089621515
2012-02-14 14:00:00,4.3,5,-9.97472,-68.81,-0.3747696938149301,-4.283637201794505
2012-02-14 15:00:00,1.5,346,-9.97472,-68.81,0.36288284339950183,-1.4554435894139948
2012-02-14 16:00:00,2.2,261,-9.97472,-68.81,2.172914349309303,0.3441558230885083
2012-02-14 17:00:00,4.3,246,-9.97472,-68.81,3.928245467863184,1.7489675652259404
2012-02-14 18:00:00,2.3,252,-9.97472,-68.81,2.1874299874788528,0.7107390870623793
2012-02-14 19:00:00,1.1,72,-9.97472,-68.81,-1.0461621679246689,-0.3399186938124422
2012-02-14 20:00:00,1.6,117,-9.97472,-68.81,-1.4256104387013888,0.7263847995832747
2012-02-14 21:00:00,2.7,157,-9.97472,-68.81,-1.0549740469210394,2.485363104321589
2012-02-14 22:00:00,4.2,149,-9.97472,-68.81,-2.1631599146222285,3.6001026629488715
2012-02-14 23:00:00,4.9,107,-9.97472,-68.81,-4.685893304218874,1.4326213531414098
2012-02-15 00:00:00,6.3,103,-9.97472,-68.81,-6.1385314081469815,1.4171916423663498
2012-02-15 01:00:00,6.5,84,-9.97472,-68.81,-6.4643923198937765,-0.6794350112397475
2012-02-15 02:00:00,6.5,56,-9.97472,-68.81,-5.388744221607771,-3.634753872559854
2012-02-15 03:00:00,6.2,36,-9.97472,-68.81,-3.6442685642133337,-5.0159053651246746
2012-02-15 04:00:00,6.6,22,-9.97472,-68.81,-2.472403516545019,-6.1194134401407965
2012-02-15 05:00:00,6.2,10,-9.97472,-68.81,-1.0766187015349682,-6.10580806867569
2012-02-15 06:00:00,6.8,18,-9.97472,-68.81,-2.1013155617496424,-6.467184310807044
2012-02-15 07:00:00,4.1,45,-9.97472,-68.81,-2.8991378028648445,-2.899137802864845
2012-02-15 08:00:00,4.6,39,-9.97472,-68.81,-2.8948737988292517,-3.5748714227020657
2012-02-15 09:00:00,3.0,14,-9.97472,-68.81,-0.7257656867990032,-2.9108871788279895
2012-02-15 10:00:00,3.7,331,-9.97472,-68.81,1.7937955949114466,-3.236092916415765
2012-02-15 11:00:00,3.1,315,-9.97472,-68.81,2.192031021678298,-2.192031021678297
2012-02-15 12:00:00,3.6,323,-9.97472,-68.81,2.166534083347374,-2.875087836170254
2012-02-15 13:00:00,3.8,319,-9.97472,-68.81,2.493024310163928,-2.867896404846533
2012-02-15 14:00:00,5.6,345,-9.97472,-68.81,1.4493866525741157,-5.4091846272187825
2012-02-15 15:00:00,7.1,336,-9.97472,-68.81,2.887830165838181,-6.486172749262467
2012-02-15 16:00:00,5.9,349,-9.97472,-68.81,1.1257730727216135,-5.791600382341218
2012-02-15 17:00:00,6.1,360,-9.97472,-68.81,1.4940690949597709e-15,-6.1
2012-02-15 18:00:00,7.6,357,-9.97472,-68.81,0.3977532674463772,-7.589584464134761
2012-02-15 19:00:00,5.7,325,-9.97472,-68.81,3.2693856872009652,-4.669166652447252
2012-02-15 20:00:00,3.0,346,-9.97472,-68.81,0.7257656867990037,-2.9108871788279895
2012-02-15 21:00:00,2.6,56,-9.97472,-68.81,-2.1554976886431088,-1.4539015490239418
2012-02-15 22:00:00,5.2,78,-9.97472,-68.81,-5.086367523815789,-1.0811407922523493
2012-02-15 23:00:00,6.2,80,-9.97472,-68.81,-6.10580806867569,-1.0766187015349686
2012-02-16 00:00:00,6.4,74,-9.97472,-68.81,-6.1520748540052415,-1.7640790772287946
2012-02-16 01:00:00,6.0,65,-9.97472,-68.81,-5.437846722219899,-2.5357095704441965
2012-02-16 02:00:00,6.9,47,-9.97472,-68.81,-5.046340541172277,-4.70578868443124
2012-02-16 03:00:00,7.1,24,-9.97472,-68.81,-2.8878301658381815,-6.486172749262466
2012-02-16 04:00:00,7.6,8,-9.97472,-68.81,-1.0577155672964973,-7.5260373224359345
2012-02-16 05:00:00,7.2,3,-9.97472,-68.81,-0.37681888494919563,-7.190132650232932
2012-02-16 06:00:00,7.7,349,-9.97472,-68.81,1.469229264399394,-7.558529312547013
2012-02-16 07:00:00,5.8,30,-9.97472,-68.81,-2.8999999999999995,-5.022947341949744
2012-02-16 08:00:00,4.5,29,-9.97472,-68.81,-2.1816432911085166,-3.935788682127281
2012-02-16 09:00:00,5.9,43,-9.97472,-68.81,-4.023790324368742,-4.314986839553106
2012-02-16 10:00:00,9.9,33,-9.97472,-68.81,-5.391926446648768,-8.302838622659698
2012-02-16 11:00:00,7.5,17,-9.97472,-68.81,-2.192787785420526,-7.172285669722766
2012-02-16 12:00:00,7.2,6,-9.97472,-68.81,-0.7526049355271051,-7.160557646651568
2012-02-16 13:00:00,6.9,351,-9.97472,-68.81,1.0793978087775948,-6.81504955010645
2012-02-16 14:00:00,7.2,342,-9.97472,-68.81,2.224922359499623,-6.8476069173251055
2012-02-16 15:00:00,7.1,336,-9.97472,-68.81,2.887830165838181,-6.486172749262467
2012-02-16 16:00:00,6.9,332,-9.97472,-68.81,3.2393537832226467,-6.092338390726596
2012-02-16 17:00:00,6.0,335,-9.97472,-68.81,2.535709570444195,-5.4378467222199
2012-02-16 18:00:00,4.3,336,-9.97472,-68.81,1.7489675652259407,-3.928245467863184
2012-02-16 19:00:00,6.4,322,-9.97472,-68.81,3.9402334420842124,-5.043268823083022
2012-02-16 20:00:00,3.2,360,-9.97472,-68.81,7.837739514543061e-16,-3.2
2012-02-16 21:00:00,3.3,347,-9.97472,-68.81,0.7423384793347556,-3.215421213791276
2012-02-16 22:00:00,1.9,112,-9.97472,-68.81,-1.761649323676896,0.7117525274902329
2012-02-16 23:00:00,3.3,84,-9.97472,-68.81,-3.2819222547153015,-0.3449439287832564
2012-02-17 00:00:00,5.8,94,-9.97472,-68.81,-5.78587149150698,0.4045875477159269
2012-02-17 01:00:00,5.2,102,-9.97472,-68.81,-5.08636752381579,1.0811407922523486
2012-02-17 02:00:00,2.9,150,-9.97472,-68.81,-1.4499999999999997,2.511473670974872
2012-02-17 03:00:00,3.7,151,-9.97472,-68.81,-1.7937955949114477,3.2360929164157644
2012-02-17 04:00:00,3.0,104,-9.97472,-68.81,-2.9108871788279895,0.7257656867990033
2012-02-17 05:00:00,4.1,75,-9.97472,-68.81,-3.96029588778518,-1.061158084920335
2012-02-17 06:00:00,6.0,65,-9.97472,-68.81,-5.437846722219899,-2.5357095704441965
2012-02-17 07:00:00,5.2,56,-9.97472,-68.81,-4.3109953772862175,-2.9078030980478835
2012-02-17 08:00:00,5.7,35,-9.97472,-68.81,-3.2693856872009626,-4.669166652447253
2012-02-17 09:00:00,6.4,43,-9.97472,-68.81,-4.36478950439999,-4.6806636903626915
2012-02-17 10:00:00,6.2,36,-9.97472,-68.81,-3.6442685642133337,-5.0159053651246746
2012-02-17 11:00:00,5.6,40,-9.97472,-68.81,-3.5996106142446194,-4.289848881466277
2012-02-17 12:00:00,5.1,39,-9.97472,-68.81,-3.2095339943541705,-3.963444403430551
2012-02-17 13:00:00,5.5,32,-9.97472,-68.81,-2.914555953282627,-4.664264528860342
2012-02-17 14:00:00,5.2,25,-9.97472,-68.81,-2.197614961051637,-4.7128004925905795
2012-02-17 15:00:00,5.7,18,-9.97472,-68.81,-1.7613968679372003,-5.421022142882375
2012-02-17 16:00:00,5.9,14,-9.97472,-68.81,-1.4273391840380396,-5.7247447850283795
2012-02-17 17:00:00,2.9,83,-9.97472,-68.81,-2.8783838397598336,-0.3534210958749277
2012-02-17 18:00:00,2.2,99,-9.97472,-68.81,-2.1729143493093033,0.34415582308850784
2012-02-17 19:00:00,0.4,180,-9.97472,-68.81,-4.898587196589413e-17,0.4
2012-02-17 20:00:00,2.1,149,-9.97472,-68.81,-1.0815799573111142,1.8000513314744357
2012-02-17 21:00:00,1.8,180,-9.97472,-68.81,-2.2043642384652358e-16,1.8
2012-02-17 22:00:00,2.4,117,-9.97472,-68.81,-2.138415658052083,1.089577199374912
2012-02-17 23:00:00,1.1,180,-9.97472,-68.81,-1.3471114790620887e-16,1.1
2012-02-18 00:00:00,1.8,143,-9.97472,-68.81,-1.0832670416736867,1.4375439180851273
2012-02-18 01:00:00,1.9,22,-9.97472,-68.81,-0.7117525274902328,-1.761649323676896
2012-02-18 02:00:00,2.1,31,-9.97472,-68.81,-1.0815799573111138,-1.800051331474436
2012-02-18 03:00:00,1.3,56,-9.97472,-68.81,-1.0777488443215544,-0.7269507745119709
2012-02-18 04:00:00,1.1,270,-9.97472,-68.81,1.1,2.0206672185931328e-16
2012-02-18 05:00:00,1.6,117,-9.97472,-68.81,-1.4256104387013888,0.7263847995832747
2012-02-18 06:00:00,3.3,77,-9.97472,-68.81,-3.2154212137912763,-0.7423384793347542
2012-02-18 07:00:00,5.9,38,-9.97472,-68.81,-3.6324027044213842,-4.64926344627966
2012-02-18 08:00:00,7.9,30,-9.97472,-68.81,-3.9499999999999997,-6.841600689897066
2012-02-18 09:00:00,8.8,35,-9.97472,-68.81,-5.047472639889206,-7.208537989743128
2012-02-18 10:00:00,8.2,38,-9.97472,-68.81,-5.048424097670398,-6.461688179575119
2012-02-18 11:00:00,6.3,24,-9.97472,-68.81,-2.5624408513775414,-5.755336383148386
2012-02-18 12:00:00,5.0,21,-9.97472,-68.81,-1.7918397477265013,-4.667902132486009
2012-02-18 13:00:00,5.8,22,-9.97472,-68.81,-2.1727182418122895,-5.377666356487367
2012-02-18 14:00:00,5.3,28,-9.97472,-68.81,-2.4881992827652213,-4.679622242152313
2012-02-18 15:00:00,6.4,43,-9.97472,-68.81,-4.36478950439999,-4.6806636903626915
2012-02-18 16:00:00,6.9,47,-9.97472,-68.81,-5.046340541172277,-4.70578868443124
2012-02-18 17:00:00,4.4,55,-9.97472,-68.81,-3.604268994871564,-2.5237363199446032
2012-02-18 18:00:00,2.9,90,-9.97472,-68.81,-2.9,-1.7757378587636622e-16
2012-02-18 19:00:00,2.9,83,-9.97472,-68.81,-2.8783838397598336,-0.3534210958749277
2012-02-18 20:00:00,1.1,72,-9.97472,-68.81,-1.0461621679246689,-0.3399186938124422
2012-02-18 21:00:00,1.1,198,-9.97472,-68.81,0.33991869381244205,1.046162167924669
2012-02-18 22:00:00,2.0,225,-9.97472,-68.81,1.414213562373095,1.4142135623730954
2012-02-18 23:00:00,2.3,219,-9.97472,-68.81,1.4474368994146265,1.7874357113510326
2012-02-19 00:00:00,1.6,207,-9.97472,-68.81,0.7263847995832747,1.4256104387013888
2012-02-19 01:00:00,1.5,194,-9.97472,-68.81,0.3628828433995013,1.4554435894139948
2012-02-19 02:00:00,1.0,225,-9.97472,-68.81,0.7071067811865475,0.7071067811865477
2012-02-19 03:00:00,0.4,180,-9.97472,-68.81,-4.898587196589413e-17,0.4
2012-02-19 04:00:00,0.8,117,-9.97472,-68.81,-0.7128052193506944,0.36319239979163737
2012-02-19 05:00:00,1.8,127,-9.97472,-68.81,-1.4375439180851268,1.0832670416736871
2012-02-19 06:00:00,1.3,146,-9.97472,-68.81,-0.726950774511971,1.0777488443215542
2012-02-19 07:00:00,1.0,225,-9.97472,-68.81,0.7071067811865475,0.7071067811865477
2012-02-19 08:00:00,0.5,225,-9.97472,-68.81,0.35355339059327373,0.35355339059327384
2012-02-19 09:00:00,2.0,45,-9.97472,-68.81,-1.414213562373095,-1.4142135623730951
2012-02-19 10:00:00,2.3,39,-9.97472,-68.81,-1.4474368994146258,-1.7874357113510329
2012-02-19 11:00:00,3.4,18,-9.97472,-68.81,-1.0506577808748212,-3.233592155403522
2012-02-19 12:00:00,4.5,29,-9.97472,-68.81,-2.1816432911085166,-3.935788682127281
2012-02-19 13:00:00,5.8,30,-9.97472,-68.81,-2.8999999999999995,-5.022947341949744
2012-02-19 14:00:00,5.0,30,-9.97472,-68.81,-2.4999999999999996,-4.330127018922194
2012-02-19 15:00:00,5.0,30,-9.97472,-68.81,-2.4999999999999996,-4.330127018922194
2012-02-19 16:00:00,5.2,34,-9.97472,-68.81,-2.907803098047884,-4.310995377286217
2012-02-19 17:00:00,5.1,45,-9.97472,-68.81,-3.606244584051392,-3.6062445840513924
2012-02-19 18:00:00,3.7,11,-9.97472,-68.81,-0.7059932828932158,-3.632020578756357
2012-02-19 19:00:00,1.6,207,-9.97472,-68.81,0.7263847995832747,1.4256104387013888
2012-02-19 20:00:00,1.6,153,-9.97472,-68.81,-0.7263847995832751,1.4256104387013886
2012-02-19 21:00:00,1.8,169,-9.97472,-68.81,-0.34345619167778096,1.7669289302057951
2012-02-19 22:00:00,3.4,162,-9.97472,-68.81,-1.0506577808748214,3.233592155403522
2012-02-19 23:00:00,3.2,153,-9.97472,-68.81,-1.4527695991665501,2.851220877402777
2012-02-20 00:00:00,2.6,196,-9.97472,-68.81,0.7166571251241974,2.499280409439629
2012-02-20 01:00:00,2.9,270,-9.97472,-68.81,2.9,5.327213576290986e-16
2012-02-20 02:00:00,6.0,295,-9.97472,-68.81,5.437846722219899,-2.5357095704441974
2012-02-20 03:00:00,6.8,288,-9.97472,-68.81,6.467184310807045,-2.101315561749641
2012-02-20 04:00:00,5.8,274,-9.97472,-68.81,5.785871491506981,-0.40458754771592625
2012-02-20 05:00:00,4.3,246,-9.97472,-68.81,3.928245467863184,1.7489675652259404
2012-02-20 06:00:00,4.6,231,-9.97472,-68.81,3.5748714227020644,2.894873798829254
2012-02-20 07:00:00,4.4,235,-9.97472,-68.81,3.604268994871563,2.523736319944604
2012-02-20 08:00:00,4.6,252,-9.97472,-68.81,4.3748599749577055,1.4214781741247586
2012-02-20 09:00:00,2.9,263,-9.97472,-68.81,2.878383839759834,0.35342109587492676
2012-02-20 10:00:00,2.4,297,-9.97472,-68.81,2.1384156580520832,-1.089577199374912
2012-02-20 11:00:00,4.4,305,-9.97472,-68.81,3.604268994871564,-2.523736319944603
2012-02-20 12:00:00,6.4,308,-9.97472,-68.81,5.04326882308302,-3.9402334420842147
2012-02-20 13:00:00,7.1,315,-9.97472,-68.81,5.020458146424488,-5.0204581464244855
2012-02-20 14:00:00,7.4,321,-9.97472,-68.81,4.656970893768801,-5.750880114781583
2012-02-20 15:00:00,8.4,313,-9.97472,-68.81,6.143371093601031,-5.728786224524988
2012-02-20 16:00:00,9.2,318,-9.97472,-68.81,6.1560015785014945,-6.836932394392027
2012-02-20 17:00:00,8.9,328,-9.97472,-68.81,4.716281451675525,-7.547628055792192
2012-02-20 18:00:00,3.6,323,-9.97472,-68.81,2.166534083347374,-2.875087836170254
2012-02-20 19:00:00,8.7,343,-9.97472,-68.81,2.543633831087813,-8.319851376878407
2012-02-20 20:00:00,5.0,360,-9.97472,-68.81,1.2246467991473533e-15,-5.0
2012-02-20 21:00:00,2.9,330,-9.97472,-68.81,1.4500000000000013,-2.5114736709748713
2012-02-20 22:00:00,6.0,343,-9.97472,-68.81,1.7542302283364228,-5.7378285357782115
2012-02-20 23:00:00,5.9,349,-9.97472,-68.81,1.1257730727216135,-5.791600382341218
2012-02-21 00:00:00,5.4,356,-9.97472,-68.81,0.37668495821827847,-5.386845871403051
2012-02-21 01:00:00,7.1,345,-9.97472,-68.81,1.8376152202278968,-6.858073366652385
2012-02-21 02:00:00,6.8,328,-9.97472,-68.81,3.603450996785794,-5.766727053863696
2012-02-21 03:00:00,6.6,319,-9.97472,-68.81,4.329989591337348,-4.981083229470294
2012-02-21 04:00:00,7.1,319,-9.97472,-68.81,4.658019105832603,-5.35843801958168
2012-02-21 05:00:00,7.0,325,-9.97472,-68.81,4.015035054457325,-5.734064310022941
2012-02-21 06:00:00,5.9,346,-9.97472,-68.81,1.4273391840380405,-5.7247447850283795
2012-02-21 07:00:00,6.3,24,-9.97472,-68.81,-2.5624408513775414,-5.755336383148386
2012-02-21 08:00:00,5.9,346,-9.97472,-68.81,1.4273391840380405,-5.7247447850283795
2012-02-21 09:00:00,4.8,333,-9.97472,-68.81,2.179154398749825,-4.276831316104166
2012-02-21 10:00:00,8.7,315,-9.97472,-68.81,6.151828996322965,-6.151828996322961
2012-02-21 11:00:00,8.7,318,-9.97472,-68.81,5.821436275322065,-6.46535998165333
2012-02-21 12:00:00,7.5,325,-9.97472,-68.81,4.3018232726328485,-6.143640332167437
2012-02-21 13:00:00,7.0,325,-9.97472,-68.81,4.015035054457325,-5.734064310022941
2012-02-21 14:00:00,5.6,320,-9.97472,-68.81,3.5996106142446216,-4.289848881466275
2012-02-21 15:00:00,4.9,306,-9.97472,-68.81,3.964183272437243,-2.8801477362331176
2012-02-21 16:00:00,5.9,322,-9.97472,-68.81,3.6324027044213834,-4.64926344627966
2012-02-21 17:00:00,5.4,352,-9.97472,-68.81,0.7515347451843558,-5.34744757120448
2012-02-21 18:00:00,6.6,29,-9.97472,-68.81,-3.1997434936258244,-5.772490067120011
2012-02-21 19:00:00,6.1,45,-9.97472,-68.81,-4.313351365237939,-4.31335136523794
2012-02-21 20:00:00,6.4,47,-9.97472,-68.81,-4.6806636903626915,-4.36478950439999
2012-02-21 21:00:00,7.0,35,-9.97472,-68.81,-4.015035054457322,-5.7340643100229425
2012-02-21 22:00:00,7.7,28,-9.97472,-68.81,-3.6149310334513594,-6.798696465013738
2012-02-21 23:00:00,8.4,25,-9.97472,-68.81,-3.5499933986218752,-7.61298541110786
2012-02-22 00:00:00,8.2,23,-9.97472,-68.81,-3.2039952536120446,-7.54813979831001
2012-02-22 01:00:00,8.4,20,-9.97472,-68.81,-2.872969203935617,-7.8934180146016315
2012-02-22 02:00:00,7.5,17,-9.97472,-68.81,-2.192787785420526,-7.172285669722766
2012-02-22 03:00:00,6.7,16,-9.97472,-68.81,-1.8467702839738944,-6.440453362786736
2012-02-22 04:00:00,7.3,9,-9.97472,-68.81,-1.1419715947936853,-7.210124886344506
2012-02-22 05:00:00,7.8,13,-9.97472,-68.81,-1.754618223882147,-7.6000865053248345
2012-02-22 06:00:00,9.0,16,-9.97472,-68.81,-2.4807362023529924,-8.65135526344487
2012-02-22 07:00:00,8.3,18,-9.97472,-68.81,-2.5648410533120636,-7.893769085249775
2012-02-22 08:00:00,8.6,15,-9.97472,-68.81,-2.2258437878816784,-8.306962106085987
2012-02-22 09:00:00,8.0,8,-9.97472,-68.81,-1.1133848076805235,-7.922144549932563
2012-02-22 10:00:00,8.6,2,-9.97472,-68.81,-0.30013567164150834,-8.594761112364223
2012-02-22 11:00:00,10.1,356,-9.97472,-68.81,0.7045403848156689,-10.075396907624224
2012-02-22 12:00:00,11.2,356,-9.97472,-68.81,0.781272505934207,-11.17271736291003
2012-02-22 13:00:00,12.3,355,-9.97472,-68.81,1.0720156357961974,-12.253194786528471
2012-02-22 14:00:00,12.3,355,-9.97472,-68.81,1.0720156357961974,-12.253194786528471
2012-02-22 15:00:00,11.2,358,-9.97472,-68.81,0.3908743630680092,-11.193177262613872
2012-02-22 16:00:00,11.9,5,-9.97472,-68.81,-1.037153338697132,-11.854716907291772
2012-02-22 17:00:00,11.2,345,-9.97472,-68.81,2.8987733051482314,-10.818369254437565
2012-02-22 18:00:00,7.0,339,-9.97472,-68.81,2.508575646817105,-6.535062985480411
2012-02-22 19:00:00,5.8,292,-9.97472,-68.81,5.377666356487367,-2.1727182418122895
2012-02-22 20:00:00,4.7,261,-9.97472,-68.81,4.6421352007971475,0.7352419856890859
2012-02-22 21:00:00,4.7,270,-9.97472,-68.81,4.7,8.63375993398884e-16
2012-02-22 22:00:00,5.1,266,-9.97472,-68.81,5.087576656325103,0.35575801609504043
2012-02-22 23:00:00,4.3,246,-9.97472,-68.81,3.928245467863184,1.7489675652259404
2012-02-23 00:00:00,3.1,234,-9.97472,-68.81,2.507952682562337,1.822134282106667
2012-02-23 01:00:00,2.8,320,-9.97472,-68.81,1.7998053071223108,-2.1449244407331376
2012-02-23 02:00:00,4.0,355,-9.97472,-68.81,0.3486229709906333,-3.984778792366982
2012-02-23 03:00:00,4.7,4,-9.97472,-68.81,-0.3278554265973889,-4.688551036221174
2012-02-23 04:00:00,4.7,4,-9.97472,-68.81,-0.3278554265973889,-4.688551036221174
2012-02-23 05:00:00,6.6,13,-9.97472,-68.81,-1.484676958669509,-6.430842427582553
2012-02-23 06:00:00,7.6,8,-9.97472,-68.81,-1.0577155672964973,-7.5260373224359345
2012-02-23 07:00:00,6.2,350,-9.97472,-68.81,1.0766187015349684,-6.10580806867569
2012-02-23 08:00:00,2.8,320,-9.97472,-68.81,1.7998053071223108,-2.1449244407331376
2012-02-23 09:00:00,2.7,293,-9.97472,-68.81,2.4853631043215896,-1.0549740469210385
2012-02-23 10:00:00,2.8,310,-9.97472,-68.81,2.1449244407331385,-1.7998053071223097
2012-02-23 11:00:00,2.6,326,-9.97472,-68.81,1.453901549023941,-2.1554976886431088
2012-02-23 12:00:00,2.4,333,-9.97472,-68.81,1.0895771993749126,-2.138415658052083
2012-02-23 13:00:00,3.1,339,-9.97472,-68.81,1.1109406435904323,-2.894099322141325
2012-02-23 14:00:00,2.7,337,-9.97472,-68.81,1.0549740469210396,-2.4853631043215887
2012-02-23 15:00:00,2.3,321,-9.97472,-68.81,1.447436899414627,-1.7874357113510322
2012-02-23 16:00:00,3.8,319,-9.97472,-68.81,2.493024310163928,-2.867896404846533
2012-02-23 17:00:00,4.2,329,-9.97472,-68.81,2.163159914622229,-3.600102662948871
2012-02-23 18:00:00,5.6,333,-9.97472,-68.81,2.542346798541463,-4.989636535454859
2012-02-23 19:00:00,5.8,353,-9.97472,-68.81,0.7068421917498539,-5.756767679519668
2012-02-23 20:00:00,5.7,342,-9.97472,-68.81,1.7613968679372014,-5.421022142882375
2012-02-23 21:00:00,6.4,344,-9.97472,-68.81,1.7640790772287933,-6.1520748540052415
2012-02-23 22:00:00,6.1,357,-9.97472,-68.81,0.31924933308196063,-6.0916401620029
2012-02-23 23:00:00,7.2,354,-9.97472,-68.81,0.7526049355271046,-7.160557646651568
2012-02-24 00:00:00,7.9,3,-9.97472,-68.81,-0.4134540543192563,-7.889173324561134
2012-02-24 01:00:00,8.3,2,-9.97472,-68.81,-0.2896658226307581,-8.294943864258496
2012-02-24 02:00:00,8.3,2,-9.97472,-68.81,-0.2896658226307581,-8.294943864258496
2012-02-24 03:00:00,7.9,357,-9.97472,-68.81,0.4134540543192605,-7.889173324561134
2012-02-24 04:00:00,7.6,360,-9.97472,-68.81,1.8614631347039767e-15,-7.6
2012-02-24 05:00:00,7.2,360,-9.97472,-68.81,1.7634913907721887e-15,-7.2
2012-02-24 06:00:00,6.3,347,-9.97472,-68.81,1.4171916423663515,-6.1385314081469815
2012-02-24 07:00:00,5.0,330,-9.97472,-68.81,2.500000000000002,-4.330127018922192
2012-02-24 08:00:00,4.3,312,-9.97472,-68.81,3.1955227495527967,-2.8772616073430886
2012-02-24 09:00:00,3.3,311,-9.97472,-68.81,2.4905416147351485,-2.1649947956686733
2012-02-24 10:00:00,5.1,315,-9.97472,-68.81,3.606244584051393,-3.606244584051391
2012-02-24 11:00:00,7.9,317,-9.97472,-68.81,5.387787044493736,-5.777694242791449
2012-02-24 12:00:00,8.4,310,-9.97472,-68.81,6.434773322199416,-5.39941592136693
2012-02-24 13:00:00,7.2,307,-9.97472,-68.81,5.75017567234051,-4.333068166694745
2012-02-24 14:00:00,8.5,306,-9.97472,-68.81,6.876644452187055,-4.99617464448602
2012-02-24 15:00:00,7.3,290,-9.97472,-68.81,6.8597561317371305,-2.4967470462773838
2012-02-24 16:00:00,6.5,270,-9.97472,-68.81,6.5,1.1940306291686693e-15
2012-02-24 17:00:00,6.2,263,-9.97472,-68.81,6.153786140176197,0.7555899291119125
2012-02-24 18:00:00,4.8,312,-9.97472,-68.81,3.5670951622914937,-3.2118269105225172
2012-02-24 19:00:00,8.0,297,-9.97472,-68.81,7.128052193506944,-3.631923997916373
2012-02-24 20:00:00,5.0,300,-9.97472,-68.81,4.330127018922193,-2.5000000000000004
2012-02-24 21:00:00,4.2,329,-9.97472,-68.81,2.163159914622229,-3.600102662948871
2012-02-24 22:00:00,4.6,342,-9.97472,-68.81,1.4214781741247589,-4.3748599749577055
2012-02-24 23:00:00,5.7,325,-9.97472,-68.81,3.2693856872009652,-4.669166652447252
2012-02-25 00:00:00,5.9,317,-9.97472,-68.81,4.02379032436874,-4.314986839553107
2012-02-25 01:00:00,6.1,320,-9.97472,-68.81,3.9210044190878914,-4.672871103025765
2012-02-25 02:00:00,7.0,325,-9.97472,-68.81,4.015035054457325,-5.734064310022941
2012-02-25 03:00:00,8.1,339,-9.97472,-68.81,2.902780391316936,-7.562001454627332
2012-02-25 04:00:00,8.6,345,-9.97472,-68.81,2.225843787881678,-8.306962106085987
2012-02-25 05:00:00,8.6,345,-9.97472,-68.81,2.225843787881678,-8.306962106085987
2012-02-25 06:00:00,8.0,342,-9.97472,-68.81,2.472135954999581,-7.608452130361228
2012-02-25 07:00:00,7.5,343,-9.97472,-68.81,2.1927877854205287,-7.172285669722765
2012-02-25 08:00:00,7.3,340,-9.97472,-68.81,2.4967470462773806,-6.859756131737131
2012-02-25 09:00:00,6.2,339,-9.97472,-68.81,2.2218812871808646,-5.78819864428265
2012-02-25 10:00:00,10.5,329,-9.97472,-68.81,5.407899786555572,-9.000256657372177
2012-02-25 11:00:00,10.3,324,-9.97472,-68.81,6.054188098612476,-8.332875042061959
2012-02-25 12:00:00,9.2,321,-9.97472,-68.81,5.789747597658508,-7.149742845404129
2012-02-25 13:00:00,8.9,320,-9.97472,-68.81,5.720809726210202,-6.817795543758902
2012-02-25 14:00:00,9.4,320,-9.97472,-68.81,6.042203531053472,-7.200817765318392
2012-02-25 15:00:00,9.4,320,-9.97472,-68.81,6.042203531053472,-7.200817765318392
2012-02-25 16:00:00,9.7,321,-9.97472,-68.81,6.104407793183427,-7.538315826132614
2012-02-25 17:00:00,10.4,316,-9.97472,-68.81,7.224447052773575,-7.481133923521969
2012-02-25 18:00:00,8.2,322,-9.97472,-68.81,5.048424097670397,-6.46168817957512
2012-02-25 19:00:00,5.1,309,-9.97472,-68.81,3.9634444034305507,-3.209533994354171
2012-02-25 20:00:00,4.3,360,-9.97472,-68.81,1.0531962472667237e-15,-4.3
2012-02-25 21:00:00,4.3,24,-9.97472,-68.81,-1.7489675652259409,-3.9282454678631837
2012-02-25 22:00:00,7.1,15,-9.97472,-68.81,-1.8376152202278973,-6.858073366652385
2012-02-25 23:00:00,7.1,24,-9.97472,-68.81,-2.8878301658381815,-6.486172749262466
2012-02-26 00:00:00,8.2,23,-9.97472,-68.81,-3.2039952536120446,-7.54813979831001
2012-02-26 01:00:00,9.3,16,-9.97472,-68.81,-2.5634274090980926,-8.939733772226367
2012-02-26 02:00:00,10.0,15,-9.97472,-68.81,-2.5881904510252074,-9.659258262890683
2012-02-26 03:00:00,9.5,11,-9.97472,-68.81,-1.8126854560771757,-9.325458242752807
2012-02-26 04:00:00,8.8,9,-9.97472,-68.81,-1.3766232923540318,-8.691657397237213
2012-02-26 05:00:00,8.6,2,-9.97472,-68.81,-0.30013567164150834,-8.594761112364223
2012-02-26 06:00:00,9.4,353,-9.97472,-68.81,1.145571828008384,-9.329933825428428
2012-02-26 07:00:00,6.6,351,-9.97472,-68.81,1.0324674692655254,-6.5187430479279085
2012-02-26 08:00:00,7.3,351,-9.97472,-68.81,1.141971594793687,-7.210124886344505
2012-02-26 09:00:00,7.6,352,-9.97472,-68.81,1.0577155672965006,-7.526037322435934
2012-02-26 10:00:00,7.6,352,-9.97472,-68.81,1.0577155672965006,-7.526037322435934
2012-02-26 11:00:00,9.1,351,-9.97472,-68.81,1.423553631866103,-8.987963899415753
2012-02-26 12:00:00,10.0,347,-9.97472,-68.81,2.2495105434386535,-9.743700647852352
2012-02-26 13:00:00,8.9,339,-9.97472,-68.81,3.189474750953177,-8.308865795825094
2012-02-26 14:00:00,8.6,345,-9.97472,-68.81,2.225843787881678,-8.306962106085987
2012-02-26 15:00:00,9.7,358,-9.97472,-68.81,0.33852511801425794,-9.694091022085228
2012-02-26 16:00:00,10.5,4,-9.97472,-68.81,-0.7324429743133156,-10.474422527728153
2012-02-26 17:00:00,9.4,360,-9.97472,-68.81,2.3023359823970243e-15,-9.4
2012-02-26 18:00:00,8.7,5,-9.97472,-68.81,-0.7582549619046259,-8.666893873398186
2012-02-26 19:00:00,9.5,351,-9.97472,-68.81,1.4861274178821957,-9.383039235653808
2012-02-26 20:00:00,4.9,343,-9.97472,-68.81,1.4326213531414123,-4.685893304218873
2012-02-26 21:00:00,5.5,349,-9.97472,-68.81,1.0494494745709957,-5.3989495089621515
2012-02-26 22:00:00,5.6,15,-9.97472,-68.81,-1.4493866525741161,-5.4091846272187825
2012-02-26 23:00:00,6.0,17,-9.97472,-68.81,-1.7542302283364206,-5.737828535778212
2012-02-27 00:00:00,6.7,16,-9.97472,-68.81,-1.8467702839738944,-6.440453362786736
2012-02-27 01:00:00,4.7,23,-9.97472,-68.81,-1.8364363038995868,-4.32637281122647
2012-02-27 02:00:00,6.4,27,-9.97472,-68.81,-2.9055391983330994,-5.702441754805555
2012-02-27 03:00:00,6.4,27,-9.97472,-68.81,-2.9055391983330994,-5.702441754805555
2012-02-27 04:00:00,6.2,21,-9.97472,-68.81,-2.2218812871808615,-5.788198644282651
2012-02-27 05:00:00,5.4,20,-9.97472,-68.81,-1.8469087739586112,-5.074340152243906
2012-02-27 06:00:00,5.0,30,-9.97472,-68.81,-2.4999999999999996,-4.330127018922194
2012-02-27 07:00:00,3.3,354,-9.97472,-68.81,0.34494392878325625,-3.2819222547153015
2012-02-27 08:00:00,5.1,4,-9.97472,-68.81,-0.35575801609503904,-5.087576656325103
2012-02-27 09:00:00,5.1,4,-9.97472,-68.81,-0.35575801609503904,-5.087576656325103
2012-02-27 10:00:00,5.1,352,-9.97472,-68.81,0.709782814896336,-5.050367150582008
2012-02-27 11:00:00,6.6,347,-9.97472,-68.81,1.4846769586695112,-6.430842427582552
2012-02-27 12:00:00,7.2,342,-9.97472,-68.81,2.224922359499623,-6.8476069173251055
2012-02-27 13:00:00,6.7,344,-9.97472,-68.81,1.8467702839738929,-6.440453362786736
2012-02-27 14:00:00,5.9,346,-9.97472,-68.81,1.4273391840380405,-5.7247447850283795
2012-02-27 15:00:00,5.9,346,-9.97472,-68.81,1.4273391840380405,-5.7247447850283795
2012-02-27 16:00:00,5.2,335,-9.97472,-68.81,2.1976149610516362,-4.71280049259058
2012-02-27 17:00:00,7.2,307,-9.97472,-68.81,5.75017567234051,-4.333068166694745
2012-02-27 18:00:00,5.4,290,-9.97472,-68.81,5.074340152243905,-1.8469087739586127
2012-02-27 19:00:00,0.7,90,-9.97472,-68.81,-0.7,-4.286263797015736e-17
2012-02-27 20:00:00,3.3,347,-9.97472,-68.81,0.7423384793347556,-3.215421213791276
2012-02-27 21:00:00,4.0,350,-9.97472,-68.81,0.6945927106677215,-3.939231012048832
2012-02-27 22:00:00,5.6,345,-9.97472,-68.81,1.4493866525741157,-5.4091846272187825
2012-02-27 23:00:00,8.1,347,-9.97472,-68.81,1.8221035401853092,-7.892397524760404
2012-02-28 00:00:00,9.2,349,-9.97472,-68.81,1.7554427574642109,-9.030970087718508
2012-02-28 01:00:00,9.2,349,-9.97472,-68.81,1.7554427574642109,-9.030970087718508
2012-02-28 02:00:00,10.0,339,-9.97472,-68.81,3.5836794954530076,-9.335804264972015
2012-02-28 03:00:00,9.4,328,-9.97472,-68.81,4.981241083792128,-7.9716521038704045
2012-02-28 04:00:00,6.6,315,-9.97472,-68.81,4.666904755831214,-4.6669047558312124
2012-02-28 05:00:00,6.0,303,-9.97472,-68.81,5.032023407672545,-3.26783421009016
2012-02-28 06:00:00,5.9,317,-9.97472,-68.81,4.02379032436874,-4.314986839553107
2012-02-28 07:00:00,7.3,351,-9.97472,-68.81,1.141971594793687,-7.210124886344505
2012-02-28 08:00:00,6.8,3,-9.97472,-68.81,-0.3558845024520181,-6.790680836331102
2012-02-28 09:00:00,7.6,352,-9.97472,-68.81,1.0577155672965006,-7.526037322435934
2012-02-28 10:00:00,9.2,349,-9.97472,-68.81,1.7554427574642109,-9.030970087718508
2012-02-28 11:00:00,9.5,349,-9.97472,-68.81,1.8126854560771744,-9.325458242752807
2012-02-28 12:00:00,9.2,349,-9.97472,-68.81,1.7554427574642109,-9.030970087718508
2012-02-28 13:00:00,8.8,341,-9.97472,-68.81,2.8649997592229792,-8.320563465273988
2012-02-28 14:00:00,9.5,335,-9.97472,-68.81,4.014873486536643,-8.609923976848176
2012-02-28 15:00:00,10.3,331,-9.97472,-68.81,4.99353908853727,-9.008582983535778
2012-02-28 16:00:00,10.8,334,-9.97472,-68.81,4.73440838532204,-9.706975700031002
2012-02-28 17:00:00,9.7,333,-9.97472,-68.81,4.403707847473605,-8.642763284627167
2012-02-28 18:00:00,7.4,337,-9.97472,-68.81,2.891410350820627,-6.811735915548058
2012-02-28 19:00:00,9.0,323,-9.97472,-68.81,5.416335208368435,-7.187719590425635
2012-02-28 20:00:00,7.4,309,-9.97472,-68.81,5.750880114781584,-4.656970893768798
2012-02-28 21:00:00,7.2,297,-9.97472,-68.81,6.41524697415625,-3.268731598124736
2012-02-28 22:00:00,7.1,311,-9.97472,-68.81,5.3584380195816825,-4.6580191058326
2012-02-28 23:00:00,6.9,321,-9.97472,-68.81,4.342310698243882,-5.362307134053097
2012-02-29 00:00:00,6.7,324,-9.97472,-68.81,3.9381611903595717,-5.420413862312147
2012-02-29 01:00:00,7.0,325,-9.97472,-68.81,4.015035054457325,-5.734064310022941
2012-02-29 02:00:00,6.3,329,-9.97472,-68.81,3.2447398719333433,-5.400153994423306
2012-02-29 03:00:00,6.8,335,-9.97472,-68.81,2.8738041798367546,-6.16289295184922
2012-02-29 04:00:00,6.9,332,-9.97472,-68.81,3.2393537832226467,-6.092338390726596
2012-02-29 05:00:00,7.2,333,-9.97472,-68.81,3.2687315981247385,-6.415246974156248
2012-02-29 06:00:00,6.8,335,-9.97472,-68.81,2.8738041798367546,-6.16289295184922
2012-02-29 07:00:00,6.9,313,-9.97472,-68.81,5.046340541172276,-4.705788684431241
2012-02-29 08:00:00,6.4,308,-9.97472,-68.81,5.04326882308302,-3.9402334420842147
2012-02-29 09:00:00,5.6,315,-9.97472,-68.81,3.9597979746446668,-3.959797974644665
2012-02-29 10:00:00,4.5,331,-9.97472,-68.81,2.181643291108516,-3.9357886821272814
2012-02-29 11:00:00,5.2,326,-9.97472,-68.81,2.907803098047882,-4.3109953772862175
2012-02-29 12:00:00,5.9,317,-9.97472,-68.81,4.02379032436874,-4.314986839553107
2012-02-29 13:00:00,6.6,315,-9.97472,-68.81,4.666904755831214,-4.6669047558312124
2012-02-29 14:00:00,5.9,308,-9.97472,-68.81,4.649263446279659,-3.6324027044213856
2012-02-29 15:00:00,4.3,312,-9.97472,-68.81,3.1955227495527967,-2.8772616073430886
2012-02-29 16:00:00,4.8,318,-9.97472,-68.81,3.211826910522519,-3.5670951622914924
2012-02-29 17:00:00,3.6,315,-9.97472,-68.81,2.545584412271572,-2.5455844122715705
2012-02-29 18:00:00,7.0,348,-9.97472,-68.81,1.4553818357243191,-6.847033205136639
2012-02-29 19:00:00,7.1,49,-9.97472,-68.81,-5.358438019581681,-4.658019105832602
2012-02-29 20:00:00,7.5,55,-9.97472,-68.81,-6.143640332167439,-4.301823272632846
2012-02-29 21:00:00,5.2,34,-9.97472,-68.81,-2.907803098047884,-4.310995377286217
2012-02-29 22:00:00,4.3,360,-9.97472,-68.81,1.0531962472667237e-15,-4.3
2012-02-29 23:00:00,6.5,19,-9.97472,-68.81,-2.1161930039715187,-6.1458707413955596
2012-03-01 00:00:00,6.6,29,-9.97472,-68.81,-3.1997434936258244,-5.772490067120011
2012-03-01 01:00:00,5.5,32,-9.97472,-68.81,-2.914555953282627,-4.664264528860342
2012-03-01 02:00:00,5.9,14,-9.97472,-68.81,-1.4273391840380396,-5.7247447850283795
2012-03-01 03:00:00,7.8,22,-9.97472,-68.81,-2.921931428644114,-7.232034065620942
2012-03-01 04:00:00,7.0,21,-9.97472,-68.81,-2.5085756468171017,-6.535062985480412
2012-03-01 05:00:00,7.2,27,-9.97472,-68.81,-3.2687315981247367,-6.415246974156249
2012-03-01 06:00:00,6.1,28,-9.97472,-68.81,-2.8637765329939335,-5.385980316439454
2012-03-01 07:00:00,5.5,32,-9.97472,-68.81,-2.914555953282627,-4.664264528860342
2012-03-01 08:00:00,4.8,27,-9.97472,-68.81,-2.1791543987498243,-4.276831316104166
2012-03-01 09:00:00,3.4,18,-9.97472,-68.81,-1.0506577808748212,-3.233592155403522
2012-03-01 10:00:00,4.7,23,-9.97472,-68.81,-1.8364363038995868,-4.32637281122647
2012-03-01 11:00:00,5.4,360,-9.97472,-68.81,1.3226185430791415e-15,-5.4
2012-03-01 12:00:00,4.0,5,-9.97472,-68.81,-0.34862297099063266,-3.984778792366982
2012-03-01 13:00:00,4.7,4,-9.97472,-68.81,-0.3278554265973889,-4.688551036221174
2012-03-01 14:00:00,4.8,13,-9.97472,-68.81,-1.079765060850552,-4.676976310969129
2012-03-01 15:00:00,4.9,36,-9.97472,-68.81,-2.8801477362331185,-3.9641832724372428
2012-03-01 16:00:00,5.3,62,-9.97472,-68.81,-4.679622242152313,-2.4881992827652213
2012-03-01 17:00:00,6.5,19,-9.97472,-68.81,-2.1161930039715187,-6.1458707413955596
2012-03-01 18:00:00,7.4,14,-9.97472,-68.81,-1.7902220274375413,-7.180188374442374
2012-03-01 19:00:00,7.4,321,-9.97472,-68.81,4.656970893768801,-5.750880114781583
2012-03-01 20:00:00,5.2,326,-9.97472,-68.81,2.907803098047882,-4.3109953772862175
2012-03-01 21:00:00,3.4,288,-9.97472,-68.81,3.2335921554035223,-1.0506577808748205
2012-03-01 22:00:00,1.6,207,-9.97472,-68.81,0.7263847995832747,1.4256104387013888
2012-03-01 23:00:00,1.8,143,-9.97472,-68.81,-1.0832670416736867,1.4375439180851273
2012-03-02 00:00:00,2.5,135,-9.97472,-68.81,-1.7677669529663689,1.7677669529663687
2012-03-02 01:00:00,3.1,144,-9.97472,-68.81,-1.822134282106667,2.507952682562337
2012-03-02 02:00:00,3.1,201,-9.97472,-68.81,1.1109406435904314,2.8940993221413254
2012-03-02 03:00:00,2.9,187,-9.97472,-68.81,0.3534210958749272,2.878383839759834
2012-03-02 04:00:00,3.6,186,-9.97472,-68.81,0.3763024677635526,3.580278823325784
2012-03-02 05:00:00,1.5,166,-9.97472,-68.81,-0.3628828433995016,1.4554435894139948
2012-03-02 06:00:00,1.1,252,-9.97472,-68.81,1.0461621679246689,0.33991869381244233
2012-03-02 07:00:00,3.1,291,-9.97472,-68.81,2.8940993221413254,-1.1109406435904312
2012-03-02 08:00:00,3.6,307,-9.97472,-68.81,2.875087836170255,-2.1665340833473725
2012-03-02 09:00:00,2.3,321,-9.97472,-68.81,1.447436899414627,-1.7874357113510322
2012-03-02 10:00:00,2.1,329,-9.97472,-68.81,1.0815799573111144,-1.8000513314744355
2012-03-02 11:00:00,4.0,350,-9.97472,-68.81,0.6945927106677215,-3.939231012048832
2012-03-02 12:00:00,6.5,3,-9.97472,-68.81,-0.3401837155791349,-6.49109197590473
2012-03-02 13:00:00,5.8,353,-9.97472,-68.81,0.7068421917498539,-5.756767679519668
2012-03-02 14:00:00,5.4,352,-9.97472,-68.81,0.7515347451843558,-5.34744757120448
2012-03-02 15:00:00,1.8,307,-9.97472,-68.81,1.4375439180851275,-1.0832670416736863
2012-03-02 16:00:00,2.4,297,-9.97472,-68.81,2.1384156580520832,-1.089577199374912
2012-03-02 17:00:00,6.1,220,-9.97472,-68.81,3.921004419087889,4.6728711030257655
2012-03-02 18:00:00,5.2,196,-9.97472,-68.81,1.4333142502483949,4.998560818879258
2012-03-02 19:00:00,5.0,210,-9.97472,-68.81,2.5000000000000004,4.330127018922193
2012-03-02 20:00:00,4.0,170,-9.97472,-68.81,-0.6945927106677211,3.939231012048832
2012-03-02 21:00:00,3.6,135,-9.97472,-68.81,-2.5455844122715714,2.545584412271571
2012-03-02 22:00:00,4.0,100,-9.97472,-68.81,-3.939231012048832,0.6945927106677212
2012-03-02 23:00:00,3.4,72,-9.97472,-68.81,-3.233592155403522,-1.0506577808748212
2012-03-03 00:00:00,3.2,90,-9.97472,-68.81,-3.2,-1.9594348786357652e-16
2012-03-03 01:00:00,2.9,83,-9.97472,-68.81,-2.8783838397598336,-0.3534210958749277
2012-03-03 02:00:00,1.8,37,-9.97472,-68.81,-1.083267041673687,-1.437543918085127
2012-03-03 03:00:00,2.2,180,-9.97472,-68.81,-2.6942229581241775e-16,2.2
2012-03-03 04:00:00,4.3,175,-9.97472,-68.81,-0.3747696938149302,4.283637201794505
2012-03-03 05:00:00,4.8,153,-9.97472,-68.81,-2.1791543987498248,4.276831316104166
2012-03-03 06:00:00,4.8,167,-9.97472,-68.81,-1.079765060850553,4.6769763109691285
2012-03-03 07:00:00,6.5,161,-9.97472,-68.81,-2.1161930039715178,6.1458707413955596
2012-03-03 08:00:00,6.1,140,-9.97472,-68.81,-3.9210044190878905,4.672871103025765
2012-03-03 09:00:00,5.7,125,-9.97472,-68.81,-4.669166652447252,3.269385687200963
2012-03-03 10:00:00,8.4,115,-9.97472,-68.81,-7.612985411107861,3.5499933986218744
2012-03-03 11:00:00,7.5,107,-9.97472,-68.81,-7.172285669722767,2.192787785420525
2012-03-03 12:00:00,6.2,100,-9.97472,-68.81,-6.10580806867569,1.076618701534968
2012-03-03 13:00:00,5.8,90,-9.97472,-68.81,-5.8,-3.5514757175273243e-16
2012-03-03 14:00:00,5.8,83,-9.97472,-68.81,-5.756767679519667,-0.7068421917498554
2012-03-03 15:00:00,6.0,65,-9.97472,-68.81,-5.437846722219899,-2.5357095704441965
2012-03-03 16:00:00,5.4,82,-9.97472,-68.81,-5.34744757120448,-0.7515347451843536
2012-03-03 17:00:00,4.4,55,-9.97472,-68.81,-3.604268994871564,-2.5237363199446032
2012-03-03 18:00:00,4.1,75,-9.97472,-68.81,-3.96029588778518,-1.061158084920335
2012-03-03 19:00:00,3.6,84,-9.97472,-68.81,-3.580278823325784,-0.3763024677635525
2012-03-03 20:00:00,2.9,120,-9.97472,-68.81,-2.511473670974872,1.4499999999999993
2012-03-03 21:00:00,4.0,117,-9.97472,-68.81,-3.5640260967534716,1.8159619989581868
2012-03-03 22:00:00,4.6,129,-9.97472,-68.81,-3.5748714227020666,2.894873798829251
2012-03-03 23:00:00,4.2,121,-9.97472,-68.81,-3.600102662948872,2.163159914622228
2012-03-04 00:00:00,5.8,97,-9.97472,-68.81,-5.756767679519668,0.7068421917498547
2012-03-04 01:00:00,4.3,66,-9.97472,-68.81,-3.9282454678631837,-1.7489675652259409
2012-03-04 02:00:00,4.7,58,-9.97472,-68.81,-3.9858260519352022,-2.490620541896063
2012-03-04 03:00:00,3.9,68,-9.97472,-68.81,-3.616017032810471,-1.4609657143220567
2012-03-04 04:00:00,4.9,54,-9.97472,-68.81,-3.9641832724372428,-2.8801477362331185
2012-03-04 05:00:00,4.8,48,-9.97472,-68.81,-3.5670951622914924,-3.2118269105225195
2012-03-04 06:00:00,3.8,41,-9.97472,-68.81,-2.4930243101639276,-2.8678964048465336
2012-03-04 07:00:00,4.0,95,-9.97472,-68.81,-3.984778792366982,0.34862297099063294
2012-03-04 08:00:00,3.1,111,-9.97472,-68.81,-2.8940993221413254,1.1109406435904308
2012-03-04 09:00:00,3.0,104,-9.97472,-68.81,-2.9108871788279895,0.7257656867990033
2012-03-04 10:00:00,2.7,67,-9.97472,-68.81,-2.485363104321589,-1.0549740469210391
2012-03-04 11:00:00,1.1,18,-9.97472,-68.81,-0.33991869381244216,-1.0461621679246689
2012-03-04 12:00:00,1.4,180,-9.97472,-68.81,-1.7145055188062944e-16,1.4
2012-03-04 13:00:00,1.8,169,-9.97472,-68.81,-0.34345619167778096,1.7669289302057951
2012-03-04 14:00:00,2.9,173,-9.97472,-68.81,-0.35342109587492787,2.8783838397598336
2012-03-04 15:00:00,2.7,157,-9.97472,-68.81,-1.0549740469210394,2.485363104321589
2012-03-04 16:00:00,2.3,141,-9.97472,-68.81,-1.4474368994146258,1.7874357113510329
2012-03-04 17:00:00,0.5,135,-9.97472,-68.81,-0.3535533905932738,0.35355339059327373
2012-03-04 18:00:00,3.3,186,-9.97472,-68.81,0.3449439287832565,3.2819222547153015
2012-03-04 19:00:00,3.4,252,-9.97472,-68.81,3.233592155403522,1.0506577808748216
2012-03-04 20:00:00,5.2,295,-9.97472,-68.81,4.7128004925905795,-2.197614961051638
2012-03-04 21:00:00,6.9,309,-9.97472,-68.81,5.362307134053099,-4.342310698243879
2012-03-04 22:00:00,5.2,326,-9.97472,-68.81,2.907803098047882,-4.3109953772862175
2012-03-04 23:00:00,4.0,333,-9.97472,-68.81,1.8159619989581879,-3.564026096753471
2012-03-05 00:00:00,3.6,276,-9.97472,-68.81,3.5802788233257843,-0.37630246776355075
2012-03-05 01:00:00,3.4,252,-9.97472,-68.81,3.233592155403522,1.0506577808748216
2012-03-05 02:00:00,2.5,225,-9.97472,-68.81,1.7677669529663687,1.7677669529663693
2012-03-05 03:00:00,4.0,10,-9.97472,-68.81,-0.6945927106677213,-3.939231012048832
2012-03-05 04:00:00,6.6,347,-9.97472,-68.81,1.4846769586695112,-6.430842427582552
2012-03-05 05:00:00,7.2,333,-9.97472,-68.81,3.2687315981247385,-6.415246974156248
2012-03-05 06:00:00,7.6,335,-9.97472,-68.81,3.211898789229314,-6.88793918147854
2012-03-05 07:00:00,8.4,310,-9.97472,-68.81,6.434773322199416,-5.39941592136693
2012-03-05 08:00:00,7.7,307,-9.97472,-68.81,6.149493427364157,-4.633975678270769
2012-03-05 09:00:00,10.3,306,-9.97472,-68.81,8.33287504206196,-6.054188098612472
2012-03-05 10:00:00,8.4,310,-9.97472,-68.81,6.434773322199416,-5.39941592136693
2012-03-05 11:00:00,8.4,320,-9.97472,-68.81,5.399415921366932,-6.434773322199414
2012-03-05 12:00:00,8.2,331,-9.97472,-68.81,3.9754388860199623,-7.171881598543045
2012-03-05 13:00:00,6.2,339,-9.97472,-68.81,2.2218812871808646,-5.78819864428265
2012-03-05 14:00:00,5.6,333,-9.97472,-68.81,2.542346798541463,-4.989636535454859
2012-03-05 15:00:00,4.6,342,-9.97472,-68.81,1.4214781741247589,-4.3748599749577055
2012-03-05 16:00:00,4.5,346,-9.97472,-68.81,1.0886485301985054,-4.366330768241984
2012-03-05 17:00:00,6.1,357,-9.97472,-68.81,0.31924933308196063,-6.0916401620029
2012-03-05 18:00:00,10.0,347,-9.97472,-68.81,2.2495105434386535,-9.743700647852352
2012-03-05 19:00:00,6.5,3,-9.97472,-68.81,-0.3401837155791349,-6.49109197590473
2012-03-05 20:00:00,4.5,14,-9.97472,-68.81,-1.0886485301985047,-4.366330768241984
2012-03-05 21:00:00,4.7,4,-9.97472,-68.81,-0.3278554265973889,-4.688551036221174
2012-03-05 22:00:00,5.4,4,-9.97472,-68.81,-0.37668495821827663,-5.386845871403051
2012-03-05 23:00:00,5.8,4,-9.97472,-68.81,-0.40458754771592675,-5.78587149150698
2012-03-06 00:00:00,5.8,360,-9.97472,-68.81,1.4205902870109297e-15,-5.8
2012-03-06 01:00:00,6.8,360,-9.97472,-68.81,1.6655196468404002e-15,-6.8
2012-03-06 02:00:00,7.0,348,-9.97472,-68.81,1.4553818357243191,-6.847033205136639
2012-03-06 03:00:00,6.5,354,-9.97472,-68.81,0.6794350112397471,-6.4643923198937765
2012-03-06 04:00:00,5.1,4,-9.97472,-68.81,-0.35575801609503904,-5.087576656325103
2012-03-06 05:00:00,5.8,360,-9.97472,-68.81,1.4205902870109297e-15,-5.8
2012-03-06 06:00:00,6.5,357,-9.97472,-68.81,0.3401837155791384,-6.49109197590473
2012-03-06 07:00:00,6.0,335,-9.97472,-68.81,2.535709570444195,-5.4378467222199
2012-03-06 08:00:00,6.0,335,-9.97472,-68.81,2.535709570444195,-5.4378467222199
2012-03-06 09:00:00,6.2,339,-9.97472,-68.81,2.2218812871808646,-5.78819864428265
2012-03-06 10:00:00,3.6,354,-9.97472,-68.81,0.3763024677635523,-3.580278823325784
2012-03-06 11:00:00,3.8,343,-9.97472,-68.81,1.1110124779464012,-3.633958072659534
2012-03-06 12:00:00,4.7,337,-9.97472,-68.81,1.8364363038995872,-4.326372811226469
2012-03-06 13:00:00,5.5,337,-9.97472,-68.81,2.1490212066910064,-5.062776693988422
2012-03-06 14:00:00,6.0,335,-9.97472,-68.81,2.535709570444195,-5.4378467222199
2012-03-06 15:00:00,5.6,345,-9.97472,-68.81,1.4493866525741157,-5.4091846272187825
2012-03-06 16:00:00,5.4,352,-9.97472,-68.81,0.7515347451843558,-5.34744757120448
2012-03-06 17:00:00,3.3,13,-9.97472,-68.81,-0.7423384793347545,-3.2154212137912763
2012-03-06 18:00:00,2.0,135,-9.97472,-68.81,-1.4142135623730951,1.414213562373095
2012-03-06 19:00:00,0.7,90,-9.97472,-68.81,-0.7,-4.286263797015736e-17
2012-03-06 20:00:00,2.0,45,-9.97472,-68.81,-1.414213562373095,-1.4142135623730951
2012-03-06 21:00:00,2.5,8,-9.97472,-68.81,-0.3479327524001636,-2.475670171853926
2012-03-06 22:00:00,3.4,18,-9.97472,-68.81,-1.0506577808748212,-3.233592155403522
2012-03-06 23:00:00,4.4,35,-9.97472,-68.81,-2.523736319944603,-3.604268994871564
2012-03-07 00:00:00,4.4,35,-9.97472,-68.81,-2.523736319944603,-3.604268994871564
2012-03-07 01:00:00,6.0,17,-9.97472,-68.81,-1.7542302283364206,-5.737828535778212
2012-03-07 02:00:00,4.0,5,-9.97472,-68.81,-0.34862297099063266,-3.984778792366982
2012-03-07 03:00:00,4.0,333,-9.97472,-68.81,1.8159619989581879,-3.564026096753471
2012-03-07 04:00:00,1.8,307,-9.97472,-68.81,1.4375439180851275,-1.0832670416736863
2012-03-07 05:00:00,3.3,6,-9.97472,-68.81,-0.3449439287832564,-3.2819222547153015
2012-03-07 06:00:00,4.4,35,-9.97472,-68.81,-2.523736319944603,-3.604268994871564
2012-03-07 07:00:00,1.9,68,-9.97472,-68.81,-1.761649323676896,-0.7117525274902327
2012-03-07 08:00:00,2.2,99,-9.97472,-68.81,-2.1729143493093033,0.34415582308850784
2012-03-07 09:00:00,2.9,60,-9.97472,-68.81,-2.5114736709748717,-1.4500000000000002
2012-03-07 10:00:00,2.8,50,-9.97472,-68.81,-2.1449244407331385,-1.7998053071223101
2012-03-07 11:00:00,2.8,40,-9.97472,-68.81,-1.7998053071223097,-2.1449244407331385
2012-03-07 12:00:00,3.3,13,-9.97472,-68.81,-0.7423384793347545,-3.2154212137912763
2012-03-07 13:00:00,3.6,354,-9.97472,-68.81,0.3763024677635523,-3.580278823325784
2012-03-07 14:00:00,3.0,256,-9.97472,-68.81,2.9108871788279895,0.7257656867990033
2012-03-07 15:00:00,4.7,238,-9.97472,-68.81,3.9858260519352022,2.490620541896064
2012-03-07 16:00:00,4.6,225,-9.97472,-68.81,3.252691193458118,3.2526911934581193
2012-03-07 17:00:00,4.1,225,-9.97472,-68.81,2.8991378028648445,2.8991378028648453
2012-03-07 18:00:00,3.2,243,-9.97472,-68.81,2.851220877402777,1.4527695991665501
2012-03-07 19:00:00,3.0,284,-9.97472,-68.81,2.9108871788279895,-0.7257656867990023
2012-03-07 20:00:00,1.5,194,-9.97472,-68.81,0.3628828433995013,1.4554435894139948
2012-03-07 21:00:00,4.0,170,-9.97472,-68.81,-0.6945927106677211,3.939231012048832
2012-03-07 22:00:00,3.3,174,-9.97472,-68.81,-0.3449439287832573,3.2819222547153015
2012-03-07 23:00:00,4.8,167,-9.97472,-68.81,-1.079765060850553,4.6769763109691285
2012-03-08 00:00:00,5.8,180,-9.97472,-68.81,-7.102951435054649e-16,5.8
2012-03-08 01:00:00,5.8,176,-9.97472,-68.81,-0.40458754771592803,5.78587149150698
2012-03-08 02:00:00,6.5,174,-9.97472,-68.81,-0.6794350112397493,6.4643923198937765
2012-03-08 03:00:00,6.0,123,-9.97472,-68.81,-5.032023407672543,3.2678342100901627
2012-03-08 04:00:00,7.1,114,-9.97472,-68.81,-6.486172749262466,2.8878301658381815
2012-03-08 05:00:00,7.5,125,-9.97472,-68.81,-6.143640332167438,4.301823272632846
2012-03-08 06:00:00,6.4,128,-9.97472,-68.81,-5.043268823083022,3.9402334420842133
2012-03-08 07:00:00,4.0,175,-9.97472,-68.81,-0.3486229709906328,3.984778792366982
2012-03-08 08:00:00,4.4,171,-9.97472,-68.81,-0.6883116461770163,4.345828698618606
2012-03-08 09:00:00,8.7,156,-9.97472,-68.81,-3.5386087947594635,7.947845481490626
2012-03-08 10:00:00,10.0,150,-9.97472,-68.81,-4.999999999999999,8.660254037844387
2012-03-08 11:00:00,9.4,140,-9.97472,-68.81,-6.042203531053471,7.2008177653183925
2012-03-08 12:00:00,11.0,128,-9.97472,-68.81,-8.668118289673941,6.772276228582241
2012-03-08 13:00:00,11.4,118,-9.97472,-68.81,-10.065602558591767,5.351975815759157
2012-03-08 14:00:00,11.9,115,-9.97472,-68.81,-10.785062665736136,5.029157314714322
2012-03-08 15:00:00,11.3,117,-9.97472,-68.81,-10.068373723328557,5.130092647056878
2012-03-08 16:00:00,10.1,107,-9.97472,-68.81,-9.658678035226659,2.95295421769964
2012-03-08 17:00:00,9.3,103,-9.97472,-68.81,-9.06164160250269,2.092044805397945
2012-03-08 18:00:00,8.6,92,-9.97472,-68.81,-8.594761112364223,0.30013567164150823
2012-03-08 19:00:00,8.6,112,-9.97472,-68.81,-7.973781149274371,3.2216167033768435
2012-03-08 20:00:00,7.8,124,-9.97472,-68.81,-6.466493065929326,4.361704647071824
2012-03-08 21:00:00,9.0,127,-9.97472,-68.81,-7.187719590425634,5.4163352083684355
2012-03-08 22:00:00,9.4,130,-9.97472,-68.81,-7.200817765318393,6.04220353105347
2012-03-08 23:00:00,9.7,135,-9.97472,-68.81,-6.858935777509511,6.85893577750951
2012-03-09 00:00:00,9.2,135,-9.97472,-68.81,-6.505382386916237,6.505382386916236
2012-03-09 01:00:00,8.4,137,-9.97472,-68.81,-5.728786224524988,6.143371093601032
2012-03-09 02:00:00,8.1,135,-9.97472,-68.81,-5.727564927611035,5.727564927611034
2012-03-09 03:00:00,7.4,141,-9.97472,-68.81,-4.656970893768797,5.750880114781585
2012-03-09 04:00:00,6.8,148,-9.97472,-68.81,-3.603450996785793,5.766727053863696
2012-03-09 05:00:00,6.9,152,-9.97472,-68.81,-3.2393537832226458,6.092338390726597
2012-03-09 06:00:00,7.6,149,-9.97472,-68.81,-3.914289369316413,6.514471485336053
2012-03-09 07:00:00,7.4,133,-9.97472,-68.81,-5.412017391981863,5.046787864462488
2012-03-09 08:00:00,6.4,128,-9.97472,-68.81,-5.043268823083022,3.9402334420842133
2012-03-09 09:00:00,6.2,126,-9.97472,-68.81,-5.0159053651246746,3.644268564213333
2012-03-09 10:00:00,6.6,119,-9.97472,-68.81,-5.772490067120012,3.199743493625824
2012-03-09 11:00:00,5.7,108,-9.97472,-68.81,-5.421022142882376,1.7613968679371999
2012-03-09 12:00:00,6.9,96,-9.97472,-68.81,-6.862201078041086,0.7212463965468096
2012-03-09 13:00:00,6.5,93,-9.97472,-68.81,-6.49109197590473,0.34018371557913496
2012-03-09 14:00:00,5.8,90,-9.97472,-68.81,-5.8,-3.5514757175273243e-16
2012-03-09 15:00:00,6.2,97,-9.97472,-68.81,-6.153786140176197,0.7555899291119137
2012-03-09 16:00:00,5.1,94,-9.97472,-68.81,-5.087576656325103,0.35575801609503915
2012-03-09 17:00:00,5.7,108,-9.97472,-68.81,-5.421022142882376,1.7613968679371999
2012-03-09 18:00:00,6.4,117,-9.97472,-68.81,-5.702441754805555,2.905539198333099
2012-03-09 19:00:00,7.9,137,-9.97472,-68.81,-5.387787044493739,5.777694242791447
2012-03-09 20:00:00,7.9,120,-9.97472,-68.81,-6.841600689897066,3.9499999999999984
2012-03-09 21:00:00,7.1,105,-9.97472,-68.81,-6.858073366652385,1.837615220227898
2012-03-09 22:00:00,5.0,90,-9.97472,-68.81,-5.0,-3.061616997868383e-16
2012-03-09 23:00:00,4.7,58,-9.97472,-68.81,-3.9858260519352022,-2.490620541896063
2012-03-10 00:00:00,5.2,25,-9.97472,-68.81,-2.197614961051637,-4.7128004925905795
2012-03-10 01:00:00,4.0,350,-9.97472,-68.81,0.6945927106677215,-3.939231012048832
2012-03-10 02:00:00,2.8,310,-9.97472,-68.81,2.1449244407331385,-1.7998053071223097
2012-03-10 03:00:00,3.6,323,-9.97472,-68.81,2.166534083347374,-2.875087836170254
2012-03-10 04:00:00,5.5,337,-9.97472,-68.81,2.1490212066910064,-5.062776693988422
2012-03-10 05:00:00,4.5,331,-9.97472,-68.81,2.181643291108516,-3.9357886821272814
2012-03-10 06:00:00,4.4,305,-9.97472,-68.81,3.604268994871564,-2.523736319944603
2012-03-10 07:00:00,4.0,275,-9.97472,-68.81,3.984778792366982,-0.34862297099063155
2012-03-10 08:00:00,5.0,291,-9.97472,-68.81,4.667902132486009,-1.791839747726502
2012-03-10 09:00:00,4.3,294,-9.97472,-68.81,3.9282454678631846,-1.7489675652259389
2012-03-10 10:00:00,3.5,294,-9.97472,-68.81,3.1974091017491038,-1.4235782507652992
2012-03-10 11:00:00,2.7,293,-9.97472,-68.81,2.4853631043215896,-1.0549740469210385
2012-03-10 12:00:00,1.8,323,-9.97472,-68.81,1.083267041673687,-1.437543918085127
2012-03-10 13:00:00,1.3,34,-9.97472,-68.81,-0.726950774511971,-1.0777488443215542
2012-03-10 14:00:00,3.1,45,-9.97472,-68.81,-2.192031021678297,-2.1920310216782974
2012-03-10 15:00:00,5.0,21,-9.97472,-68.81,-1.7918397477265013,-4.667902132486009
2012-03-10 16:00:00,5.7,342,-9.97472,-68.81,1.7613968679372014,-5.421022142882375
2012-03-10 17:00:00,3.5,336,-9.97472,-68.81,1.4235782507653005,-3.1974091017491033
2012-03-10 18:00:00,3.3,41,-9.97472,-68.81,-2.1649947956686737,-2.4905416147351476
2012-03-10 19:00:00,5.1,51,-9.97472,-68.81,-3.963444403430551,-3.209533994354171
2012-03-10 20:00:00,5.4,53,-9.97472,-68.81,-4.312631754255381,-3.2498011250210617
2012-03-10 21:00:00,7.9,47,-9.97472,-68.81,-5.777694242791447,-5.387787044493738
2012-03-10 22:00:00,6.4,47,-9.97472,-68.81,-4.6806636903626915,-4.36478950439999
2012-03-10 23:00:00,4.9,36,-9.97472,-68.81,-2.8801477362331185,-3.9641832724372428
2012-03-11 00:00:00,3.6,37,-9.97472,-68.81,-2.166534083347374,-2.875087836170254
2012-03-11 01:00:00,3.3,49,-9.97472,-68.81,-2.4905416147351476,-2.1649947956686737
2012-03-11 02:00:00,3.1,45,-9.97472,-68.81,-2.192031021678297,-2.1920310216782974
2012-03-11 03:00:00,3.2,27,-9.97472,-68.81,-1.4527695991665497,-2.8512208774027776
2012-03-11 04:00:00,4.6,18,-9.97472,-68.81,-1.421478174124758,-4.3748599749577055
2012-03-11 05:00:00,4.5,14,-9.97472,-68.81,-1.0886485301985047,-4.366330768241984
2012-03-11 06:00:00,3.3,13,-9.97472,-68.81,-0.7423384793347545,-3.2154212137912763
2012-03-11 07:00:00,4.0,360,-9.97472,-68.81,9.797174393178826e-16,-4.0
2012-03-11 08:00:00,2.9,30,-9.97472,-68.81,-1.4499999999999997,-2.511473670974872
2012-03-11 09:00:00,2.9,353,-9.97472,-68.81,0.3534210958749269,-2.878383839759834
2012-03-11 10:00:00,3.1,339,-9.97472,-68.81,1.1109406435904323,-2.894099322141325
2012-03-11 11:00:00,4.4,325,-9.97472,-68.81,2.5237363199446046,-3.604268994871563
2012-03-11 12:00:00,3.7,331,-9.97472,-68.81,1.7937955949114466,-3.236092916415765
2012-03-11 13:00:00,3.6,323,-9.97472,-68.81,2.166534083347374,-2.875087836170254
2012-03-11 14:00:00,3.3,354,-9.97472,-68.81,0.34494392878325625,-3.2819222547153015
2012-03-11 15:00:00,3.9,22,-9.97472,-68.81,-1.460965714322057,-3.616017032810471
2012-03-11 16:00:00,4.3,48,-9.97472,-68.81,-3.195522749552795,-2.8772616073430903
2012-03-11 17:00:00,2.7,23,-9.97472,-68.81,-1.0549740469210394,-2.485363104321589
2012-03-11 18:00:00,1.8,37,-9.97472,-68.81,-1.083267041673687,-1.437543918085127
2012-03-11 19:00:00,1.8,281,-9.97472,-68.81,1.766928930205795,-0.3434561916777812
2012-03-11 20:00:00,1.9,202,-9.97472,-68.81,0.7117525274902328,1.761649323676896
2012-03-11 21:00:00,1.5,166,-9.97472,-68.81,-0.3628828433995016,1.4554435894139948
2012-03-11 22:00:00,2.0,315,-9.97472,-68.81,1.4142135623730954,-1.4142135623730947
2012-03-11 23:00:00,2.8,310,-9.97472,-68.81,2.1449244407331385,-1.7998053071223097
2012-03-12 00:00:00,3.4,328,-9.97472,-68.81,1.801725498392897,-2.883363526931848
2012-03-12 01:00:00,3.9,304,-9.97472,-68.81,3.2332465329646625,-2.1808523235359134
2012-03-12 02:00:00,3.3,276,-9.97472,-68.81,3.281922254715302,-0.3449439287832548
2012-03-12 03:00:00,2.6,286,-9.97472,-68.81,2.499280409439629,-0.7166571251241984
2012-03-12 04:00:00,1.9,292,-9.97472,-68.81,1.761649323676896,-0.7117525274902327
2012-03-12 05:00:00,1.8,323,-9.97472,-68.81,1.083267041673687,-1.437543918085127
2012-03-12 06:00:00,1.8,307,-9.97472,-68.81,1.4375439180851275,-1.0832670416736863
2012-03-12 07:00:00,2.9,277,-9.97472,-68.81,2.8783838397598336,-0.35342109587492826
2012-03-12 08:00:00,3.1,291,-9.97472,-68.81,2.8940993221413254,-1.1109406435904312
2012-03-12 09:00:00,2.9,300,-9.97472,-68.81,2.5114736709748717,-1.4500000000000002
2012-03-12 10:00:00,2.3,309,-9.97472,-68.81,1.7874357113510326,-1.447436899414626
2012-03-12 11:00:00,4.3,318,-9.97472,-68.81,2.87726160734309,-3.195522749552795
2012-03-12 12:00:00,5.9,317,-9.97472,-68.81,4.02379032436874,-4.314986839553107
2012-03-12 13:00:00,6.5,326,-9.97472,-68.81,3.6347538725598527,-5.388744221607772
2012-03-12 14:00:00,6.0,335,-9.97472,-68.81,2.535709570444195,-5.4378467222199
2012-03-12 15:00:00,6.3,336,-9.97472,-68.81,2.562440851377541,-5.755336383148386
2012-03-12 16:00:00,5.0,330,-9.97472,-68.81,2.500000000000002,-4.330127018922192
2012-03-12 17:00:00,4.0,333,-9.97472,-68.81,1.8159619989581879,-3.564026096753471
2012-03-12 18:00:00,4.3,5,-9.97472,-68.81,-0.3747696938149301,-4.283637201794505
2012-03-12 19:00:00,5.8,356,-9.97472,-68.81,0.4045875477159287,-5.78587149150698
2012-03-12 20:00:00,6.8,3,-9.97472,-68.81,-0.3558845024520181,-6.790680836331102
2012-03-12 21:00:00,7.9,344,-9.97472,-68.81,2.1775351109542918,-7.59396739791272
2012-03-12 22:00:00,7.3,303,-9.97472,-68.81,6.122295146001597,-3.9758649556096946
2012-03-12 23:00:00,6.0,287,-9.97472,-68.81,5.737828535778212,-1.7542302283364202
2012-03-13 00:00:00,6.3,301,-9.97472,-68.81,5.400153994423308,-3.244739871933341
2012-03-13 01:00:00,7.1,311,-9.97472,-68.81,5.3584380195816825,-4.6580191058326
2012-03-13 02:00:00,6.7,306,-9.97472,-68.81,5.420413862312149,-3.9381611903595686
2012-03-13 03:00:00,7.1,311,-9.97472,-68.81,5.3584380195816825,-4.6580191058326
2012-03-13 04:00:00,7.1,311,-9.97472,-68.81,5.3584380195816825,-4.6580191058326
2012-03-13 05:00:00,7.1,300,-9.97472,-68.81,6.148780366869514,-3.5500000000000007
2012-03-13 06:00:00,6.8,302,-9.97472,-68.81,5.766727053863698,-3.6034509967857917
2012-03-13 07:00:00,7.1,294,-9.97472,-68.81,6.486172749262467,-2.887830165838178
2012-03-13 08:00:00,7.0,291,-9.97472,-68.81,6.535062985480412,-2.5085756468171025
2012-03-13 09:00:00,7.6,289,-9.97472,-68.81,7.1859411745548085,-2.474317973874388
2012-03-13 10:00:00,9.1,288,-9.97472,-68.81,8.654614298285898,-2.8120546488120195
2012-03-13 11:00:00,9.0,293,-9.97472,-68.81,8.284543681071964,-3.5165801564034616
2012-03-13 12:00:00,9.0,299,-9.97472,-68.81,7.871577364254561,-4.363286582217036
2012-03-13 13:00:00,8.0,306,-9.97472,-68.81,6.4721359549995805,-4.702282018339783
2012-03-13 14:00:00,8.1,315,-9.97472,-68.81,5.727564927611036,-5.727564927611033
2012-03-13 15:00:00,7.4,321,-9.97472,-68.81,4.656970893768801,-5.750880114781583
2012-03-13 16:00:00,6.7,324,-9.97472,-68.81,3.9381611903595717,-5.420413862312147
2012-03-13 17:00:00,6.4,317,-9.97472,-68.81,4.364789504399989,-4.680663690362692
2012-03-13 18:00:00,4.9,324,-9.97472,-68.81,2.88014773623312,-3.9641832724372423
2012-03-13 19:00:00,1.6,333,-9.97472,-68.81,0.7263847995832752,-1.4256104387013886
2012-03-13 20:00:00,1.8,281,-9.97472,-68.81,1.766928930205795,-0.3434561916777812
2012-03-13 21:00:00,2.2,351,-9.97472,-68.81,0.3441558230885085,-2.172914349309303
2012-03-13 22:00:00,4.6,18,-9.97472,-68.81,-1.421478174124758,-4.3748599749577055
2012-03-13 23:00:00,6.7,16,-9.97472,-68.81,-1.8467702839738944,-6.440453362786736
2012-03-14 00:00:00,7.2,6,-9.97472,-68.81,-0.7526049355271051,-7.160557646651568
2012-03-14 01:00:00,6.8,357,-9.97472,-68.81,0.3558845024520217,-6.790680836331102
2012-03-14 02:00:00,7.3,351,-9.97472,-68.81,1.141971594793687,-7.210124886344505
2012-03-14 03:00:00,7.6,352,-9.97472,-68.81,1.0577155672965006,-7.526037322435934
2012-03-14 04:00:00,7.6,352,-9.97472,-68.81,1.0577155672965006,-7.526037322435934
2012-03-14 05:00:00,7.7,349,-9.97472,-68.81,1.469229264399394,-7.558529312547013
2012-03-14 06:00:00,8.1,347,-9.97472,-68.81,1.8221035401853092,-7.892397524760404
2012-03-14 07:00:00,8.1,339,-9.97472,-68.81,2.902780391316936,-7.562001454627332
2012-03-14 08:00:00,7.4,331,-9.97472,-68.81,3.587591189822893,-6.47218583283153
2012-03-14 09:00:00,4.7,328,-9.97472,-68.81,2.490620541896064,-3.9858260519352022
2012-03-14 10:00:00,4.8,333,-9.97472,-68.81,2.179154398749825,-4.276831316104166
2012-03-14 11:00:00,5.5,328,-9.97472,-68.81,2.9145559532826275,-4.664264528860342
2012-03-14 12:00:00,6.3,336,-9.97472,-68.81,2.562440851377541,-5.755336383148386
2012-03-14 13:00:00,5.9,346,-9.97472,-68.81,1.4273391840380405,-5.7247447850283795
2012-03-14 14:00:00,4.9,343,-9.97472,-68.81,1.4326213531414123,-4.685893304218873
2012-03-14 15:00:00,4.2,329,-9.97472,-68.81,2.163159914622229,-3.600102662948871
2012-03-14 16:00:00,4.3,312,-9.97472,-68.81,3.1955227495527967,-2.8772616073430886
2012-03-14 17:00:00,4.8,312,-9.97472,-68.81,3.5670951622914937,-3.2118269105225172
2012-03-14 18:00:00,1.5,45,-9.97472,-68.81,-1.0606601717798212,-1.0606601717798214
2012-03-14 19:00:00,1.1,18,-9.97472,-68.81,-0.33991869381244216,-1.0461621679246689
2012-03-14 20:00:00,2.1,149,-9.97472,-68.81,-1.0815799573111142,1.8000513314744357
2012-03-14 21:00:00,4.4,125,-9.97472,-68.81,-3.6042689948715636,2.5237363199446032
2012-03-14 22:00:00,5.8,90,-9.97472,-68.81,-5.8,-3.5514757175273243e-16
2012-03-14 23:00:00,2.6,106,-9.97472,-68.81,-2.499280409439629,0.7166571251241975
2012-03-15 00:00:00,4.1,135,-9.97472,-68.81,-2.899137802864845,2.8991378028648445
2012-03-15 01:00:00,4.6,108,-9.97472,-68.81,-4.374859974957706,1.4214781741247577
2012-03-15 02:00:00,3.9,112,-9.97472,-68.81,-3.616017032810471,1.4609657143220571
2012-03-15 03:00:00,5.0,90,-9.97472,-68.81,-5.0,-3.061616997868383e-16
2012-03-15 04:00:00,6.5,71,-9.97472,-68.81,-6.145870741395559,-2.116193003971519
2012-03-15 05:00:00,6.3,77,-9.97472,-68.81,-6.1385314081469815,-1.4171916423663489
2012-03-15 06:00:00,6.6,81,-9.97472,-68.81,-6.518743047927909,-1.032467469265524
2012-03-15 07:00:00,4.7,122,-9.97472,-68.81,-3.9858260519352027,2.4906205418960625
2012-03-15 08:00:00,4.0,90,-9.97472,-68.81,-4.0,-2.4492935982947064e-16
2012-03-15 09:00:00,4.5,76,-9.97472,-68.81,-4.366330768241984,-1.0886485301985045
2012-03-15 10:00:00,6.4,63,-9.97472,-68.81,-5.702441754805554,-2.9055391983331
2012-03-15 11:00:00,4.8,63,-9.97472,-68.81,-4.276831316104166,-2.1791543987498248
2012-03-15 12:00:00,3.9,56,-9.97472,-68.81,-3.233246532964663,-2.1808523235359125
2012-03-15 13:00:00,4.3,48,-9.97472,-68.81,-3.195522749552795,-2.8772616073430903
2012-03-15 14:00:00,4.1,52,-9.97472,-68.81,-3.23084408978756,-2.524212048835199
2012-03-15 15:00:00,3.3,49,-9.97472,-68.81,-2.4905416147351476,-2.1649947956686737
2012-03-15 16:00:00,1.9,68,-9.97472,-68.81,-1.761649323676896,-0.7117525274902327
2012-03-15 17:00:00,3.4,198,-9.97472,-68.81,1.0506577808748208,3.2335921554035223
2012-03-15 18:00:00,5.8,184,-9.97472,-68.81,0.4045875477159266,5.78587149150698
2012-03-15 19:00:00,8.3,178,-9.97472,-68.81,-0.2896658226307595,8.294943864258496
2012-03-15 20:00:00,8.6,165,-9.97472,-68.81,-2.2258437878816806,8.306962106085987
2012-03-15 21:00:00,8.4,160,-9.97472,-68.81,-2.8729692039356185,7.893418014601631
2012-03-15 22:00:00,8.1,148,-9.97472,-68.81,-4.29234604028896,6.86918957886705
2012-03-15 23:00:00,6.9,129,-9.97472,-68.81,-5.3623071340531006,4.342310698243877
2012-03-16 00:00:00,6.1,135,-9.97472,-68.81,-4.31335136523794,4.313351365237939
2012-03-16 01:00:00,6.8,155,-9.97472,-68.81,-2.8738041798367564,6.162892951849219
2012-03-16 02:00:00,7.3,160,-9.97472,-68.81,-2.496747046277383,6.8597561317371305
2012-03-16 03:00:00,7.3,160,-9.97472,-68.81,-2.496747046277383,6.8597561317371305
2012-03-16 04:00:00,6.7,164,-9.97472,-68.81,-1.8467702839738949,6.440453362786736
2012-03-16 05:00:00,6.3,167,-9.97472,-68.81,-1.4171916423663506,6.1385314081469815
2012-03-16 06:00:00,6.0,163,-9.97472,-68.81,-1.7542302283364197,5.737828535778213
2012-03-16 07:00:00,3.3,167,-9.97472,-68.81,-0.7423384793347552,3.215421213791276
2012-03-16 08:00:00,3.3,174,-9.97472,-68.81,-0.3449439287832573,3.2819222547153015
2012-03-16 09:00:00,4.9,144,-9.97472,-68.81,-2.880147736233119,3.9641832724372423
2012-03-16 10:00:00,8.2,139,-9.97472,-68.81,-5.379684037722159,6.18861855782673
2012-03-16 11:00:00,7.9,133,-9.97472,-68.81,-5.777694242791448,5.387787044493737
2012-03-16 12:00:00,7.1,135,-9.97472,-68.81,-5.020458146424487,5.020458146424486
2012-03-16 13:00:00,5.0,150,-9.97472,-68.81,-2.4999999999999996,4.330127018922194
2012-03-16 14:00:00,4.3,180,-9.97472,-68.81,-5.265981236333618e-16,4.3
2012-03-16 15:00:00,2.5,188,-9.97472,-68.81,0.3479327524001638,2.475670171853926
2012-03-16 16:00:00,3.3,193,-9.97472,-68.81,0.7423384793347544,3.2154212137912763
2012-03-16 17:00:00,2.5,172,-9.97472,-68.81,-0.3479327524001633,2.475670171853926
2012-03-16 18:00:00,1.6,117,-9.97472,-68.81,-1.4256104387013888,0.7263847995832747
2012-03-16 19:00:00,3.6,360,-9.97472,-68.81,8.817456953860943e-16,-3.6
2012-03-16 20:00:00,6.0,17,-9.97472,-68.81,-1.7542302283364206,-5.737828535778212
2012-03-16 21:00:00,4.9,17,-9.97472,-68.81,-1.4326213531414103,-4.685893304218874
2012-03-16 22:00:00,4.2,31,-9.97472,-68.81,-2.1631599146222276,-3.600102662948872
2012-03-16 23:00:00,4.0,350,-9.97472,-68.81,0.6945927106677215,-3.939231012048832
2012-03-17 00:00:00,2.6,236,-9.97472,-68.81,2.1554976886431088,1.453901549023941
2012-03-17 01:00:00,4.6,231,-9.97472,-68.81,3.5748714227020644,2.894873798829254
2012-03-17 02:00:00,4.6,252,-9.97472,-68.81,4.3748599749577055,1.4214781741247586
2012-03-17 03:00:00,4.7,274,-9.97472,-68.81,4.688551036221175,-0.32785542659738853
2012-03-17 04:00:00,5.1,274,-9.97472,-68.81,5.087576656325104,-0.3557580160950386
2012-03-17 05:00:00,3.4,238,-9.97472,-68.81,2.883363526931848,1.801725498392897
2012-03-17 06:00:00,5.7,198,-9.97472,-68.81,1.7613968679371996,5.421022142882376
2012-03-17 07:00:00,5.8,210,-9.97472,-68.81,2.9000000000000004,5.0229473419497435
2012-03-17 08:00:00,5.8,202,-9.97472,-68.81,2.1727182418122895,5.377666356487367
2012-03-17 09:00:00,5.8,202,-9.97472,-68.81,2.1727182418122895,5.377666356487367
2012-03-17 10:00:00,5.4,180,-9.97472,-68.81,-6.613092715395707e-16,5.4
2012-03-17 11:00:00,2.7,157,-9.97472,-68.81,-1.0549740469210394,2.485363104321589
2012-03-17 12:00:00,0.8,117,-9.97472,-68.81,-0.7128052193506944,0.36319239979163737
2012-03-17 13:00:00,1.5,76,-9.97472,-68.81,-1.4554435894139948,-0.3628828433995015
2012-03-17 14:00:00,3.6,45,-9.97472,-68.81,-2.545584412271571,-2.5455844122715714
2012-03-17 15:00:00,5.4,360,-9.97472,-68.81,1.3226185430791415e-15,-5.4
2012-03-17 16:00:00,8.0,352,-9.97472,-68.81,1.113384807680527,-7.922144549932562
2012-03-17 17:00:00,4.2,340,-9.97472,-68.81,1.4364846019678081,-3.9467090073008158
2012-03-17 18:00:00,3.8,343,-9.97472,-68.81,1.1110124779464012,-3.633958072659534
2012-03-17 19:00:00,1.9,338,-9.97472,-68.81,0.7117525274902334,-1.7616493236768958
2012-03-17 20:00:00,2.3,72,-9.97472,-68.81,-2.1874299874788528,-0.7107390870623791
2012-03-17 21:00:00,3.1,69,-9.97472,-68.81,-2.8940993221413254,-1.1109406435904312
2012-03-17 22:00:00,3.5,24,-9.97472,-68.81,-1.4235782507653008,-3.197409101749103
2012-03-17 23:00:00,5.0,339,-9.97472,-68.81,1.7918397477265038,-4.667902132486008
2012-03-18 00:00:00,6.6,331,-9.97472,-68.81,3.199743493625823,-5.772490067120012
2012-03-18 01:00:00,7.6,341,-9.97472,-68.81,2.474317973874391,-7.185941174554808
2012-03-18 02:00:00,7.4,346,-9.97472,-68.81,1.7902220274375422,-7.180188374442374
2012-03-18 03:00:00,6.6,347,-9.97472,-68.81,1.4846769586695112,-6.430842427582552
2012-03-18 04:00:00,6.8,335,-9.97472,-68.81,2.8738041798367546,-6.16289295184922
2012-03-18 05:00:00,6.7,324,-9.97472,-68.81,3.9381611903595717,-5.420413862312147
2012-03-18 06:00:00,6.9,309,-9.97472,-68.81,5.362307134053099,-4.342310698243879
2012-03-18 07:00:00,6.8,295,-9.97472,-68.81,6.162892951849219,-2.8738041798367573
2012-03-18 08:00:00,6.6,299,-9.97472,-68.81,5.772490067120011,-3.1997434936258258
2012-03-18 09:00:00,9.0,299,-9.97472,-68.81,7.871577364254561,-4.363286582217036
2012-03-18 10:00:00,9.0,293,-9.97472,-68.81,8.284543681071964,-3.5165801564034616
2012-03-18 11:00:00,6.0,295,-9.97472,-68.81,5.437846722219899,-2.5357095704441974
2012-03-18 12:00:00,5.2,304,-9.97472,-68.81,4.310995377286217,-2.9078030980478844
2012-03-18 13:00:00,6.4,322,-9.97472,-68.81,3.9402334420842124,-5.043268823083022
2012-03-18 14:00:00,6.5,326,-9.97472,-68.81,3.6347538725598527,-5.388744221607772
2012-03-18 15:00:00,5.2,344,-9.97472,-68.81,1.4333142502483947,-4.998560818879258
2012-03-18 16:00:00,5.9,349,-9.97472,-68.81,1.1257730727216135,-5.791600382341218
2012-03-18 17:00:00,9.2,329,-9.97472,-68.81,4.738350289172501,-7.885939166459431
2012-03-18 18:00:00,7.1,345,-9.97472,-68.81,1.8376152202278968,-6.858073366652385
2012-03-18 19:00:00,7.4,337,-9.97472,-68.81,2.891410350820627,-6.811735915548058
2012-03-18 20:00:00,5.1,352,-9.97472,-68.81,0.709782814896336,-5.050367150582008
2012-03-18 21:00:00,3.2,27,-9.97472,-68.81,-1.4527695991665497,-2.8512208774027776
2012-03-18 22:00:00,3.9,34,-9.97472,-68.81,-2.180852323535913,-3.2332465329646625
2012-03-18 23:00:00,5.0,21,-9.97472,-68.81,-1.7918397477265013,-4.667902132486009
2012-03-19 00:00:00,5.8,4,-9.97472,-68.81,-0.40458754771592675,-5.78587149150698
2012-03-19 01:00:00,6.5,357,-9.97472,-68.81,0.3401837155791384,-6.49109197590473
2012-03-19 02:00:00,6.8,3,-9.97472,-68.81,-0.3558845024520181,-6.790680836331102
2012-03-19 03:00:00,7.3,9,-9.97472,-68.81,-1.1419715947936853,-7.210124886344506
2012-03-19 04:00:00,7.6,5,-9.97472,-68.81,-0.662383644882202,-7.571079705497266
2012-03-19 05:00:00,6.8,3,-9.97472,-68.81,-0.3558845024520181,-6.790680836331102
2012-03-19 06:00:00,5.1,4,-9.97472,-68.81,-0.35575801609503904,-5.087576656325103
2012-03-19 07:00:00,6.5,357,-9.97472,-68.81,0.3401837155791384,-6.49109197590473
2012-03-19 08:00:00,6.5,354,-9.97472,-68.81,0.6794350112397471,-6.4643923198937765
2012-03-19 09:00:00,6.2,353,-9.97472,-68.81,0.7555899291119128,-6.153786140176197
2012-03-19 10:00:00,7.8,347,-9.97472,-68.81,1.7546182238821495,-7.600086505324834
2012-03-19 11:00:00,8.0,342,-9.97472,-68.81,2.472135954999581,-7.608452130361228
2012-03-19 12:00:00,8.9,333,-9.97472,-68.81,4.040515447681968,-7.929958065276474
2012-03-19 13:00:00,8.6,327,-9.97472,-68.81,4.683895701129232,-7.212566884330647
2012-03-19 14:00:00,8.2,322,-9.97472,-68.81,5.048424097670397,-6.46168817957512
2012-03-19 15:00:00,7.4,321,-9.97472,-68.81,4.656970893768801,-5.750880114781583
2012-03-19 16:00:00,5.5,337,-9.97472,-68.81,2.1490212066910064,-5.062776693988422
2012-03-19 17:00:00,6.6,351,-9.97472,-68.81,1.0324674692655254,-6.5187430479279085
2012-03-19 18:00:00,4.5,14,-9.97472,-68.81,-1.0886485301985047,-4.366330768241984
2012-03-19 19:00:00,4.3,42,-9.97472,-68.81,-2.8772616073430903,-3.195522749552795
2012-03-19 20:00:00,3.8,41,-9.97472,-68.81,-2.4930243101639276,-2.8678964048465336
2012-03-19 21:00:00,4.9,73,-9.97472,-68.81,-4.685893304218874,-1.4326213531414103
2012-03-19 22:00:00,4.2,70,-9.97472,-68.81,-3.9467090073008153,-1.436484601967809
2012-03-19 23:00:00,3.6,53,-9.97472,-68.81,-2.875087836170254,-2.1665340833473743
2012-03-20 00:00:00,5.9,43,-9.97472,-68.81,-4.023790324368742,-4.314986839553106
2012-03-20 01:00:00,7.6,31,-9.97472,-68.81,-3.9142893693164114,-6.5144714853360535
2012-03-20 02:00:00,8.2,23,-9.97472,-68.81,-3.2039952536120446,-7.54813979831001
2012-03-20 03:00:00,7.9,24,-9.97472,-68.81,-3.2132194802988217,-7.217009115376547
2012-03-20 04:00:00,8.4,25,-9.97472,-68.81,-3.5499933986218752,-7.61298541110786
2012-03-20 05:00:00,7.4,29,-9.97472,-68.81,-3.5875911898228945,-6.472185832831529
2012-03-20 06:00:00,7.0,35,-9.97472,-68.81,-4.015035054457322,-5.7340643100229425
2012-03-20 07:00:00,7.1,24,-9.97472,-68.81,-2.8878301658381815,-6.486172749262466
2012-03-20 08:00:00,8.1,13,-9.97472,-68.81,-1.8221035401853065,-7.892397524760405
2012-03-20 09:00:00,8.3,2,-9.97472,-68.81,-0.2896658226307581,-8.294943864258496
2012-03-20 10:00:00,9.4,358,-9.97472,-68.81,0.32805526900350773,-9.394273773979501
2012-03-20 11:00:00,10.5,354,-9.97472,-68.81,1.0975488643103608,-10.44247990136687
2012-03-20 12:00:00,10.0,347,-9.97472,-68.81,2.2495105434386535,-9.743700647852352
2012-03-20 13:00:00,8.6,338,-9.97472,-68.81,3.221616703376846,-7.97378114927437
2012-03-20 14:00:00,7.1,319,-9.97472,-68.81,4.658019105832603,-5.35843801958168
2012-03-20 15:00:00,6.6,319,-9.97472,-68.81,4.329989591337348,-4.981083229470294
2012-03-20 16:00:00,6.0,335,-9.97472,-68.81,2.535709570444195,-5.4378467222199
2012-03-20 17:00:00,5.4,340,-9.97472,-68.81,1.8469087739586105,-5.074340152243906
2012-03-20 18:00:00,6.7,324,-9.97472,-68.81,3.9381611903595717,-5.420413862312147
2012-03-20 19:00:00,2.3,18,-9.97472,-68.81,-0.710739087062379,-2.1874299874788528
2012-03-20 20:00:00,1.1,180,-9.97472,-68.81,-1.3471114790620887e-16,1.1
2012-03-20 21:00:00,2.8,140,-9.97472,-68.81,-1.7998053071223103,2.144924440733138
2012-03-20 22:00:00,3.4,108,-9.97472,-68.81,-3.2335921554035223,1.050657780874821
2012-03-20 23:00:00,4.0,63,-9.97472,-68.81,-3.564026096753471,-1.8159619989581872
2012-03-21 00:00:00,4.1,75,-9.97472,-68.81,-3.96029588778518,-1.061158084920335
2012-03-21 01:00:00,4.6,72,-9.97472,-68.81,-4.3748599749577055,-1.4214781741247582
2012-03-21 02:00:00,4.5,61,-9.97472,-68.81,-3.935788682127281,-2.181643291108517
2012-03-21 03:00:00,3.9,56,-9.97472,-68.81,-3.233246532964663,-2.1808523235359125
2012-03-21 04:00:00,2.9,83,-9.97472,-68.81,-2.8783838397598336,-0.3534210958749277
2012-03-21 05:00:00,1.3,146,-9.97472,-68.81,-0.726950774511971,1.0777488443215542
2012-03-21 06:00:00,3.2,117,-9.97472,-68.81,-2.8512208774027776,1.4527695991665495
2012-03-21 07:00:00,3.4,108,-9.97472,-68.81,-3.2335921554035223,1.050657780874821
2012-03-21 08:00:00,2.3,129,-9.97472,-68.81,-1.7874357113510333,1.4474368994146256
2012-03-21 09:00:00,1.6,63,-9.97472,-68.81,-1.4256104387013886,-0.726384799583275
2012-03-21 10:00:00,2.4,27,-9.97472,-68.81,-1.0895771993749122,-2.138415658052083
2012-03-21 11:00:00,4.7,356,-9.97472,-68.81,0.3278554265973905,-4.688551036221174
2012-03-21 12:00:00,5.4,340,-9.97472,-68.81,1.8469087739586105,-5.074340152243906
2012-03-21 13:00:00,5.8,330,-9.97472,-68.81,2.9000000000000026,-5.022947341949743
2012-03-21 14:00:00,5.9,313,-9.97472,-68.81,4.3149868395531055,-4.023790324368742
2012-03-21 15:00:00,5.5,302,-9.97472,-68.81,4.664264528860344,-2.9145559532826257
2012-03-21 16:00:00,8.6,248,-9.97472,-68.81,7.97378114927437,3.2216167033768457
2012-03-21 17:00:00,6.0,245,-9.97472,-68.81,5.4378467222199,2.5357095704441948
2012-03-21 18:00:00,2.8,320,-9.97472,-68.81,1.7998053071223108,-2.1449244407331376
2012-03-21 19:00:00,2.3,309,-9.97472,-68.81,1.7874357113510326,-1.447436899414626
2012-03-21 20:00:00,2.4,333,-9.97472,-68.81,1.0895771993749126,-2.138415658052083
2012-03-21 21:00:00,4.7,356,-9.97472,-68.81,0.3278554265973905,-4.688551036221174
2012-03-21 22:00:00,6.5,354,-9.97472,-68.81,0.6794350112397471,-6.4643923198937765
2012-03-21 23:00:00,7.2,360,-9.97472,-68.81,1.7634913907721887e-15,-7.2
2012-03-22 00:00:00,7.6,360,-9.97472,-68.81,1.8614631347039767e-15,-7.6
2012-03-22 01:00:00,7.9,357,-9.97472,-68.81,0.4134540543192605,-7.889173324561134
2012-03-22 02:00:00,7.6,352,-9.97472,-68.81,1.0577155672965006,-7.526037322435934
2012-03-22 03:00:00,7.0,348,-9.97472,-68.81,1.4553818357243191,-6.847033205136639
2012-03-22 04:00:00,6.8,335,-9.97472,-68.81,2.8738041798367546,-6.16289295184922
2012-03-22 05:00:00,7.3,327,-9.97472,-68.81,3.9758649556096968,-6.122295146001595
2012-03-22 06:00:00,7.3,327,-9.97472,-68.81,3.9758649556096968,-6.122295146001595
2012-03-22 07:00:00,7.1,336,-9.97472,-68.81,2.887830165838181,-6.486172749262467
2012-03-22 08:00:00,7.1,330,-9.97472,-68.81,3.550000000000003,-6.148780366869512
2012-03-22 09:00:00,6.4,333,-9.97472,-68.81,2.9055391983331007,-5.702441754805554
2012-03-22 10:00:00,11.1,324,-9.97472,-68.81,6.524416300446454,-8.980088637561915
2012-03-22 11:00:00,10.2,321,-9.97472,-68.81,6.4190679887083455,-7.9268888068611
2012-03-22 12:00:00,7.9,317,-9.97472,-68.81,5.387787044493736,-5.777694242791449
2012-03-22 13:00:00,7.1,315,-9.97472,-68.81,5.020458146424488,-5.0204581464244855
2012-03-22 14:00:00,7.9,309,-9.97472,-68.81,6.13945309551007,-4.971631089293717
2012-03-22 15:00:00,5.9,313,-9.97472,-68.81,4.3149868395531055,-4.023790324368742
2012-03-22 16:00:00,11.1,324,-9.97472,-68.81,6.524416300446454,-8.980088637561915
2012-03-22 17:00:00,6.9,313,-9.97472,-68.81,5.046340541172276,-4.705788684431241
2012-03-22 18:00:00,8.2,308,-9.97472,-68.81,6.461688179575118,-5.0484240976704
2012-03-22 19:00:00,6.0,295,-9.97472,-68.81,5.437846722219899,-2.5357095704441974
2012-03-22 20:00:00,6.5,341,-9.97472,-68.81,2.1161930039715187,-6.1458707413955596
2012-03-22 21:00:00,7.1,336,-9.97472,-68.81,2.887830165838181,-6.486172749262467
2012-03-22 22:00:00,7.3,340,-9.97472,-68.81,2.4967470462773806,-6.859756131737131
2012-03-22 23:00:00,7.8,338,-9.97472,-68.81,2.921931428644116,-7.232034065620941
2012-03-23 00:00:00,8.7,343,-9.97472,-68.81,2.543633831087813,-8.319851376878407
2012-03-23 01:00:00,8.7,355,-9.97472,-68.81,0.7582549619046273,-8.666893873398186
2012-03-23 02:00:00,7.9,357,-9.97472,-68.81,0.4134540543192605,-7.889173324561134
2012-03-23 03:00:00,6.9,354,-9.97472,-68.81,0.7212463965468086,-6.862201078041086
2012-03-23 04:00:00,7.0,339,-9.97472,-68.81,2.508575646817105,-6.535062985480411
2012-03-23 05:00:00,7.8,326,-9.97472,-68.81,4.361704647071823,-6.466493065929326
2012-03-23 06:00:00,7.7,319,-9.97472,-68.81,5.051654523226907,-5.811263767715344
2012-03-23 07:00:00,7.3,327,-9.97472,-68.81,3.9758649556096968,-6.122295146001595
2012-03-23 08:00:00,6.1,332,-9.97472,-68.81,2.8637765329939335,-5.385980316439453
2012-03-23 09:00:00,5.0,339,-9.97472,-68.81,1.7918397477265038,-4.667902132486008
2012-03-23 10:00:00,7.6,335,-9.97472,-68.81,3.211898789229314,-6.88793918147854
2012-03-23 11:00:00,10.5,333,-9.97472,-68.81,4.7669002472652435,-9.355568503977862
2012-03-23 12:00:00,10.9,333,-9.97472,-68.81,4.948496447161062,-9.71197111365321
2012-03-23 13:00:00,9.7,329,-9.97472,-68.81,4.9958693266275285,-8.314522816810486
2012-03-23 14:00:00,8.3,326,-9.97472,-68.81,4.6413010988071965,-6.881011852206848
2012-03-23 15:00:00,8.2,322,-9.97472,-68.81,5.048424097670397,-6.46168817957512
2012-03-23 16:00:00,5.9,313,-9.97472,-68.81,4.3149868395531055,-4.023790324368742
2012-03-23 17:00:00,2.7,337,-9.97472,-68.81,1.0549740469210396,-2.4853631043215887
2012-03-23 18:00:00,1.9,112,-9.97472,-68.81,-1.761649323676896,0.7117525274902329
2012-03-23 19:00:00,2.3,288,-9.97472,-68.81,2.187429987478853,-0.7107390870623785
2012-03-23 20:00:00,3.4,342,-9.97472,-68.81,1.0506577808748219,-3.233592155403522
2012-03-23 21:00:00,5.1,8,-9.97472,-68.81,-0.7097828148963337,-5.050367150582009
2012-03-23 22:00:00,7.3,11,-9.97472,-68.81,-1.392905666248777,-7.165878439167947
2012-03-23 23:00:00,8.5,12,-9.97472,-68.81,-1.7672493719509543,-8.314254606237348
2012-03-24 00:00:00,6.8,25,-9.97472,-68.81,-2.873804179836756,-6.162892951849219
2012-03-24 01:00:00,5.5,32,-9.97472,-68.81,-2.914555953282627,-4.664264528860342
2012-03-24 02:00:00,4.3,42,-9.97472,-68.81,-2.8772616073430903,-3.195522749552795
2012-03-24 03:00:00,3.4,72,-9.97472,-68.81,-3.233592155403522,-1.0506577808748212
2012-03-24 04:00:00,3.7,79,-9.97472,-68.81,-3.632020578756357,-0.7059932828932162
2012-03-24 05:00:00,3.5,66,-9.97472,-68.81,-3.197409101749103,-1.4235782507653008
2012-03-24 06:00:00,4.0,85,-9.97472,-68.81,-3.984778792366982,-0.34862297099063255
2012-03-24 07:00:00,3.3,96,-9.97472,-68.81,-3.2819222547153015,0.3449439287832567
2012-03-24 08:00:00,2.5,98,-9.97472,-68.81,-2.475670171853926,0.3479327524001634
2012-03-24 09:00:00,2.7,23,-9.97472,-68.81,-1.0549740469210394,-2.485363104321589
2012-03-24 10:00:00,3.9,34,-9.97472,-68.81,-2.180852323535913,-3.2332465329646625
2012-03-24 11:00:00,4.6,39,-9.97472,-68.81,-2.8948737988292517,-3.5748714227020657
2012-03-24 12:00:00,5.2,34,-9.97472,-68.81,-2.907803098047884,-4.310995377286217
2012-03-24 13:00:00,6.0,25,-9.97472,-68.81,-2.5357095704441965,-5.437846722219899
2012-03-24 14:00:00,5.9,38,-9.97472,-68.81,-3.6324027044213842,-4.64926344627966
2012-03-24 15:00:00,3.3,41,-9.97472,-68.81,-2.1649947956686737,-2.4905416147351476
2012-03-24 16:00:00,0.7,90,-9.97472,-68.81,-0.7,-4.286263797015736e-17
2012-03-24 17:00:00,1.4,270,-9.97472,-68.81,1.4,2.5717582782094415e-16
2012-03-24 18:00:00,1.8,281,-9.97472,-68.81,1.766928930205795,-0.3434561916777812
2012-03-24 19:00:00,4.3,185,-9.97472,-68.81,0.37476969381492914,4.283637201794505
2012-03-24 20:00:00,8.8,199,-9.97472,-68.81,2.8649997592229797,8.320563465273988
2012-03-24 21:00:00,8.0,190,-9.97472,-68.81,1.3891854213354438,7.878462024097664
2012-03-24 22:00:00,6.0,147,-9.97472,-68.81,-3.2678342100901636,5.032023407672543
2012-03-24 23:00:00,4.7,122,-9.97472,-68.81,-3.9858260519352027,2.4906205418960625
2012-03-25 00:00:00,4.8,117,-9.97472,-68.81,-4.276831316104166,2.179154398749824
2012-03-25 01:00:00,5.2,115,-9.97472,-68.81,-4.71280049259058,2.1976149610516367
2012-03-25 02:00:00,6.4,128,-9.97472,-68.81,-5.043268823083022,3.9402334420842133
2012-03-25 03:00:00,6.1,135,-9.97472,-68.81,-4.31335136523794,4.313351365237939
2012-03-25 04:00:00,6.1,130,-9.97472,-68.81,-4.6728711030257655,3.92100441908789
2012-03-25 05:00:00,5.3,118,-9.97472,-68.81,-4.679622242152313,2.4881992827652217
2012-03-25 06:00:00,5.5,122,-9.97472,-68.81,-4.664264528860343,2.914555953282626
2012-03-25 07:00:00,5.1,141,-9.97472,-68.81,-3.2095339943541705,3.963444403430551
2012-03-25 08:00:00,5.5,157,-9.97472,-68.81,-2.149021206691006,5.062776693988422
2012-03-25 09:00:00,6.4,142,-9.97472,-68.81,-3.9402334420842138,5.043268823083021
2012-03-25 10:00:00,6.3,114,-9.97472,-68.81,-5.755336383148386,2.5624408513775414
2012-03-25 11:00:00,3.5,66,-9.97472,-68.81,-3.197409101749103,-1.4235782507653008
2012-03-25 12:00:00,2.6,34,-9.97472,-68.81,-1.453901549023942,-2.1554976886431083
2012-03-25 13:00:00,1.1,360,-9.97472,-68.81,2.6942229581241775e-16,-1.1
2012-03-25 14:00:00,0.4,90,-9.97472,-68.81,-0.4,-2.4492935982947065e-17
2012-03-25 15:00:00,3.5,204,-9.97472,-68.81,1.4235782507653008,3.197409101749103
2012-03-25 16:00:00,4.5,151,-9.97472,-68.81,-2.181643291108517,3.935788682127281
2012-03-25 17:00:00,2.1,59,-9.97472,-68.81,-1.800051331474436,-1.0815799573111138
2012-03-25 18:00:00,2.3,18,-9.97472,-68.81,-0.710739087062379,-2.1874299874788528
2012-03-25 19:00:00,4.8,333,-9.97472,-68.81,2.179154398749825,-4.276831316104166
2012-03-25 20:00:00,5.7,325,-9.97472,-68.81,3.2693856872009652,-4.669166652447252
2012-03-25 21:00:00,6.6,299,-9.97472,-68.81,5.772490067120011,-3.1997434936258258
2012-03-25 22:00:00,6.9,298,-9.97472,-68.81,6.0923383907265976,-3.239353783222644
2012-03-25 23:00:00,5.6,297,-9.97472,-68.81,4.989636535454861,-2.542346798541461
2012-03-26 00:00:00,6.0,295,-9.97472,-68.81,5.437846722219899,-2.5357095704441974
2012-03-26 01:00:00,6.3,294,-9.97472,-68.81,5.755336383148387,-2.5624408513775383
2012-03-26 02:00:00,6.4,286,-9.97472,-68.81,6.152074854005241,-1.7640790772287962
2012-03-26 03:00:00,5.9,284,-9.97472,-68.81,5.72474478502838,-1.427339184038038
2012-03-26 04:00:00,5.4,290,-9.97472,-68.81,5.074340152243905,-1.8469087739586127
2012-03-26 05:00:00,5.0,300,-9.97472,-68.81,4.330127018922193,-2.5000000000000004
2012-03-26 06:00:00,5.1,309,-9.97472,-68.81,3.9634444034305507,-3.209533994354171
2012-03-26 07:00:00,4.3,312,-9.97472,-68.81,3.1955227495527967,-2.8772616073430886
2012-03-26 08:00:00,3.6,307,-9.97472,-68.81,2.875087836170255,-2.1665340833473725
2012-03-26 09:00:00,5.5,302,-9.97472,-68.81,4.664264528860344,-2.9145559532826257
2012-03-26 10:00:00,5.9,284,-9.97472,-68.81,5.72474478502838,-1.427339184038038
2012-03-26 11:00:00,5.5,293,-9.97472,-68.81,5.062776693988423,-2.149021206691004
2012-03-26 12:00:00,5.0,300,-9.97472,-68.81,4.330127018922193,-2.5000000000000004
2012-03-26 13:00:00,4.8,312,-9.97472,-68.81,3.5670951622914937,-3.2118269105225172
2012-03-26 14:00:00,5.0,330,-9.97472,-68.81,2.500000000000002,-4.330127018922192
2012-03-26 15:00:00,4.9,343,-9.97472,-68.81,1.4326213531414123,-4.685893304218873
2012-03-26 16:00:00,5.0,330,-9.97472,-68.81,2.500000000000002,-4.330127018922192
2012-03-26 17:00:00,5.4,340,-9.97472,-68.81,1.8469087739586105,-5.074340152243906
2012-03-26 18:00:00,5.4,360,-9.97472,-68.81,1.3226185430791415e-15,-5.4
2012-03-26 19:00:00,6.6,347,-9.97472,-68.81,1.4846769586695112,-6.430842427582552
2012-03-26 20:00:00,8.4,350,-9.97472,-68.81,1.4586446924022154,-8.272385125302547
2012-03-26 21:00:00,9.0,355,-9.97472,-68.81,0.7844016847289249,-8.96575228282571
2012-03-26 22:00:00,8.4,350,-9.97472,-68.81,1.4586446924022154,-8.272385125302547
2012-03-26 23:00:00,8.3,342,-9.97472,-68.81,2.5648410533120654,-7.893769085249775
2012-03-27 00:00:00,7.7,323,-9.97472,-68.81,4.6339756782707715,-6.149493427364155
2012-03-27 01:00:00,7.6,329,-9.97472,-68.81,3.914289369316414,-6.514471485336052
2012-03-27 02:00:00,7.2,342,-9.97472,-68.81,2.224922359499623,-6.8476069173251055
2012-03-27 03:00:00,7.0,339,-9.97472,-68.81,2.508575646817105,-6.535062985480411
2012-03-27 04:00:00,6.6,338,-9.97472,-68.81,2.4724035165450213,-6.119413440140796
2012-03-27 05:00:00,6.0,343,-9.97472,-68.81,1.7542302283364228,-5.7378285357782115
2012-03-27 06:00:00,4.8,347,-9.97472,-68.81,1.0797650608505536,-4.6769763109691285
2012-03-27 07:00:00,2.4,333,-9.97472,-68.81,1.0895771993749126,-2.138415658052083
2012-03-27 08:00:00,2.3,51,-9.97472,-68.81,-1.7874357113510329,-1.447436899414626
2012-03-27 09:00:00,2.6,56,-9.97472,-68.81,-2.1554976886431088,-1.4539015490239418
2012-03-27 10:00:00,3.9,22,-9.97472,-68.81,-1.460965714322057,-3.616017032810471
2012-03-27 11:00:00,5.1,356,-9.97472,-68.81,0.3557580160950407,-5.087576656325103
2012-03-27 12:00:00,4.9,343,-9.97472,-68.81,1.4326213531414123,-4.685893304218873
2012-03-27 13:00:00,3.3,13,-9.97472,-68.81,-0.7423384793347545,-3.2154212137912763
2012-03-27 14:00:00,1.8,37,-9.97472,-68.81,-1.083267041673687,-1.437543918085127
2012-03-27 15:00:00,3.4,32,-9.97472,-68.81,-1.8017254983928965,-2.883363526931848
2012-03-27 16:00:00,4.5,76,-9.97472,-68.81,-4.366330768241984,-1.0886485301985045
2012-03-27 17:00:00,1.6,27,-9.97472,-68.81,-0.7263847995832748,-1.4256104387013888
2012-03-27 18:00:00,3.7,29,-9.97472,-68.81,-1.7937955949114472,-3.2360929164157644
2012-03-27 19:00:00,2.6,124,-9.97472,-68.81,-2.1554976886431088,1.4539015490239415
2012-03-27 20:00:00,3.1,69,-9.97472,-68.81,-2.8940993221413254,-1.1109406435904312
2012-03-27 21:00:00,4.0,85,-9.97472,-68.81,-3.984778792366982,-0.34862297099063255
2012-03-27 22:00:00,4.6,129,-9.97472,-68.81,-3.5748714227020666,2.894873798829251
2012-03-27 23:00:00,5.4,138,-9.97472,-68.81,-3.613305274337835,4.012982057577928
2012-03-28 00:00:00,7.4,129,-9.97472,-68.81,-5.750880114781586,4.656970893768796
2012-03-28 01:00:00,9.8,144,-9.97472,-68.81,-5.760295472466238,7.928366544874485
2012-03-28 02:00:00,12.3,148,-9.97472,-68.81,-6.518006950068421,10.43099158272404
2012-03-28 03:00:00,12.7,145,-9.97472,-68.81,-7.284420741658283,10.403230962470197
2012-03-28 04:00:00,12.5,147,-9.97472,-68.81,-6.807987937687841,10.483382099317799
2012-03-28 05:00:00,12.7,145,-9.97472,-68.81,-7.284420741658283,10.403230962470197
2012-03-28 06:00:00,12.6,143,-9.97472,-68.81,-7.582869291715807,10.06280742659589
2012-03-28 07:00:00,12.0,139,-9.97472,-68.81,-7.872708347886087,9.056514962673264
2012-03-28 08:00:00,11.7,137,-9.97472,-68.81,-7.979380812731233,8.556838308944293
2012-03-28 09:00:00,12.5,139,-9.97472,-68.81,-8.200737862381342,9.43386975278465
2012-03-28 10:00:00,12.8,142,-9.97472,-68.81,-7.8804668841684276,10.086537646166041
2012-03-28 11:00:00,15.9,141,-9.97472,-68.81,-10.006194217692414,12.356620787165838
2012-03-28 12:00:00,13.9,143,-9.97472,-68.81,-8.365228821813469,11.101033589657373
2012-03-28 13:00:00,12.2,146,-9.97472,-68.81,-6.822153422343112,10.114258385171507
2012-03-28 14:00:00,11.3,153,-9.97472,-68.81,-5.1300926470568795,10.068373723328557
2012-03-28 15:00:00,11.3,153,-9.97472,-68.81,-5.1300926470568795,10.068373723328557
2012-03-28 16:00:00,10.8,159,-9.97472,-68.81,-3.8703738550892424,10.08266860616978
2012-03-28 17:00:00,10.8,165,-9.97472,-68.81,-2.795245687107227,10.431998923921936
2012-03-28 18:00:00,10.6,162,-9.97472,-68.81,-3.2755801403744433,10.081199072728626
2012-03-28 19:00:00,10.9,163,-9.97472,-68.81,-3.186851581477829,10.423721839997087
2012-03-28 20:00:00,11.5,160,-9.97472,-68.81,-3.933231648245192,10.806465139037945
2012-03-28 21:00:00,11.1,155,-9.97472,-68.81,-4.691062705321764,10.060016436106814
2012-03-28 22:00:00,10.8,154,-9.97472,-68.81,-4.734408385322035,9.706975700031006
2012-03-28 23:00:00,9.2,149,-9.97472,-68.81,-4.7383502891725,7.885939166459432
2012-03-29 00:00:00,7.1,135,-9.97472,-68.81,-5.020458146424487,5.020458146424486
2012-03-29 01:00:00,5.7,125,-9.97472,-68.81,-4.669166652447252,3.269385687200963
2012-03-29 02:00:00,6.1,135,-9.97472,-68.81,-4.31335136523794,4.313351365237939
2012-03-29 03:00:00,6.5,146,-9.97472,-68.81,-3.634753872559855,5.38874422160777
2012-03-29 04:00:00,6.1,152,-9.97472,-68.81,-2.863776532993933,5.385980316439454
2012-03-29 05:00:00,6.1,152,-9.97472,-68.81,-2.863776532993933,5.385980316439454
2012-03-29 06:00:00,6.0,147,-9.97472,-68.81,-3.2678342100901636,5.032023407672543
2012-03-29 07:00:00,4.7,148,-9.97472,-68.81,-2.490620541896063,3.9858260519352022
2012-03-29 08:00:00,4.2,149,-9.97472,-68.81,-2.1631599146222285,3.6001026629488715
2012-03-29 09:00:00,3.6,127,-9.97472,-68.81,-2.8750878361702537,2.1665340833473743
2012-03-29 10:00:00,5.5,113,-9.97472,-68.81,-5.062776693988422,2.149021206691006
2012-03-29 11:00:00,6.8,93,-9.97472,-68.81,-6.790680836331102,0.35588450245201814
2012-03-29 12:00:00,5.9,79,-9.97472,-68.81,-5.791600382341218,-1.125773072721615
2012-03-29 13:00:00,5.0,69,-9.97472,-68.81,-4.667902132486009,-1.791839747726502
2012-03-29 14:00:00,4.0,63,-9.97472,-68.81,-3.564026096753471,-1.8159619989581872
2012-03-29 15:00:00,3.9,68,-9.97472,-68.81,-3.616017032810471,-1.4609657143220567
2012-03-29 16:00:00,2.9,83,-9.97472,-68.81,-2.8783838397598336,-0.3534210958749277
2012-03-29 17:00:00,2.5,98,-9.97472,-68.81,-2.475670171853926,0.3479327524001634
2012-03-29 18:00:00,1.8,143,-9.97472,-68.81,-1.0832670416736867,1.4375439180851273
2012-03-29 19:00:00,5.4,200,-9.97472,-68.81,1.846908773958611,5.074340152243906
2012-03-29 20:00:00,6.5,199,-9.97472,-68.81,2.116193003971519,6.145870741395559
2012-03-29 21:00:00,7.1,204,-9.97472,-68.81,2.8878301658381815,6.486172749262466
2012-03-29 22:00:00,6.3,193,-9.97472,-68.81,1.4171916423663493,6.1385314081469815
2012-03-29 23:00:00,5.9,191,-9.97472,-68.81,1.125773072721614,5.791600382341218
2012-03-30 00:00:00,6.2,187,-9.97472,-68.81,0.7555899291119134,6.153786140176197
2012-03-30 01:00:00,5.8,184,-9.97472,-68.81,0.4045875477159266,5.78587149150698
2012-03-30 02:00:00,5.1,188,-9.97472,-68.81,0.7097828148963341,5.050367150582008
2012-03-30 03:00:00,5.8,184,-9.97472,-68.81,0.4045875477159266,5.78587149150698
2012-03-30 04:00:00,6.6,171,-9.97472,-68.81,-1.0324674692655245,6.5187430479279085
2012-03-30 05:00:00,7.3,160,-9.97472,-68.81,-2.496747046277383,6.8597561317371305
2012-03-30 06:00:00,7.1,150,-9.97472,-68.81,-3.5499999999999994,6.148780366869515
2012-03-30 07:00:00,8.1,148,-9.97472,-68.81,-4.29234604028896,6.86918957886705
2012-03-30 08:00:00,8.2,142,-9.97472,-68.81,-5.048424097670399,6.461688179575119
2012-03-30 09:00:00,7.4,141,-9.97472,-68.81,-4.656970893768797,5.750880114781585
2012-03-30 10:00:00,8.7,142,-9.97472,-68.81,-5.356254835333227,6.85569355637848
2012-03-30 11:00:00,8.9,137,-9.97472,-68.81,-6.069785404556238,6.509047944410617
2012-03-30 12:00:00,10.7,123,-9.97472,-68.81,-8.973775077016036,5.82763767466079
2012-03-30 13:00:00,10.2,113,-9.97472,-68.81,-9.38914950521489,3.9854575105905923
2012-03-30 14:00:00,9.9,109,-9.97472,-68.81,-9.360633898433237,3.2231247291258507
2012-03-30 15:00:00,8.2,113,-9.97472,-68.81,-7.548139798310009,3.2039952536120446
2012-03-30 16:00:00,7.3,123,-9.97472,-68.81,-6.122295146001594,3.9758649556096977
2012-03-30 17:00:00,9.4,130,-9.97472,-68.81,-7.200817765318393,6.04220353105347
2012-03-30 18:00:00,9.1,124,-9.97472,-68.81,-7.5442419102508795,5.088655421583795
2012-03-30 19:00:00,6.4,128,-9.97472,-68.81,-5.043268823083022,3.9402334420842133
2012-03-30 20:00:00,6.6,119,-9.97472,-68.81,-5.772490067120012,3.199743493625824
2012-03-30 21:00:00,7.0,102,-9.97472,-68.81,-6.84703320513664,1.4553818357243153
2012-03-30 22:00:00,8.6,112,-9.97472,-68.81,-7.973781149274371,3.2216167033768435
2012-03-30 23:00:00,8.5,118,-9.97472,-68.81,-7.505054539300878,3.990508283680073
2012-03-31 00:00:00,8.0,126,-9.97472,-68.81,-6.47213595499958,4.702282018339784
2012-03-31 01:00:00,7.2,127,-9.97472,-68.81,-5.750175672340507,4.333068166694749
2012-03-31 02:00:00,6.9,133,-9.97472,-68.81,-5.0463405411722775,4.705788684431239
2012-03-31 03:00:00,6.1,140,-9.97472,-68.81,-3.9210044190878905,4.672871103025765
2012-03-31 04:00:00,5.9,142,-9.97472,-68.81,-3.6324027044213847,4.64926344627966
2012-03-31 05:00:00,6.2,144,-9.97472,-68.81,-3.644268564213334,5.015905365124674
2012-03-31 06:00:00,6.9,152,-9.97472,-68.81,-3.2393537832226458,6.092338390726597
2012-03-31 07:00:00,7.3,160,-9.97472,-68.81,-2.496747046277383,6.8597561317371305
2012-03-31 08:00:00,7.4,151,-9.97472,-68.81,-3.5875911898228954,6.472185832831529
2012-03-31 09:00:00,6.7,144,-9.97472,-68.81,-3.938161190359571,5.420413862312147
2012-03-31 10:00:00,8.4,133,-9.97472,-68.81,-6.143371093601033,5.7287862245249865
2012-03-31 11:00:00,11.0,128,-9.97472,-68.81,-8.668118289673941,6.772276228582241
2012-03-31 12:00:00,12.8,122,-9.97472,-68.81,-10.855015630802255,6.782966582185022
2012-03-31 13:00:00,10.5,112,-9.97472,-68.81,-9.735430472951268,3.933369230867077
2012-03-31 14:00:00,8.9,104,-9.97472,-68.81,-8.635631963856369,2.1531048708370433
2012-03-31 15:00:00,7.4,104,-9.97472,-68.81,-7.180188374442374,1.7902220274375418
2012-03-31 16:00:00,6.2,100,-9.97472,-68.81,-6.10580806867569,1.076618701534968
2012-03-31 17:00:00,3.4,58,-9.97472,-68.81,-2.883363526931848,-1.8017254983928965
2012-03-31 18:00:00,2.7,67,-9.97472,-68.81,-2.485363104321589,-1.0549740469210391
2012-03-31 19:00:00,4.3,156,-9.97472,-68.81,-1.7489675652259418,3.9282454678631833
2012-03-31 20:00:00,3.6,174,-9.97472,-68.81,-0.37630246776355347,3.580278823325784
2012-03-31 21:00:00,3.3,139,-9.97472,-68.81,-2.1649947956686737,2.4905416147351476
2012-03-31 22:00:00,2.0,135,-9.97472,-68.81,-1.4142135623730951,1.414213562373095
2012-03-31 23:00:00,3.5,156,-9.97472,-68.81,-1.4235782507653014,3.197409101749103
2012-04-01 00:00:00,4.3,138,-9.97472,-68.81,-2.8772616073430908,3.195522749552794
2012-04-01 01:00:00,2.1,31,-9.97472,-68.81,-1.0815799573111138,-1.800051331474436
2012-04-01 02:00:00,2.6,344,-9.97472,-68.81,0.7166571251241973,-2.499280409439629
2012-04-01 03:00:00,1.8,323,-9.97472,-68.81,1.083267041673687,-1.437543918085127
2012-04-01 04:00:00,0.7,180,-9.97472,-68.81,-8.572527594031472e-17,0.7
2012-04-01 05:00:00,1.8,169,-9.97472,-68.81,-0.34345619167778096,1.7669289302057951
2012-04-01 06:00:00,2.2,81,-9.97472,-68.81,-2.1729143493093033,-0.34415582308850806
2012-04-01 07:00:00,1.8,323,-9.97472,-68.81,1.083267041673687,-1.437543918085127
2012-04-01 08:00:00,4.3,275,-9.97472,-68.81,4.283637201794505,-0.3747696938149289
2012-04-01 09:00:00,2.8,310,-9.97472,-68.81,2.1449244407331385,-1.7998053071223097
2012-04-01 10:00:00,2.5,278,-9.97472,-68.81,2.475670171853926,-0.34793275240016364
2012-04-01 11:00:00,2.5,278,-9.97472,-68.81,2.475670171853926,-0.34793275240016364
2012-04-01 12:00:00,1.5,315,-9.97472,-68.81,1.0606601717798214,-1.060660171779821
2012-04-01 13:00:00,1.3,56,-9.97472,-68.81,-1.0777488443215544,-0.7269507745119709
2012-04-01 14:00:00,1.1,108,-9.97472,-68.81,-1.046162167924669,0.3399186938124421
2012-04-01 15:00:00,0.7,90,-9.97472,-68.81,-0.7,-4.286263797015736e-17
2012-04-01 16:00:00,1.1,270,-9.97472,-68.81,1.1,2.0206672185931328e-16
2012-04-01 17:00:00,1.8,233,-9.97472,-68.81,1.437543918085127,1.083267041673687
2012-04-01 18:00:00,1.1,252,-9.97472,-68.81,1.0461621679246689,0.33991869381244233
2012-04-01 19:00:00,2.2,360,-9.97472,-68.81,5.388445916248355e-16,-2.2
2012-04-01 20:00:00,3.3,354,-9.97472,-68.81,0.34494392878325625,-3.2819222547153015
2012-04-01 21:00:00,3.6,6,-9.97472,-68.81,-0.37630246776355253,-3.580278823325784
2012-04-01 22:00:00,3.1,45,-9.97472,-68.81,-2.192031021678297,-2.1920310216782974
2012-04-01 23:00:00,2.8,40,-9.97472,-68.81,-1.7998053071223097,-2.1449244407331385
2012-04-02 00:00:00,3.4,18,-9.97472,-68.81,-1.0506577808748212,-3.233592155403522
2012-04-02 01:00:00,1.5,45,-9.97472,-68.81,-1.0606601717798212,-1.0606601717798214
2012-04-02 02:00:00,2.6,74,-9.97472,-68.81,-2.499280409439629,-0.7166571251241979
2012-04-02 03:00:00,4.0,63,-9.97472,-68.81,-3.564026096753471,-1.8159619989581872
2012-04-02 04:00:00,2.7,23,-9.97472,-68.81,-1.0549740469210394,-2.485363104321589
2012-04-02 05:00:00,1.8,349,-9.97472,-68.81,0.3434561916777804,-1.7669289302057951
2012-04-02 06:00:00,1.5,346,-9.97472,-68.81,0.36288284339950183,-1.4554435894139948
2012-04-02 07:00:00,2.3,342,-9.97472,-68.81,0.7107390870623794,-2.1874299874788528
2012-04-02 08:00:00,1.6,297,-9.97472,-68.81,1.4256104387013888,-0.7263847995832746
2012-04-02 09:00:00,1.4,270,-9.97472,-68.81,1.4,2.5717582782094415e-16
2012-04-02 10:00:00,1.8,307,-9.97472,-68.81,1.4375439180851275,-1.0832670416736863
2012-04-02 11:00:00,2.6,326,-9.97472,-68.81,1.453901549023941,-2.1554976886431088
2012-04-02 12:00:00,2.3,321,-9.97472,-68.81,1.447436899414627,-1.7874357113510322
2012-04-02 13:00:00,1.6,333,-9.97472,-68.81,0.7263847995832752,-1.4256104387013886
2012-04-02 14:00:00,1.0,315,-9.97472,-68.81,0.7071067811865477,-0.7071067811865474
2012-04-02 15:00:00,0.8,63,-9.97472,-68.81,-0.7128052193506943,-0.3631923997916375
2012-04-02 16:00:00,1.8,281,-9.97472,-68.81,1.766928930205795,-0.3434561916777812
2012-04-02 17:00:00,4.4,325,-9.97472,-68.81,2.5237363199446046,-3.604268994871563
2012-04-02 18:00:00,4.3,312,-9.97472,-68.81,3.1955227495527967,-2.8772616073430886
2012-04-02 19:00:00,3.6,315,-9.97472,-68.81,2.545584412271572,-2.5455844122715705
2012-04-02 20:00:00,4.1,308,-9.97472,-68.81,3.230844089787559,-2.5242120488352
2012-04-02 21:00:00,5.0,300,-9.97472,-68.81,4.330127018922193,-2.5000000000000004
2012-04-02 22:00:00,4.2,290,-9.97472,-68.81,3.9467090073008153,-1.43648460196781
2012-04-02 23:00:00,4.4,305,-9.97472,-68.81,3.604268994871564,-2.523736319944603
2012-04-03 00:00:00,4.5,299,-9.97472,-68.81,3.9357886821272805,-2.181643291108518
2012-04-03 01:00:00,3.7,299,-9.97472,-68.81,3.236092916415764,-1.7937955949114481
2012-04-03 02:00:00,3.5,294,-9.97472,-68.81,3.1974091017491038,-1.4235782507652992
2012-04-03 03:00:00,2.8,310,-9.97472,-68.81,2.1449244407331385,-1.7998053071223097
2012-04-03 04:00:00,2.5,315,-9.97472,-68.81,1.7677669529663693,-1.7677669529663684
2012-04-03 05:00:00,2.6,326,-9.97472,-68.81,1.453901549023941,-2.1554976886431088
2012-04-03 06:00:00,2.3,321,-9.97472,-68.81,1.447436899414627,-1.7874357113510322
2012-04-03 07:00:00,3.1,291,-9.97472,-68.81,2.8940993221413254,-1.1109406435904312
2012-04-03 08:00:00,2.5,270,-9.97472,-68.81,2.5,4.592425496802574e-16
2012-04-03 09:00:00,1.4,270,-9.97472,-68.81,1.4,2.5717582782094415e-16
2012-04-03 10:00:00,1.6,297,-9.97472,-68.81,1.4256104387013888,-0.7263847995832746
2012-04-03 11:00:00,2.3,309,-9.97472,-68.81,1.7874357113510326,-1.447436899414626
2012-04-03 12:00:00,2.9,330,-9.97472,-68.81,1.4500000000000013,-2.5114736709748713
2012-04-03 13:00:00,3.7,331,-9.97472,-68.81,1.7937955949114466,-3.236092916415765
2012-04-03 14:00:00,4.1,322,-9.97472,-68.81,2.5242120488351985,-3.23084408978756
2012-04-03 15:00:00,5.2,304,-9.97472,-68.81,4.310995377286217,-2.9078030980478844
2012-04-03 16:00:00,6.6,311,-9.97472,-68.81,4.981083229470297,-4.3299895913373465
2012-04-03 17:00:00,3.1,315,-9.97472,-68.81,2.192031021678298,-2.192031021678297
2012-04-03 18:00:00,2.3,108,-9.97472,-68.81,-2.187429987478853,0.7107390870623789
2012-04-03 19:00:00,8.0,108,-9.97472,-68.81,-7.608452130361229,2.4721359549995787
2012-04-03 20:00:00,7.9,90,-9.97472,-68.81,-7.9,-4.837354856632045e-16
2012-04-03 21:00:00,9.8,84,-9.97472,-68.81,-9.746314574609078,-1.024378940023004
2012-04-03 22:00:00,10.1,88,-9.97472,-68.81,-10.093847352892867,-0.3524849166952609
2012-04-03 23:00:00,6.6,81,-9.97472,-68.81,-6.518743047927909,-1.032467469265524
2012-04-04 00:00:00,5.6,27,-9.97472,-68.81,-2.5423467985414616,-4.98963653545486
2012-04-04 01:00:00,5.8,356,-9.97472,-68.81,0.4045875477159287,-5.78587149150698
2012-04-04 02:00:00,6.3,329,-9.97472,-68.81,3.2447398719333433,-5.400153994423306
2012-04-04 03:00:00,5.2,326,-9.97472,-68.81,2.907803098047882,-4.3109953772862175
2012-04-04 04:00:00,4.4,351,-9.97472,-68.81,0.688311646177017,-4.345828698618606
2012-04-04 05:00:00,3.6,360,-9.97472,-68.81,8.817456953860943e-16,-3.6
2012-04-04 06:00:00,3.8,17,-9.97472,-68.81,-1.1110124779463997,-3.6339580726595346
2012-04-04 07:00:00,4.0,333,-9.97472,-68.81,1.8159619989581879,-3.564026096753471
2012-04-04 08:00:00,4.6,309,-9.97472,-68.81,3.5748714227020653,-2.894873798829252
2012-04-04 09:00:00,1.5,256,-9.97472,-68.81,1.4554435894139948,0.36288284339950166
2012-04-04 10:00:00,1.3,214,-9.97472,-68.81,0.7269507745119708,1.0777488443215544
2012-04-04 11:00:00,1.3,34,-9.97472,-68.81,-0.726950774511971,-1.0777488443215542
2012-04-04 12:00:00,1.5,346,-9.97472,-68.81,0.36288284339950183,-1.4554435894139948
2012-04-04 13:00:00,1.5,14,-9.97472,-68.81,-0.3628828433995016,-1.4554435894139948
2012-04-04 14:00:00,0.7,360,-9.97472,-68.81,1.7145055188062944e-16,-0.7
2012-04-04 15:00:00,1.1,72,-9.97472,-68.81,-1.0461621679246689,-0.3399186938124422
2012-04-04 16:00:00,3.4,58,-9.97472,-68.81,-2.883363526931848,-1.8017254983928965
2012-04-04 17:00:00,5.0,21,-9.97472,-68.81,-1.7918397477265013,-4.667902132486009
2012-04-04 18:00:00,3.9,338,-9.97472,-68.81,1.460965714322058,-3.6160170328104706
2012-04-04 19:00:00,3.0,284,-9.97472,-68.81,2.9108871788279895,-0.7257656867990023
2012-04-04 20:00:00,3.7,299,-9.97472,-68.81,3.236092916415764,-1.7937955949114481
2012-04-04 21:00:00,4.7,279,-9.97472,-68.81,4.6421352007971475,-0.7352419856890842
2012-04-04 22:00:00,4.7,270,-9.97472,-68.81,4.7,8.63375993398884e-16
2012-04-04 23:00:00,3.8,253,-9.97472,-68.81,3.633958072659534,1.111012477946401
2012-04-05 00:00:00,3.2,270,-9.97472,-68.81,3.2,5.878304635907295e-16
2012-04-05 01:00:00,3.2,297,-9.97472,-68.81,2.8512208774027776,-1.4527695991665492
2012-04-05 02:00:00,3.1,324,-9.97472,-68.81,1.8221342821066675,-2.507952682562337
2012-04-05 03:00:00,2.6,304,-9.97472,-68.81,2.1554976886431083,-1.4539015490239422
2012-04-05 04:00:00,3.6,307,-9.97472,-68.81,2.875087836170255,-2.1665340833473725
2012-04-05 05:00:00,4.3,318,-9.97472,-68.81,2.87726160734309,-3.195522749552795
2012-04-05 06:00:00,4.3,312,-9.97472,-68.81,3.1955227495527967,-2.8772616073430886
2012-04-05 07:00:00,3.1,291,-9.97472,-68.81,2.8940993221413254,-1.1109406435904312
2012-04-05 08:00:00,4.7,293,-9.97472,-68.81,4.32637281122647,-1.8364363038995855
2012-04-05 09:00:00,5.5,302,-9.97472,-68.81,4.664264528860344,-2.9145559532826257
2012-04-05 10:00:00,4.8,297,-9.97472,-68.81,4.2768313161041664,-2.179154398749824
2012-04-05 11:00:00,5.2,295,-9.97472,-68.81,4.7128004925905795,-2.197614961051638
2012-04-05 12:00:00,7.1,294,-9.97472,-68.81,6.486172749262467,-2.887830165838178
2012-04-05 13:00:00,9.1,288,-9.97472,-68.81,8.654614298285898,-2.8120546488120195
2012-04-05 14:00:00,9.4,288,-9.97472,-68.81,8.939931253174445,-2.904759747124504
2012-04-05 15:00:00,8.8,282,-9.97472,-68.81,8.60769888645749,-1.8296228791962832
2012-04-05 16:00:00,9.9,280,-9.97472,-68.81,9.74959675482086,-1.7191169589026067
2012-04-05 17:00:00,9.8,298,-9.97472,-68.81,8.652886410017485,-4.600821315301727
2012-04-05 18:00:00,5.9,317,-9.97472,-68.81,4.02379032436874,-4.314986839553107
2012-04-05 19:00:00,5.8,300,-9.97472,-68.81,5.0229473419497435,-2.9000000000000004
2012-04-05 20:00:00,6.1,310,-9.97472,-68.81,4.672871103025766,-3.921004419087889
2012-04-05 21:00:00,7.3,327,-9.97472,-68.81,3.9758649556096968,-6.122295146001595
2012-04-05 22:00:00,7.5,325,-9.97472,-68.81,4.3018232726328485,-6.143640332167437
2012-04-05 23:00:00,7.9,321,-9.97472,-68.81,4.971631089293719,-6.139453095510068
2012-04-06 00:00:00,7.4,317,-9.97472,-68.81,5.0467878644624875,-5.4120173919818635
2012-04-06 01:00:00,7.1,315,-9.97472,-68.81,5.020458146424488,-5.0204581464244855
2012-04-06 02:00:00,6.7,324,-9.97472,-68.81,3.9381611903595717,-5.420413862312147
2012-04-06 03:00:00,6.6,315,-9.97472,-68.81,4.666904755831214,-4.6669047558312124
2012-04-06 04:00:00,6.5,304,-9.97472,-68.81,5.38874422160777,-3.6347538725598554
2012-04-06 05:00:00,6.3,301,-9.97472,-68.81,5.400153994423308,-3.244739871933341
2012-04-06 06:00:00,5.8,300,-9.97472,-68.81,5.0229473419497435,-2.9000000000000004
2012-04-06 07:00:00,5.1,315,-9.97472,-68.81,3.606244584051393,-3.606244584051391
2012-04-06 08:00:00,4.8,312,-9.97472,-68.81,3.5670951622914937,-3.2118269105225172
2012-04-06 09:00:00,3.1,306,-9.97472,-68.81,2.5079526825623377,-1.8221342821066662
2012-04-06 10:00:00,3.4,302,-9.97472,-68.81,2.883363526931849,-1.8017254983928959
2012-04-06 11:00:00,4.3,312,-9.97472,-68.81,3.1955227495527967,-2.8772616073430886
2012-04-06 12:00:00,4.6,321,-9.97472,-68.81,2.894873798829254,-3.5748714227020644
2012-04-06 13:00:00,4.5,331,-9.97472,-68.81,2.181643291108516,-3.9357886821272814
2012-04-06 14:00:00,4.8,333,-9.97472,-68.81,2.179154398749825,-4.276831316104166
2012-04-06 15:00:00,4.4,325,-9.97472,-68.81,2.5237363199446046,-3.604268994871563
2012-04-06 16:00:00,4.3,312,-9.97472,-68.81,3.1955227495527967,-2.8772616073430886
2012-04-06 17:00:00,4.9,306,-9.97472,-68.81,3.964183272437243,-2.8801477362331176
2012-04-06 18:00:00,2.9,300,-9.97472,-68.81,2.5114736709748717,-1.4500000000000002
2012-04-06 19:00:00,1.6,63,-9.97472,-68.81,-1.4256104387013886,-0.726384799583275
2012-04-06 20:00:00,3.2,63,-9.97472,-68.81,-2.851220877402777,-1.45276959916655
2012-04-06 21:00:00,3.8,41,-9.97472,-68.81,-2.4930243101639276,-2.8678964048465336
2012-04-06 22:00:00,4.5,14,-9.97472,-68.81,-1.0886485301985047,-4.366330768241984
2012-04-06 23:00:00,5.1,4,-9.97472,-68.81,-0.35575801609503904,-5.087576656325103
2012-04-07 00:00:00,6.2,10,-9.97472,-68.81,-1.0766187015349682,-6.10580806867569
2012-04-07 01:00:00,6.5,360,-9.97472,-68.81,1.592040838891559e-15,-6.5
2012-04-07 02:00:00,6.5,354,-9.97472,-68.81,0.6794350112397471,-6.4643923198937765
2012-04-07 03:00:00,6.3,336,-9.97472,-68.81,2.562440851377541,-5.755336383148386
2012-04-07 04:00:00,6.6,331,-9.97472,-68.81,3.199743493625823,-5.772490067120012
2012-04-07 05:00:00,7.1,330,-9.97472,-68.81,3.550000000000003,-6.148780366869512
2012-04-07 06:00:00,6.6,338,-9.97472,-68.81,2.4724035165450213,-6.119413440140796
2012-04-07 07:00:00,5.3,332,-9.97472,-68.81,2.4881992827652213,-4.679622242152313
2012-04-07 08:00:00,5.6,320,-9.97472,-68.81,3.5996106142446216,-4.289848881466275
2012-04-07 09:00:00,4.8,318,-9.97472,-68.81,3.211826910522519,-3.5670951622914924
2012-04-07 10:00:00,4.8,318,-9.97472,-68.81,3.211826910522519,-3.5670951622914924
2012-04-07 11:00:00,5.6,315,-9.97472,-68.81,3.9597979746446668,-3.959797974644665
2012-04-07 12:00:00,5.6,320,-9.97472,-68.81,3.5996106142446216,-4.289848881466275
2012-04-07 13:00:00,4.9,324,-9.97472,-68.81,2.88014773623312,-3.9641832724372423
2012-04-07 14:00:00,5.0,330,-9.97472,-68.81,2.500000000000002,-4.330127018922192
2012-04-07 15:00:00,4.2,340,-9.97472,-68.81,1.4364846019678081,-3.9467090073008158
2012-04-07 16:00:00,4.4,351,-9.97472,-68.81,0.688311646177017,-4.345828698618606
2012-04-07 17:00:00,2.3,39,-9.97472,-68.81,-1.4474368994146258,-1.7874357113510329
2012-04-07 18:00:00,0.8,117,-9.97472,-68.81,-0.7128052193506944,0.36319239979163737
2012-04-07 19:00:00,3.6,6,-9.97472,-68.81,-0.37630246776355253,-3.580278823325784
2012-04-07 20:00:00,3.1,21,-9.97472,-68.81,-1.1109406435904308,-2.8940993221413254
2012-04-07 21:00:00,6.9,9,-9.97472,-68.81,-1.079397808777593,-6.815049550106451
2012-04-07 22:00:00,6.5,360,-9.97472,-68.81,1.592040838891559e-15,-6.5
2012-04-07 23:00:00,6.1,3,-9.97472,-68.81,-0.31924933308195735,-6.0916401620029
2012-04-08 00:00:00,6.6,9,-9.97472,-68.81,-1.0324674692655236,-6.518743047927909
2012-04-08 01:00:00,7.9,3,-9.97472,-68.81,-0.4134540543192563,-7.889173324561134
2012-04-08 02:00:00,7.9,3,-9.97472,-68.81,-0.4134540543192563,-7.889173324561134
2012-04-08 03:00:00,7.6,355,-9.97472,-68.81,0.6623836448822031,-7.571079705497266
2012-04-08 04:00:00,8.8,348,-9.97472,-68.81,1.829622879196287,-8.60769888645749
2012-04-08 05:00:00,8.7,353,-9.97472,-68.81,1.0602632876247808,-8.635151519279502
2012-04-08 06:00:00,7.9,360,-9.97472,-68.81,1.934941942652818e-15,-7.9
2012-04-08 07:00:00,6.0,343,-9.97472,-68.81,1.7542302283364228,-5.7378285357782115
2012-04-08 08:00:00,7.1,336,-9.97472,-68.81,2.887830165838181,-6.486172749262467
2012-04-08 09:00:00,6.8,342,-9.97472,-68.81,2.1013155617496437,-6.467184310807044
2012-04-08 10:00:00,9.8,343,-9.97472,-68.81,2.8652427062828245,-9.371786608437747
2012-04-08 11:00:00,10.6,342,-9.97472,-68.81,3.2755801403744447,-10.081199072728626
2012-04-08 12:00:00,9.4,337,-9.97472,-68.81,3.6728726077991745,-8.652745622452938
2012-04-08 13:00:00,8.7,336,-9.97472,-68.81,3.538608794759461,-7.947845481490628
2012-04-08 14:00:00,8.9,333,-9.97472,-68.81,4.040515447681968,-7.929958065276474
2012-04-08 15:00:00,7.9,330,-9.97472,-68.81,3.9500000000000037,-6.841600689897064
2012-04-08 16:00:00,9.0,2,-9.97472,-68.81,-0.31409547032250873,-8.994517443171862
2012-04-08 17:00:00,5.9,11,-9.97472,-68.81,-1.1257730727216144,-5.791600382341218
2012-04-08 18:00:00,5.0,21,-9.97472,-68.81,-1.7918397477265013,-4.667902132486009
2012-04-08 19:00:00,4.1,15,-9.97472,-68.81,-1.061158084920335,-3.96029588778518
2012-04-08 20:00:00,3.7,29,-9.97472,-68.81,-1.7937955949114472,-3.2360929164157644
2012-04-08 21:00:00,2.5,270,-9.97472,-68.81,2.5,4.592425496802574e-16
2012-04-08 22:00:00,2.0,225,-9.97472,-68.81,1.414213562373095,1.4142135623730954
2012-04-08 23:00:00,2.6,236,-9.97472,-68.81,2.1554976886431088,1.453901549023941
2012-04-09 00:00:00,3.3,257,-9.97472,-68.81,3.215421213791276,0.7423384793347553
2012-04-09 01:00:00,3.6,270,-9.97472,-68.81,3.6,6.613092715395707e-16
2012-04-09 02:00:00,4.1,315,-9.97472,-68.81,2.8991378028648453,-2.899137802864844
2012-04-09 03:00:00,3.4,342,-9.97472,-68.81,1.0506577808748219,-3.233592155403522
2012-04-09 04:00:00,3.2,360,-9.97472,-68.81,7.837739514543061e-16,-3.2
2012-04-09 05:00:00,2.2,9,-9.97472,-68.81,-0.34415582308850795,-2.1729143493093033
2012-04-09 06:00:00,1.8,11,-9.97472,-68.81,-0.34345619167778063,-1.7669289302057951
2012-04-09 07:00:00,2.3,18,-9.97472,-68.81,-0.710739087062379,-2.1874299874788528
2012-04-09 08:00:00,4.3,5,-9.97472,-68.81,-0.3747696938149301,-4.283637201794505
2012-04-09 09:00:00,6.6,347,-9.97472,-68.81,1.4846769586695112,-6.430842427582552
2012-04-09 10:00:00,8.5,348,-9.97472,-68.81,1.767249371950959,-8.314254606237347
2012-04-09 11:00:00,8.9,339,-9.97472,-68.81,3.189474750953177,-8.308865795825094
2012-04-09 12:00:00,8.5,332,-9.97472,-68.81,3.990508283680072,-7.505054539300878
2012-04-09 13:00:00,8.2,331,-9.97472,-68.81,3.9754388860199623,-7.171881598543045
2012-04-09 14:00:00,8.2,331,-9.97472,-68.81,3.9754388860199623,-7.171881598543045
2012-04-09 15:00:00,8.7,336,-9.97472,-68.81,3.538608794759461,-7.947845481490628
2012-04-09 16:00:00,8.0,333,-9.97472,-68.81,3.6319239979163758,-7.128052193506942
2012-04-09 17:00:00,8.1,347,-9.97472,-68.81,1.8221035401853092,-7.892397524760404
2012-04-09 18:00:00,5.2,295,-9.97472,-68.81,4.7128004925905795,-2.197614961051638
2012-04-09 19:00:00,2.3,288,-9.97472,-68.81,2.187429987478853,-0.7107390870623785
2012-04-09 20:00:00,1.5,315,-9.97472,-68.81,1.0606601717798214,-1.060660171779821
2012-04-09 21:00:00,3.2,63,-9.97472,-68.81,-2.851220877402777,-1.45276959916655
2012-04-09 22:00:00,5.6,63,-9.97472,-68.81,-4.989636535454859,-2.542346798541462
2012-04-09 23:00:00,5.8,68,-9.97472,-68.81,-5.377666356487367,-2.1727182418122895
2012-04-10 00:00:00,3.6,84,-9.97472,-68.81,-3.580278823325784,-0.3763024677635525
2012-04-10 01:00:00,5.4,53,-9.97472,-68.81,-4.312631754255381,-3.2498011250210617
2012-04-10 02:00:00,7.4,39,-9.97472,-68.81,-4.656970893768797,-5.750880114781585
2012-04-10 03:00:00,7.1,30,-9.97472,-68.81,-3.5499999999999994,-6.148780366869515
2012-04-10 04:00:00,6.8,25,-9.97472,-68.81,-2.873804179836756,-6.162892951849219
2012-04-10 05:00:00,5.9,14,-9.97472,-68.81,-1.4273391840380396,-5.7247447850283795
2012-04-10 06:00:00,5.5,23,-9.97472,-68.81,-2.149021206691006,-5.062776693988422
2012-04-10 07:00:00,5.9,14,-9.97472,-68.81,-1.4273391840380396,-5.7247447850283795
2012-04-10 08:00:00,7.0,12,-9.97472,-68.81,-1.4553818357243153,-6.84703320513664
2012-04-10 09:00:00,4.5,14,-9.97472,-68.81,-1.0886485301985047,-4.366330768241984
2012-04-10 10:00:00,3.4,18,-9.97472,-68.81,-1.0506577808748212,-3.233592155403522
2012-04-10 11:00:00,4.5,29,-9.97472,-68.81,-2.1816432911085166,-3.935788682127281
2012-04-10 12:00:00,6.3,24,-9.97472,-68.81,-2.5624408513775414,-5.755336383148386
2012-04-10 13:00:00,7.1,15,-9.97472,-68.81,-1.8376152202278973,-6.858073366652385
2012-04-10 14:00:00,5.4,360,-9.97472,-68.81,1.3226185430791415e-15,-5.4
2012-04-10 15:00:00,7.9,30,-9.97472,-68.81,-3.9499999999999997,-6.841600689897066
2012-04-10 16:00:00,6.5,34,-9.97472,-68.81,-3.634753872559855,-5.38874422160777
2012-04-10 17:00:00,3.4,18,-9.97472,-68.81,-1.0506577808748212,-3.233592155403522
2012-04-10 18:00:00,3.3,319,-9.97472,-68.81,2.164994795668674,-2.490541614735147
2012-04-10 19:00:00,1.5,256,-9.97472,-68.81,1.4554435894139948,0.36288284339950166
2012-04-10 20:00:00,2.7,293,-9.97472,-68.81,2.4853631043215896,-1.0549740469210385
2012-04-10 21:00:00,3.2,270,-9.97472,-68.81,3.2,5.878304635907295e-16
2012-04-10 22:00:00,3.0,284,-9.97472,-68.81,2.9108871788279895,-0.7257656867990023
2012-04-10 23:00:00,5.9,317,-9.97472,-68.81,4.02379032436874,-4.314986839553107
2012-04-11 00:00:00,4.1,308,-9.97472,-68.81,3.230844089787559,-2.5242120488352
2012-04-11 01:00:00,4.2,301,-9.97472,-68.81,3.600102662948872,-2.1631599146222276
2012-04-11 02:00:00,4.6,309,-9.97472,-68.81,3.5748714227020653,-2.894873798829252
2012-04-11 03:00:00,3.5,294,-9.97472,-68.81,3.1974091017491038,-1.4235782507652992
2012-04-11 04:00:00,4.0,265,-9.97472,-68.81,3.984778792366982,0.348622970990633
2012-04-11 05:00:00,4.6,252,-9.97472,-68.81,4.3748599749577055,1.4214781741247586
2012-04-11 06:00:00,5.8,292,-9.97472,-68.81,5.377666356487367,-2.1727182418122895
2012-04-11 07:00:00,7.4,313,-9.97472,-68.81,5.412017391981861,-5.04678786446249
2012-04-11 08:00:00,7.0,305,-9.97472,-68.81,5.7340643100229425,-4.015035054457322
2012-04-11 09:00:00,6.6,279,-9.97472,-68.81,6.518743047927909,-1.0324674692655225
2012-04-11 10:00:00,6.4,254,-9.97472,-68.81,6.152074854005242,1.7640790772287929
2012-04-11 11:00:00,5.9,259,-9.97472,-68.81,5.791600382341218,1.1257730727216133
2012-04-11 12:00:00,5.4,266,-9.97472,-68.81,5.386845871403051,0.37668495821827813
2012-04-11 13:00:00,4.8,257,-9.97472,-68.81,4.6769763109691285,1.0797650608505531
2012-04-11 14:00:00,5.6,255,-9.97472,-68.81,5.4091846272187825,1.4493866525741155
2012-04-11 15:00:00,5.6,255,-9.97472,-68.81,5.4091846272187825,1.4493866525741155
2012-04-11 16:00:00,4.8,257,-9.97472,-68.81,4.6769763109691285,1.0797650608505531
2012-04-11 17:00:00,6.2,260,-9.97472,-68.81,6.10580806867569,1.0766187015349682
2012-04-11 18:00:00,3.6,225,-9.97472,-68.81,2.545584412271571,2.545584412271572
2012-04-11 19:00:00,0.8,63,-9.97472,-68.81,-0.7128052193506943,-0.3631923997916375
2012-04-11 20:00:00,2.3,108,-9.97472,-68.81,-2.187429987478853,0.7107390870623789
2012-04-11 21:00:00,4.5,104,-9.97472,-68.81,-4.366330768241984,1.088648530198505
2012-04-11 22:00:00,4.2,70,-9.97472,-68.81,-3.9467090073008153,-1.436484601967809
2012-04-11 23:00:00,5.0,30,-9.97472,-68.81,-2.4999999999999996,-4.330127018922194
2012-04-12 00:00:00,3.8,49,-9.97472,-68.81,-2.8678964048465336,-2.4930243101639276
2012-04-12 01:00:00,5.4,20,-9.97472,-68.81,-1.8469087739586112,-5.074340152243906
2012-04-12 02:00:00,4.4,35,-9.97472,-68.81,-2.523736319944603,-3.604268994871564
2012-04-12 03:00:00,3.9,56,-9.97472,-68.81,-3.233246532964663,-2.1808523235359125
2012-04-12 04:00:00,2.2,81,-9.97472,-68.81,-2.1729143493093033,-0.34415582308850806
2012-04-12 05:00:00,1.8,143,-9.97472,-68.81,-1.0832670416736867,1.4375439180851273
2012-04-12 06:00:00,1.8,143,-9.97472,-68.81,-1.0832670416736867,1.4375439180851273
2012-04-12 07:00:00,3.3,167,-9.97472,-68.81,-0.7423384793347552,3.215421213791276
2012-04-12 08:00:00,3.2,180,-9.97472,-68.81,-3.9188697572715305e-16,3.2
2012-04-12 09:00:00,3.3,186,-9.97472,-68.81,0.3449439287832565,3.2819222547153015
2012-04-12 10:00:00,4.3,180,-9.97472,-68.81,-5.265981236333618e-16,4.3
2012-04-12 11:00:00,3.6,186,-9.97472,-68.81,0.3763024677635526,3.580278823325784
2012-04-12 12:00:00,2.9,187,-9.97472,-68.81,0.3534210958749272,2.878383839759834
2012-04-12 13:00:00,2.6,214,-9.97472,-68.81,1.4539015490239415,2.1554976886431088
2012-04-12 14:00:00,2.5,225,-9.97472,-68.81,1.7677669529663687,1.7677669529663693
2012-04-12 15:00:00,2.8,220,-9.97472,-68.81,1.7998053071223097,2.1449244407331385
2012-04-12 16:00:00,2.8,230,-9.97472,-68.81,2.144924440733138,1.7998053071223103
2012-04-12 17:00:00,3.6,225,-9.97472,-68.81,2.545584412271571,2.545584412271572
2012-04-12 18:00:00,1.5,256,-9.97472,-68.81,1.4554435894139948,0.36288284339950166
2012-04-12 19:00:00,3.4,72,-9.97472,-68.81,-3.233592155403522,-1.0506577808748212
2012-04-12 20:00:00,4.0,85,-9.97472,-68.81,-3.984778792366982,-0.34862297099063255
2012-04-12 21:00:00,3.2,117,-9.97472,-68.81,-2.8512208774027776,1.4527695991665495
2012-04-12 22:00:00,2.6,106,-9.97472,-68.81,-2.499280409439629,0.7166571251241975
2012-04-12 23:00:00,2.7,113,-9.97472,-68.81,-2.4853631043215887,1.0549740469210394
2012-04-13 00:00:00,2.9,83,-9.97472,-68.81,-2.8783838397598336,-0.3534210958749277
2012-04-13 01:00:00,2.5,45,-9.97472,-68.81,-1.7677669529663687,-1.7677669529663689
2012-04-13 02:00:00,1.0,45,-9.97472,-68.81,-0.7071067811865475,-0.7071067811865476
2012-04-13 03:00:00,2.5,270,-9.97472,-68.81,2.5,4.592425496802574e-16
2012-04-13 04:00:00,4.0,270,-9.97472,-68.81,4.0,7.347880794884119e-16
2012-04-13 05:00:00,2.9,263,-9.97472,-68.81,2.878383839759834,0.35342109587492676
2012-04-13 06:00:00,2.9,263,-9.97472,-68.81,2.878383839759834,0.35342109587492676
2012-04-13 07:00:00,1.8,281,-9.97472,-68.81,1.766928930205795,-0.3434561916777812
2012-04-13 08:00:00,3.1,315,-9.97472,-68.81,2.192031021678298,-2.192031021678297
2012-04-13 09:00:00,4.0,297,-9.97472,-68.81,3.564026096753472,-1.8159619989581866
2012-04-13 10:00:00,5.5,293,-9.97472,-68.81,5.062776693988423,-2.149021206691004
2012-04-13 11:00:00,5.6,297,-9.97472,-68.81,4.989636535454861,-2.542346798541461
2012-04-13 12:00:00,5.0,300,-9.97472,-68.81,4.330127018922193,-2.5000000000000004
2012-04-13 13:00:00,5.0,300,-9.97472,-68.81,4.330127018922193,-2.5000000000000004
2012-04-13 14:00:00,2.3,288,-9.97472,-68.81,2.187429987478853,-0.7107390870623785
2012-04-13 15:00:00,5.8,277,-9.97472,-68.81,5.756767679519667,-0.7068421917498565
2012-04-13 16:00:00,4.2,329,-9.97472,-68.81,2.163159914622229,-3.600102662948871
2012-04-13 17:00:00,2.9,300,-9.97472,-68.81,2.5114736709748717,-1.4500000000000002
2012-04-13 18:00:00,5.4,323,-9.97472,-68.81,3.2498011250210608,-4.312631754255381
2012-04-13 19:00:00,5.1,321,-9.97472,-68.81,3.2095339943541727,-3.96344440343055
2012-04-13 20:00:00,6.2,353,-9.97472,-68.81,0.7555899291119128,-6.153786140176197
2012-04-13 21:00:00,6.8,342,-9.97472,-68.81,2.1013155617496437,-6.467184310807044
2012-04-13 22:00:00,8.1,339,-9.97472,-68.81,2.902780391316936,-7.562001454627332
2012-04-13 23:00:00,8.0,342,-9.97472,-68.81,2.472135954999581,-7.608452130361228
2012-04-14 00:00:00,8.4,340,-9.97472,-68.81,2.8729692039356163,-7.8934180146016315
2012-04-14 01:00:00,7.4,337,-9.97472,-68.81,2.891410350820627,-6.811735915548058
2012-04-14 02:00:00,6.6,347,-9.97472,-68.81,1.4846769586695112,-6.430842427582552
2012-04-14 03:00:00,6.6,338,-9.97472,-68.81,2.4724035165450213,-6.119413440140796
2012-04-14 04:00:00,7.1,330,-9.97472,-68.81,3.550000000000003,-6.148780366869512
2012-04-14 05:00:00,6.6,331,-9.97472,-68.81,3.199743493625823,-5.772490067120012
2012-04-14 06:00:00,7.1,330,-9.97472,-68.81,3.550000000000003,-6.148780366869512
2012-04-14 07:00:00,8.4,329,-9.97472,-68.81,4.326319829244458,-7.200205325897742
2012-04-14 08:00:00,8.3,326,-9.97472,-68.81,4.6413010988071965,-6.881011852206848
2012-04-14 09:00:00,6.9,321,-9.97472,-68.81,4.342310698243882,-5.362307134053097
2012-04-14 10:00:00,7.2,323,-9.97472,-68.81,4.333068166694748,-5.750175672340508
2012-04-14 11:00:00,8.7,318,-9.97472,-68.81,5.821436275322065,-6.46535998165333
2012-04-14 12:00:00,9.2,318,-9.97472,-68.81,6.1560015785014945,-6.836932394392027
2012-04-14 13:00:00,8.7,318,-9.97472,-68.81,5.821436275322065,-6.46535998165333
2012-04-14 14:00:00,8.7,322,-9.97472,-68.81,5.3562548353332256,-6.855693556378481
2012-04-14 15:00:00,8.8,325,-9.97472,-68.81,5.047472639889209,-7.208537989743126
2012-04-14 16:00:00,8.9,313,-9.97472,-68.81,6.509047944410616,-6.069785404556238
2012-04-14 17:00:00,10.5,322,-9.97472,-68.81,6.464445490919411,-8.274112912870581
2012-04-14 18:00:00,8.3,326,-9.97472,-68.81,4.6413010988071965,-6.881011852206848
2012-04-14 19:00:00,6.4,313,-9.97472,-68.81,4.680663690362691,-4.364789504399991
2012-04-14 20:00:00,6.2,306,-9.97472,-68.81,5.015905365124675,-3.6442685642133323
2012-04-14 21:00:00,6.4,333,-9.97472,-68.81,2.9055391983331007,-5.702441754805554
2012-04-14 22:00:00,6.9,332,-9.97472,-68.81,3.2393537832226467,-6.092338390726596
2012-04-14 23:00:00,6.5,326,-9.97472,-68.81,3.6347538725598527,-5.388744221607772
2012-04-15 00:00:00,6.4,333,-9.97472,-68.81,2.9055391983331007,-5.702441754805554
2012-04-15 01:00:00,5.5,328,-9.97472,-68.81,2.9145559532826275,-4.664264528860342
2012-04-15 02:00:00,4.9,324,-9.97472,-68.81,2.88014773623312,-3.9641832724372423
2012-04-15 03:00:00,7.1,336,-9.97472,-68.81,2.887830165838181,-6.486172749262467
2012-04-15 04:00:00,7.2,342,-9.97472,-68.81,2.224922359499623,-6.8476069173251055
2012-04-15 05:00:00,7.3,340,-9.97472,-68.81,2.4967470462773806,-6.859756131737131
2012-04-15 06:00:00,6.6,331,-9.97472,-68.81,3.199743493625823,-5.772490067120012
2012-04-15 07:00:00,6.2,306,-9.97472,-68.81,5.015905365124675,-3.6442685642133323
2012-04-15 08:00:00,5.8,292,-9.97472,-68.81,5.377666356487367,-2.1727182418122895
2012-04-15 09:00:00,4.2,290,-9.97472,-68.81,3.9467090073008153,-1.43648460196781
2012-04-15 10:00:00,4.3,294,-9.97472,-68.81,3.9282454678631846,-1.7489675652259389
2012-04-15 11:00:00,4.4,305,-9.97472,-68.81,3.604268994871564,-2.523736319944603
2012-04-15 12:00:00,4.8,312,-9.97472,-68.81,3.5670951622914937,-3.2118269105225172
2012-04-15 13:00:00,5.1,309,-9.97472,-68.81,3.9634444034305507,-3.209533994354171
2012-04-15 14:00:00,5.8,300,-9.97472,-68.81,5.0229473419497435,-2.9000000000000004
2012-04-15 15:00:00,7.2,297,-9.97472,-68.81,6.41524697415625,-3.268731598124736
2012-04-15 16:00:00,6.8,302,-9.97472,-68.81,5.766727053863698,-3.6034509967857917
2012-04-15 17:00:00,4.8,312,-9.97472,-68.81,3.5670951622914937,-3.2118269105225172
2012-04-15 18:00:00,1.1,342,-9.97472,-68.81,0.3399186938124424,-1.0461621679246689
2012-04-15 19:00:00,0.8,153,-9.97472,-68.81,-0.36319239979163753,0.7128052193506943
2012-04-15 20:00:00,3.2,117,-9.97472,-68.81,-2.8512208774027776,1.4527695991665495
2012-04-15 21:00:00,6.1,90,-9.97472,-68.81,-6.1,-3.735172737399427e-16
2012-04-15 22:00:00,6.1,87,-9.97472,-68.81,-6.0916401620029,-0.3192493330819582
2012-04-15 23:00:00,6.6,77,-9.97472,-68.81,-6.430842427582553,-1.4846769586695083
2012-04-16 00:00:00,7.9,74,-9.97472,-68.81,-7.59396739791272,-2.1775351109542935
2012-04-16 01:00:00,7.8,77,-9.97472,-68.81,-7.6000865053248345,-1.7546182238821464
2012-04-16 02:00:00,6.4,74,-9.97472,-68.81,-6.1520748540052415,-1.7640790772287946
2012-04-16 03:00:00,4.8,63,-9.97472,-68.81,-4.276831316104166,-2.1791543987498248
2012-04-16 04:00:00,5.5,58,-9.97472,-68.81,-4.664264528860342,-2.914555953282627
2012-04-16 05:00:00,5.3,62,-9.97472,-68.81,-4.679622242152313,-2.4881992827652213
2012-04-16 06:00:00,4.7,94,-9.97472,-68.81,-4.688551036221174,0.3278554265973891
2012-04-16 07:00:00,5.1,172,-9.97472,-68.81,-0.7097828148963331,5.050367150582009
2012-04-16 08:00:00,5.6,165,-9.97472,-68.81,-1.4493866525741177,5.409184627218782
2012-04-16 09:00:00,4.3,132,-9.97472,-68.81,-3.195522749552795,2.8772616073430903
2012-04-16 10:00:00,5.2,106,-9.97472,-68.81,-4.998560818879258,1.433314250248395
2012-04-16 11:00:00,4.0,90,-9.97472,-68.81,-4.0,-2.4492935982947064e-16
2012-04-16 12:00:00,4.4,99,-9.97472,-68.81,-4.3458286986186065,0.6883116461770157
2012-04-16 13:00:00,3.9,112,-9.97472,-68.81,-3.616017032810471,1.4609657143220571
2012-04-16 14:00:00,2.9,90,-9.97472,-68.81,-2.9,-1.7757378587636622e-16
2012-04-16 15:00:00,3.6,96,-9.97472,-68.81,-3.580278823325784,0.3763024677635528
2012-04-16 16:00:00,2.5,98,-9.97472,-68.81,-2.475670171853926,0.3479327524001634
2012-04-16 17:00:00,2.6,106,-9.97472,-68.81,-2.499280409439629,0.7166571251241975
2012-04-16 18:00:00,2.9,90,-9.97472,-68.81,-2.9,-1.7757378587636622e-16
2012-04-16 19:00:00,3.8,107,-9.97472,-68.81,-3.633958072659535,1.1110124779463992
2012-04-16 20:00:00,4.7,81,-9.97472,-68.81,-4.6421352007971475,-0.7352419856890854
2012-04-16 21:00:00,3.6,135,-9.97472,-68.81,-2.5455844122715714,2.545584412271571
2012-04-16 22:00:00,4.3,138,-9.97472,-68.81,-2.8772616073430908,3.195522749552794
2012-04-16 23:00:00,4.3,132,-9.97472,-68.81,-3.195522749552795,2.8772616073430903
2012-04-17 00:00:00,4.1,135,-9.97472,-68.81,-2.899137802864845,2.8991378028648445
2012-04-17 01:00:00,4.1,142,-9.97472,-68.81,-2.5242120488351993,3.2308440897875594
2012-04-17 02:00:00,3.9,158,-9.97472,-68.81,-1.4609657143220578,3.6160170328104706
2012-04-17 03:00:00,3.5,204,-9.97472,-68.81,1.4235782507653008,3.197409101749103
2012-04-17 04:00:00,1.5,315,-9.97472,-68.81,1.0606601717798214,-1.060660171779821
2012-04-17 05:00:00,5.4,312,-9.97472,-68.81,4.012982057577931,-3.6133052743378324
2012-04-17 06:00:00,3.3,264,-9.97472,-68.81,3.281922254715302,0.3449439287832561
2012-04-17 07:00:00,1.9,158,-9.97472,-68.81,-0.7117525274902332,1.7616493236768958
2012-04-17 08:00:00,2.8,310,-9.97472,-68.81,2.1449244407331385,-1.7998053071223097
2012-04-17 09:00:00,4.6,315,-9.97472,-68.81,3.2526911934581193,-3.2526911934581175
2012-04-17 10:00:00,4.6,321,-9.97472,-68.81,2.894873798829254,-3.5748714227020644
2012-04-17 11:00:00,6.1,332,-9.97472,-68.81,2.8637765329939335,-5.385980316439453
2012-04-17 12:00:00,4.8,333,-9.97472,-68.81,2.179154398749825,-4.276831316104166
2012-04-17 13:00:00,3.6,323,-9.97472,-68.81,2.166534083347374,-2.875087836170254
2012-04-17 14:00:00,5.4,340,-9.97472,-68.81,1.8469087739586105,-5.074340152243906
2012-04-17 15:00:00,4.4,279,-9.97472,-68.81,4.3458286986186065,-0.688311646177015
2012-04-17 16:00:00,7.2,297,-9.97472,-68.81,6.41524697415625,-3.268731598124736
2012-04-17 17:00:00,6.5,289,-9.97472,-68.81,6.14587074139556,-2.116193003971516
2012-04-17 18:00:00,5.4,278,-9.97472,-68.81,5.34744757120448,-0.7515347451843536
2012-04-17 19:00:00,1.5,166,-9.97472,-68.81,-0.3628828433995016,1.4554435894139948
2012-04-17 20:00:00,3.9,236,-9.97472,-68.81,3.233246532964663,2.1808523235359116
2012-04-17 21:00:00,3.7,281,-9.97472,-68.81,3.6320205787563564,-0.705993282893217
2012-04-17 22:00:00,4.3,175,-9.97472,-68.81,-0.3747696938149302,4.283637201794505
2012-04-17 23:00:00,4.3,175,-9.97472,-68.81,-0.3747696938149302,4.283637201794505
2012-04-18 00:00:00,4.9,163,-9.97472,-68.81,-1.4326213531414094,4.685893304218874
2012-04-18 01:00:00,4.7,157,-9.97472,-68.81,-1.8364363038995868,4.32637281122647
2012-04-18 02:00:00,4.1,142,-9.97472,-68.81,-2.5242120488351993,3.2308440897875594
2012-04-18 03:00:00,3.6,96,-9.97472,-68.81,-3.580278823325784,0.3763024677635528
2012-04-18 04:00:00,2.7,67,-9.97472,-68.81,-2.485363104321589,-1.0549740469210391
2012-04-18 05:00:00,2.9,83,-9.97472,-68.81,-2.8783838397598336,-0.3534210958749277
2012-04-18 06:00:00,2.5,135,-9.97472,-68.81,-1.7677669529663689,1.7677669529663687
2012-04-18 07:00:00,2.3,231,-9.97472,-68.81,1.7874357113510322,1.447436899414627
2012-04-18 08:00:00,3.8,229,-9.97472,-68.81,2.8678964048465336,2.4930243101639276
2012-04-18 09:00:00,3.3,221,-9.97472,-68.81,2.1649947956686733,2.490541614735148
2012-04-18 10:00:00,4.6,198,-9.97472,-68.81,1.4214781741247573,4.374859974957706
2012-04-18 11:00:00,5.6,165,-9.97472,-68.81,-1.4493866525741177,5.409184627218782
2012-04-18 12:00:00,6.0,147,-9.97472,-68.81,-3.2678342100901636,5.032023407672543
2012-04-18 13:00:00,4.8,138,-9.97472,-68.81,-3.21182691052252,3.567095162291491
2012-04-18 14:00:00,5.1,129,-9.97472,-68.81,-3.963444403430552,3.20953399435417
2012-04-18 15:00:00,5.2,124,-9.97472,-68.81,-4.3109953772862175,2.907803098047883
2012-04-18 16:00:00,5.1,129,-9.97472,-68.81,-3.963444403430552,3.20953399435417
2012-04-18 17:00:00,6.6,112,-9.97472,-68.81,-6.1194134401407965,2.4724035165450196
2012-04-18 18:00:00,4.1,135,-9.97472,-68.81,-2.899137802864845,2.8991378028648445
2012-04-18 19:00:00,4.6,129,-9.97472,-68.81,-3.5748714227020666,2.894873798829251
2012-04-18 20:00:00,3.9,124,-9.97472,-68.81,-3.233246532964663,2.180852323535912
2012-04-18 21:00:00,4.3,95,-9.97472,-68.81,-4.283637201794505,0.3747696938149304
2012-04-18 22:00:00,4.7,94,-9.97472,-68.81,-4.688551036221174,0.3278554265973891
2012-04-18 23:00:00,5.7,125,-9.97472,-68.81,-4.669166652447252,3.269385687200963
2012-04-19 00:00:00,4.8,153,-9.97472,-68.81,-2.1791543987498248,4.276831316104166
2012-04-19 01:00:00,4.3,156,-9.97472,-68.81,-1.7489675652259418,3.9282454678631833
2012-04-19 02:00:00,3.2,153,-9.97472,-68.81,-1.4527695991665501,2.851220877402777
2012-04-19 03:00:00,3.8,139,-9.97472,-68.81,-2.4930243101639276,2.8678964048465336
2012-04-19 04:00:00,4.1,135,-9.97472,-68.81,-2.899137802864845,2.8991378028648445
2012-04-19 05:00:00,3.6,135,-9.97472,-68.81,-2.5455844122715714,2.545584412271571
2012-04-19 06:00:00,3.1,135,-9.97472,-68.81,-2.1920310216782974,2.192031021678297
2012-04-19 07:00:00,3.7,119,-9.97472,-68.81,-3.236092916415765,1.793795594911447
2012-04-19 08:00:00,3.6,96,-9.97472,-68.81,-3.580278823325784,0.3763024677635528
2012-04-19 09:00:00,4.0,85,-9.97472,-68.81,-3.984778792366982,-0.34862297099063255
2012-04-19 10:00:00,5.1,82,-9.97472,-68.81,-5.050367150582009,-0.7097828148963339
2012-04-19 11:00:00,3.5,66,-9.97472,-68.81,-3.197409101749103,-1.4235782507653008
2012-04-19 12:00:00,1.3,56,-9.97472,-68.81,-1.0777488443215544,-0.7269507745119709
2012-04-19 13:00:00,0.5,315,-9.97472,-68.81,0.35355339059327384,-0.3535533905932737
2012-04-19 14:00:00,0.8,207,-9.97472,-68.81,0.36319239979163737,0.7128052193506944
2012-04-19 15:00:00,2.5,225,-9.97472,-68.81,1.7677669529663687,1.7677669529663693
2012-04-19 16:00:00,0.8,27,-9.97472,-68.81,-0.3631923997916374,-0.7128052193506944
2012-04-19 17:00:00,1.1,18,-9.97472,-68.81,-0.33991869381244216,-1.0461621679246689
2012-04-19 18:00:00,0.7,270,-9.97472,-68.81,0.7,1.2858791391047207e-16
2012-04-19 19:00:00,1.1,180,-9.97472,-68.81,-1.3471114790620887e-16,1.1
2012-04-19 20:00:00,1.8,127,-9.97472,-68.81,-1.4375439180851268,1.0832670416736871
2012-04-19 21:00:00,1.9,68,-9.97472,-68.81,-1.761649323676896,-0.7117525274902327
2012-04-19 22:00:00,1.3,34,-9.97472,-68.81,-0.726950774511971,-1.0777488443215542
2012-04-19 23:00:00,1.8,307,-9.97472,-68.81,1.4375439180851275,-1.0832670416736863
2012-04-20 00:00:00,3.7,299,-9.97472,-68.81,3.236092916415764,-1.7937955949114481
2012-04-20 01:00:00,2.6,286,-9.97472,-68.81,2.499280409439629,-0.7166571251241984
2012-04-20 02:00:00,2.5,270,-9.97472,-68.81,2.5,4.592425496802574e-16
2012-04-20 03:00:00,2.5,270,-9.97472,-68.81,2.5,4.592425496802574e-16
2012-04-20 04:00:00,2.5,262,-9.97472,-68.81,2.475670171853926,0.3479327524001646
2012-04-20 05:00:00,2.5,270,-9.97472,-68.81,2.5,4.592425496802574e-16
2012-04-20 06:00:00,2.2,261,-9.97472,-68.81,2.172914349309303,0.3441558230885083
2012-04-20 07:00:00,4.9,324,-9.97472,-68.81,2.88014773623312,-3.9641832724372423
2012-04-20 08:00:00,5.4,312,-9.97472,-68.81,4.012982057577931,-3.6133052743378324
2012-04-20 09:00:00,7.1,315,-9.97472,-68.81,5.020458146424488,-5.0204581464244855
2012-04-20 10:00:00,6.6,319,-9.97472,-68.81,4.329989591337348,-4.981083229470294
2012-04-20 11:00:00,5.4,318,-9.97472,-68.81,3.613305274337834,-4.012982057577929
2012-04-20 12:00:00,5.2,326,-9.97472,-68.81,2.907803098047882,-4.3109953772862175
2012-04-20 13:00:00,5.1,321,-9.97472,-68.81,3.2095339943541727,-3.96344440343055
2012-04-20 14:00:00,4.7,328,-9.97472,-68.81,2.490620541896064,-3.9858260519352022
2012-04-20 15:00:00,4.7,328,-9.97472,-68.81,2.490620541896064,-3.9858260519352022
2012-04-20 16:00:00,4.3,312,-9.97472,-68.81,3.1955227495527967,-2.8772616073430886
2012-04-20 17:00:00,4.3,294,-9.97472,-68.81,3.9282454678631846,-1.7489675652259389
2012-04-20 18:00:00,3.1,306,-9.97472,-68.81,2.5079526825623377,-1.8221342821066662
2012-04-20 19:00:00,2.3,342,-9.97472,-68.81,0.7107390870623794,-2.1874299874788528
2012-04-20 20:00:00,4.3,360,-9.97472,-68.81,1.0531962472667237e-15,-4.3
2012-04-20 21:00:00,4.8,13,-9.97472,-68.81,-1.079765060850552,-4.676976310969129
2012-04-20 22:00:00,6.0,25,-9.97472,-68.81,-2.5357095704441965,-5.437846722219899
2012-04-20 23:00:00,7.6,19,-9.97472,-68.81,-2.474317973874391,-7.185941174554808
2012-04-21 00:00:00,6.5,6,-9.97472,-68.81,-0.6794350112397476,-6.4643923198937765
2012-04-21 01:00:00,6.8,357,-9.97472,-68.81,0.3558845024520217,-6.790680836331102
2012-04-21 02:00:00,6.5,357,-9.97472,-68.81,0.3401837155791384,-6.49109197590473
2012-04-21 03:00:00,5.9,11,-9.97472,-68.81,-1.1257730727216144,-5.791600382341218
2012-04-21 04:00:00,6.2,10,-9.97472,-68.81,-1.0766187015349682,-6.10580806867569
2012-04-21 05:00:00,6.5,3,-9.97472,-68.81,-0.3401837155791349,-6.49109197590473
2012-04-21 06:00:00,6.1,357,-9.97472,-68.81,0.31924933308196063,-6.0916401620029
2012-04-21 07:00:00,6.2,350,-9.97472,-68.81,1.0766187015349684,-6.10580806867569
2012-04-21 08:00:00,5.6,345,-9.97472,-68.81,1.4493866525741157,-5.4091846272187825
2012-04-21 09:00:00,4.1,345,-9.97472,-68.81,1.0611580849203348,-3.96029588778518
2012-04-21 10:00:00,4.2,340,-9.97472,-68.81,1.4364846019678081,-3.9467090073008158
2012-04-21 11:00:00,3.3,347,-9.97472,-68.81,0.7423384793347556,-3.215421213791276
2012-04-21 12:00:00,2.9,353,-9.97472,-68.81,0.3534210958749269,-2.878383839759834
2012-04-21 13:00:00,3.3,347,-9.97472,-68.81,0.7423384793347556,-3.215421213791276
2012-04-21 14:00:00,3.3,6,-9.97472,-68.81,-0.3449439287832564,-3.2819222547153015
2012-04-21 15:00:00,3.1,21,-9.97472,-68.81,-1.1109406435904308,-2.8940993221413254
2012-04-21 16:00:00,3.3,41,-9.97472,-68.81,-2.1649947956686737,-2.4905416147351476
2012-04-21 17:00:00,3.1,21,-9.97472,-68.81,-1.1109406435904308,-2.8940993221413254
2012-04-21 18:00:00,2.2,90,-9.97472,-68.81,-2.2,-1.3471114790620887e-16
2012-04-21 19:00:00,2.8,130,-9.97472,-68.81,-2.1449244407331385,1.7998053071223101
2012-04-21 20:00:00,4.8,153,-9.97472,-68.81,-2.1791543987498248,4.276831316104166
2012-04-21 21:00:00,5.7,145,-9.97472,-68.81,-3.269385687200962,4.669166652447254
2012-04-21 22:00:00,6.2,144,-9.97472,-68.81,-3.644268564213334,5.015905365124674
2012-04-21 23:00:00,5.1,135,-9.97472,-68.81,-3.6062445840513924,3.606244584051392
2012-04-22 00:00:00,4.7,113,-9.97472,-68.81,-4.326372811226469,1.8364363038995868
2012-04-22 01:00:00,5.7,125,-9.97472,-68.81,-4.669166652447252,3.269385687200963
2012-04-22 02:00:00,6.3,121,-9.97472,-68.81,-5.400153994423308,3.2447398719333416
2012-04-22 03:00:00,6.4,117,-9.97472,-68.81,-5.702441754805555,2.905539198333099
2012-04-22 04:00:00,6.6,112,-9.97472,-68.81,-6.1194134401407965,2.4724035165450196
2012-04-22 05:00:00,7.2,108,-9.97472,-68.81,-6.847606917325106,2.224922359499621
2012-04-22 06:00:00,6.5,93,-9.97472,-68.81,-6.49109197590473,0.34018371557913496
2012-04-22 07:00:00,7.2,72,-9.97472,-68.81,-6.8476069173251055,-2.224922359499622
2012-04-22 08:00:00,7.3,70,-9.97472,-68.81,-6.8597561317371305,-2.4967470462773824
2012-04-22 09:00:00,5.1,86,-9.97472,-68.81,-5.087576656325103,-0.35575801609503865
2012-04-22 10:00:00,4.0,90,-9.97472,-68.81,-4.0,-2.4492935982947064e-16
2012-04-22 11:00:00,3.1,111,-9.97472,-68.81,-2.8940993221413254,1.1109406435904308
2012-04-22 12:00:00,5.6,105,-9.97472,-68.81,-5.4091846272187825,1.4493866525741166
2012-04-22 13:00:00,5.2,102,-9.97472,-68.81,-5.08636752381579,1.0811407922523486
2012-04-22 14:00:00,4.3,85,-9.97472,-68.81,-4.283637201794505,-0.37476969381492997
2012-04-22 15:00:00,2.3,129,-9.97472,-68.81,-1.7874357113510333,1.4474368994146256
2012-04-22 16:00:00,8.7,163,-9.97472,-68.81,-2.543633831087808,8.31985137687841
2012-04-22 17:00:00,10.0,167,-9.97472,-68.81,-2.249510543438652,9.743700647852352
2012-04-22 18:00:00,10.8,154,-9.97472,-68.81,-4.734408385322035,9.706975700031006
2012-04-22 19:00:00,9.3,152,-9.97472,-68.81,-4.366085533908784,8.211412613588022
2012-04-22 20:00:00,9.1,162,-9.97472,-68.81,-2.812054648812022,8.654614298285896
2012-04-22 21:00:00,8.8,171,-9.97472,-68.81,-1.3766232923540327,8.691657397237211
2012-04-22 22:00:00,9.0,178,-9.97472,-68.81,-0.3140954703225103,8.994517443171862
2012-04-22 23:00:00,8.3,185,-9.97472,-68.81,0.723392664805561,8.268415994161488
2012-04-23 00:00:00,7.6,183,-9.97472,-68.81,0.3977532674463711,7.589584464134761
2012-04-23 01:00:00,5.8,173,-9.97472,-68.81,-0.7068421917498557,5.756767679519667
2012-04-23 02:00:00,4.9,163,-9.97472,-68.81,-1.4326213531414094,4.685893304218874
2012-04-23 03:00:00,3.9,158,-9.97472,-68.81,-1.4609657143220578,3.6160170328104706
2012-04-23 04:00:00,3.3,167,-9.97472,-68.81,-0.7423384793347552,3.215421213791276
2012-04-23 05:00:00,4.0,170,-9.97472,-68.81,-0.6945927106677211,3.939231012048832
2012-04-23 06:00:00,3.7,169,-9.97472,-68.81,-0.7059932828932164,3.632020578756357
2012-04-23 07:00:00,4.0,170,-9.97472,-68.81,-0.6945927106677211,3.939231012048832
2012-04-23 08:00:00,4.7,184,-9.97472,-68.81,0.3278554265973888,4.688551036221174
2012-04-23 09:00:00,4.7,189,-9.97472,-68.81,0.7352419856890845,4.6421352007971475
2012-04-23 10:00:00,3.6,180,-9.97472,-68.81,-4.4087284769304716e-16,3.6
2012-04-23 11:00:00,2.3,141,-9.97472,-68.81,-1.4474368994146258,1.7874357113510329
2012-04-23 12:00:00,1.6,117,-9.97472,-68.81,-1.4256104387013888,0.7263847995832747
2012-04-23 13:00:00,1.6,27,-9.97472,-68.81,-0.7263847995832748,-1.4256104387013888
2012-04-23 14:00:00,1.6,333,-9.97472,-68.81,0.7263847995832752,-1.4256104387013886
2012-04-23 15:00:00,1.8,281,-9.97472,-68.81,1.766928930205795,-0.3434561916777812
2012-04-23 16:00:00,2.2,261,-9.97472,-68.81,2.172914349309303,0.3441558230885083
2012-04-23 17:00:00,2.9,277,-9.97472,-68.81,2.8783838397598336,-0.35342109587492826
2012-04-23 18:00:00,2.8,320,-9.97472,-68.81,1.7998053071223108,-2.1449244407331376
2012-04-23 19:00:00,1.4,90,-9.97472,-68.81,-1.4,-8.572527594031472e-17
2012-04-23 20:00:00,3.0,104,-9.97472,-68.81,-2.9108871788279895,0.7257656867990033
2012-04-23 21:00:00,3.3,96,-9.97472,-68.81,-3.2819222547153015,0.3449439287832567
2012-04-23 22:00:00,3.3,77,-9.97472,-68.81,-3.2154212137912763,-0.7423384793347542
2012-04-23 23:00:00,3.8,41,-9.97472,-68.81,-2.4930243101639276,-2.8678964048465336
2012-04-24 00:00:00,4.6,39,-9.97472,-68.81,-2.8948737988292517,-3.5748714227020657
2012-04-24 01:00:00,3.6,37,-9.97472,-68.81,-2.166534083347374,-2.875087836170254
2012-04-24 02:00:00,3.1,36,-9.97472,-68.81,-1.8221342821066668,-2.5079526825623373
2012-04-24 03:00:00,2.9,30,-9.97472,-68.81,-1.4499999999999997,-2.511473670974872
2012-04-24 04:00:00,2.6,16,-9.97472,-68.81,-0.7166571251241979,-2.499280409439629
2012-04-24 05:00:00,2.0,45,-9.97472,-68.81,-1.414213562373095,-1.4142135623730951
2012-04-24 06:00:00,2.1,59,-9.97472,-68.81,-1.800051331474436,-1.0815799573111138
2012-04-24 07:00:00,1.8,143,-9.97472,-68.81,-1.0832670416736867,1.4375439180851273
2012-04-24 08:00:00,0.4,180,-9.97472,-68.81,-4.898587196589413e-17,0.4
2012-04-24 09:00:00,1.6,333,-9.97472,-68.81,0.7263847995832752,-1.4256104387013886
2012-04-24 10:00:00,1.1,342,-9.97472,-68.81,0.3399186938124424,-1.0461621679246689
2012-04-24 11:00:00,0.5,315,-9.97472,-68.81,0.35355339059327384,-0.3535533905932737
2012-04-24 12:00:00,0.5,135,-9.97472,-68.81,-0.3535533905932738,0.35355339059327373
2012-04-24 13:00:00,0.5,135,-9.97472,-68.81,-0.3535533905932738,0.35355339059327373
2012-04-24 14:00:00,1.0,225,-9.97472,-68.81,0.7071067811865475,0.7071067811865477
2012-04-24 15:00:00,1.1,252,-9.97472,-68.81,1.0461621679246689,0.33991869381244233
2012-04-24 16:00:00,2.7,23,-9.97472,-68.81,-1.0549740469210394,-2.485363104321589
2012-04-24 17:00:00,4.7,337,-9.97472,-68.81,1.8364363038995872,-4.326372811226469
2012-04-24 18:00:00,2.4,297,-9.97472,-68.81,2.1384156580520832,-1.089577199374912
2012-04-24 19:00:00,2.5,360,-9.97472,-68.81,6.123233995736766e-16,-2.5
2012-04-24 20:00:00,3.5,336,-9.97472,-68.81,1.4235782507653005,-3.1974091017491033
2012-04-24 21:00:00,4.1,15,-9.97472,-68.81,-1.061158084920335,-3.96029588778518
2012-04-24 22:00:00,5.0,21,-9.97472,-68.81,-1.7918397477265013,-4.667902132486009
2012-04-24 23:00:00,5.0,21,-9.97472,-68.81,-1.7918397477265013,-4.667902132486009
2012-04-25 00:00:00,5.1,4,-9.97472,-68.81,-0.35575801609503904,-5.087576656325103
2012-04-25 01:00:00,5.4,360,-9.97472,-68.81,1.3226185430791415e-15,-5.4
2012-04-25 02:00:00,5.1,4,-9.97472,-68.81,-0.35575801609503904,-5.087576656325103
2012-04-25 03:00:00,4.3,355,-9.97472,-68.81,0.37476969381493075,-4.283637201794505
2012-04-25 04:00:00,4.0,333,-9.97472,-68.81,1.8159619989581879,-3.564026096753471
2012-04-25 05:00:00,4.2,329,-9.97472,-68.81,2.163159914622229,-3.600102662948871
2012-04-25 06:00:00,5.0,339,-9.97472,-68.81,1.7918397477265038,-4.667902132486008
2012-04-25 07:00:00,7.3,327,-9.97472,-68.81,3.9758649556096968,-6.122295146001595
2012-04-25 08:00:00,7.8,326,-9.97472,-68.81,4.361704647071823,-6.466493065929326
2012-04-25 09:00:00,8.5,324,-9.97472,-68.81,4.9961746444860236,-6.876644452187052
2012-04-25 10:00:00,9.3,324,-9.97472,-68.81,5.466402846320003,-7.5238580476870105
2012-04-25 11:00:00,8.8,325,-9.97472,-68.81,5.047472639889209,-7.208537989743126
2012-04-25 12:00:00,7.8,326,-9.97472,-68.81,4.361704647071823,-6.466493065929326
2012-04-25 13:00:00,7.3,327,-9.97472,-68.81,3.9758649556096968,-6.122295146001595
2012-04-25 14:00:00,7.5,325,-9.97472,-68.81,4.3018232726328485,-6.143640332167437
2012-04-25 15:00:00,7.2,323,-9.97472,-68.81,4.333068166694748,-5.750175672340508
2012-04-25 16:00:00,7.1,330,-9.97472,-68.81,3.550000000000003,-6.148780366869512
2012-04-25 17:00:00,7.1,330,-9.97472,-68.81,3.550000000000003,-6.148780366869512
2012-04-25 18:00:00,6.6,347,-9.97472,-68.81,1.4846769586695112,-6.430842427582552
2012-04-25 19:00:00,4.0,5,-9.97472,-68.81,-0.34862297099063266,-3.984778792366982
2012-04-25 20:00:00,1.0,135,-9.97472,-68.81,-0.7071067811865476,0.7071067811865475
2012-04-25 21:00:00,3.0,14,-9.97472,-68.81,-0.7257656867990032,-2.9108871788279895
2012-04-25 22:00:00,4.1,15,-9.97472,-68.81,-1.061158084920335,-3.96029588778518
2012-04-25 23:00:00,4.0,5,-9.97472,-68.81,-0.34862297099063266,-3.984778792366982
2012-04-26 00:00:00,5.4,360,-9.97472,-68.81,1.3226185430791415e-15,-5.4
2012-04-26 01:00:00,6.5,357,-9.97472,-68.81,0.3401837155791384,-6.49109197590473
2012-04-26 02:00:00,6.3,347,-9.97472,-68.81,1.4171916423663515,-6.1385314081469815
2012-04-26 03:00:00,6.2,339,-9.97472,-68.81,2.2218812871808646,-5.78819864428265
2012-04-26 04:00:00,6.2,339,-9.97472,-68.81,2.2218812871808646,-5.78819864428265
2012-04-26 05:00:00,6.8,342,-9.97472,-68.81,2.1013155617496437,-6.467184310807044
2012-04-26 06:00:00,7.3,349,-9.97472,-68.81,1.392905666248776,-7.165878439167947
2012-04-26 07:00:00,8.0,355,-9.97472,-68.81,0.6972459419812665,-7.969557584733964
2012-04-26 08:00:00,8.4,353,-9.97472,-68.81,1.0237024846032368,-8.337387673787106
2012-04-26 09:00:00,6.6,338,-9.97472,-68.81,2.4724035165450213,-6.119413440140796
2012-04-26 10:00:00,6.8,328,-9.97472,-68.81,3.603450996785794,-5.766727053863696
2012-04-26 11:00:00,7.2,333,-9.97472,-68.81,3.2687315981247385,-6.415246974156248
2012-04-26 12:00:00,9.2,339,-9.97472,-68.81,3.296985135816767,-8.588939923774253
2012-04-26 13:00:00,11.4,342,-9.97472,-68.81,3.522793735874403,-10.84204428576475
2012-04-26 14:00:00,11.8,348,-9.97472,-68.81,2.4533579516495667,-11.542141688658907
2012-04-26 15:00:00,10.6,350,-9.97472,-68.81,1.840670683269462,-10.438962181929405
2012-04-26 16:00:00,9.1,351,-9.97472,-68.81,1.423553631866103,-8.987963899415753
2012-04-26 17:00:00,8.1,339,-9.97472,-68.81,2.902780391316936,-7.562001454627332
2012-04-26 18:00:00,4.1,15,-9.97472,-68.81,-1.061158084920335,-3.96029588778518
2012-04-26 19:00:00,4.7,266,-9.97472,-68.81,4.688551036221174,0.32785542659739025
2012-04-26 20:00:00,1.8,191,-9.97472,-68.81,0.3434561916777805,1.7669289302057951
2012-04-26 21:00:00,2.8,140,-9.97472,-68.81,-1.7998053071223103,2.144924440733138
2012-04-26 22:00:00,3.4,108,-9.97472,-68.81,-3.2335921554035223,1.050657780874821
2012-04-26 23:00:00,5.0,90,-9.97472,-68.81,-5.0,-3.061616997868383e-16
2012-04-27 00:00:00,5.8,83,-9.97472,-68.81,-5.756767679519667,-0.7068421917498554
2012-04-27 01:00:00,8.4,65,-9.97472,-68.81,-7.61298541110786,-3.5499933986218752
2012-04-27 02:00:00,8.9,50,-9.97472,-68.81,-6.817795543758905,-5.7208097262102005
2012-04-27 03:00:00,6.7,16,-9.97472,-68.81,-1.8467702839738944,-6.440453362786736
2012-04-27 04:00:00,6.6,13,-9.97472,-68.81,-1.484676958669509,-6.430842427582553
2012-04-27 05:00:00,7.0,12,-9.97472,-68.81,-1.4553818357243153,-6.84703320513664
2012-04-27 06:00:00,5.8,356,-9.97472,-68.81,0.4045875477159287,-5.78587149150698
2012-04-27 07:00:00,4.4,351,-9.97472,-68.81,0.688311646177017,-4.345828698618606
2012-04-27 08:00:00,6.2,10,-9.97472,-68.81,-1.0766187015349682,-6.10580806867569
2012-04-27 09:00:00,5.2,16,-9.97472,-68.81,-1.4333142502483958,-4.998560818879258
2012-04-27 10:00:00,6.1,3,-9.97472,-68.81,-0.31924933308195735,-6.0916401620029
2012-04-27 11:00:00,5.8,356,-9.97472,-68.81,0.4045875477159287,-5.78587149150698
2012-04-27 12:00:00,7.1,345,-9.97472,-68.81,1.8376152202278968,-6.858073366652385
2012-04-27 13:00:00,7.4,346,-9.97472,-68.81,1.7902220274375422,-7.180188374442374
2012-04-27 14:00:00,7.6,355,-9.97472,-68.81,0.6623836448822031,-7.571079705497266
2012-04-27 15:00:00,7.4,331,-9.97472,-68.81,3.587591189822893,-6.47218583283153
2012-04-27 16:00:00,7.4,346,-9.97472,-68.81,1.7902220274375422,-7.180188374442374
2012-04-27 17:00:00,5.5,328,-9.97472,-68.81,2.9145559532826275,-4.664264528860342
2012-04-27 18:00:00,3.0,284,-9.97472,-68.81,2.9108871788279895,-0.7257656867990023
2012-04-27 19:00:00,2.5,82,-9.97472,-68.81,-2.475670171853926,-0.34793275240016364
2012-04-27 20:00:00,4.5,29,-9.97472,-68.81,-2.1816432911085166,-3.935788682127281
2012-04-27 21:00:00,5.6,15,-9.97472,-68.81,-1.4493866525741161,-5.4091846272187825
2012-04-27 22:00:00,7.2,3,-9.97472,-68.81,-0.37681888494919563,-7.190132650232932
2012-04-27 23:00:00,7.2,360,-9.97472,-68.81,1.7634913907721887e-15,-7.2
2012-04-28 00:00:00,7.7,11,-9.97472,-68.81,-1.469229264399395,-7.558529312547013
2012-04-28 01:00:00,8.2,15,-9.97472,-68.81,-2.12231616984067,-7.92059177557036
2012-04-28 02:00:00,7.6,5,-9.97472,-68.81,-0.662383644882202,-7.571079705497266
2012-04-28 03:00:00,6.1,360,-9.97472,-68.81,1.4940690949597709e-15,-6.1
2012-04-28 04:00:00,4.7,356,-9.97472,-68.81,0.3278554265973905,-4.688551036221174
2012-04-28 05:00:00,4.7,356,-9.97472,-68.81,0.3278554265973905,-4.688551036221174
2012-04-28 06:00:00,5.2,348,-9.97472,-68.81,1.0811407922523513,-5.086367523815789
2012-04-28 07:00:00,5.1,321,-9.97472,-68.81,3.2095339943541727,-3.96344440343055
2012-04-28 08:00:00,6.4,317,-9.97472,-68.81,4.364789504399989,-4.680663690362692
2012-04-28 09:00:00,7.3,327,-9.97472,-68.81,3.9758649556096968,-6.122295146001595
2012-04-28 10:00:00,9.3,324,-9.97472,-68.81,5.466402846320003,-7.5238580476870105
2012-04-28 11:00:00,9.0,323,-9.97472,-68.81,5.416335208368435,-7.187719590425635
2012-04-28 12:00:00,9.4,328,-9.97472,-68.81,4.981241083792128,-7.9716521038704045
2012-04-28 13:00:00,8.6,327,-9.97472,-68.81,4.683895701129232,-7.212566884330647
2012-04-28 14:00:00,7.1,330,-9.97472,-68.81,3.550000000000003,-6.148780366869512
2012-04-28 15:00:00,6.6,331,-9.97472,-68.81,3.199743493625823,-5.772490067120012
2012-04-28 16:00:00,6.4,333,-9.97472,-68.81,2.9055391983331007,-5.702441754805554
2012-04-28 17:00:00,4.6,309,-9.97472,-68.81,3.5748714227020653,-2.894873798829252
2012-04-28 18:00:00,1.1,18,-9.97472,-68.81,-0.33991869381244216,-1.0461621679246689
2012-04-28 19:00:00,3.8,287,-9.97472,-68.81,3.6339580726595346,-1.1110124779463995
2012-04-28 20:00:00,3.9,248,-9.97472,-68.81,3.6160170328104706,1.460965714322058
2012-04-28 21:00:00,2.9,277,-9.97472,-68.81,2.8783838397598336,-0.35342109587492826
2012-04-28 22:00:00,2.9,360,-9.97472,-68.81,7.102951435054649e-16,-2.9
2012-04-28 23:00:00,2.4,27,-9.97472,-68.81,-1.0895771993749122,-2.138415658052083
2012-04-29 00:00:00,2.6,56,-9.97472,-68.81,-2.1554976886431088,-1.4539015490239418
2012-04-29 01:00:00,2.5,360,-9.97472,-68.81,6.123233995736766e-16,-2.5
2012-04-29 02:00:00,3.8,311,-9.97472,-68.81,2.8678964048465345,-2.4930243101639267
2012-04-29 03:00:00,4.1,345,-9.97472,-68.81,1.0611580849203348,-3.96029588778518
2012-04-29 04:00:00,4.0,5,-9.97472,-68.81,-0.34862297099063266,-3.984778792366982
2012-04-29 05:00:00,3.5,336,-9.97472,-68.81,1.4235782507653005,-3.1974091017491033
2012-04-29 06:00:00,2.5,315,-9.97472,-68.81,1.7677669529663693,-1.7677669529663684
2012-04-29 07:00:00,4.5,346,-9.97472,-68.81,1.0886485301985054,-4.366330768241984
2012-04-29 08:00:00,7.2,6,-9.97472,-68.81,-0.7526049355271051,-7.160557646651568
2012-04-29 09:00:00,6.1,360,-9.97472,-68.81,1.4940690949597709e-15,-6.1
2012-04-29 10:00:00,6.5,354,-9.97472,-68.81,0.6794350112397471,-6.4643923198937765
2012-04-29 11:00:00,6.6,351,-9.97472,-68.81,1.0324674692655254,-6.5187430479279085
2012-04-29 12:00:00,6.7,344,-9.97472,-68.81,1.8467702839738929,-6.440453362786736
2012-04-29 13:00:00,6.6,331,-9.97472,-68.81,3.199743493625823,-5.772490067120012
2012-04-29 14:00:00,7.2,333,-9.97472,-68.81,3.2687315981247385,-6.415246974156248
2012-04-29 15:00:00,6.3,347,-9.97472,-68.81,1.4171916423663515,-6.1385314081469815
2012-04-29 16:00:00,2.8,320,-9.97472,-68.81,1.7998053071223108,-2.1449244407331376
2012-04-29 17:00:00,1.5,284,-9.97472,-68.81,1.4554435894139948,-0.36288284339950116
2012-04-29 18:00:00,2.1,149,-9.97472,-68.81,-1.0815799573111142,1.8000513314744357
2012-04-29 19:00:00,1.1,18,-9.97472,-68.81,-0.33991869381244216,-1.0461621679246689
2012-04-29 20:00:00,2.4,153,-9.97472,-68.81,-1.0895771993749124,2.138415658052083
2012-04-29 21:00:00,3.9,112,-9.97472,-68.81,-3.616017032810471,1.4609657143220571
2012-04-29 22:00:00,3.4,108,-9.97472,-68.81,-3.2335921554035223,1.050657780874821
2012-04-29 23:00:00,1.9,68,-9.97472,-68.81,-1.761649323676896,-0.7117525274902327
2012-04-30 00:00:00,2.9,360,-9.97472,-68.81,7.102951435054649e-16,-2.9
2012-04-30 01:00:00,1.6,243,-9.97472,-68.81,1.4256104387013886,0.7263847995832751
2012-04-30 02:00:00,2.5,180,-9.97472,-68.81,-3.061616997868383e-16,2.5
2012-04-30 03:00:00,1.8,233,-9.97472,-68.81,1.437543918085127,1.083267041673687
2012-04-30 04:00:00,4.1,225,-9.97472,-68.81,2.8991378028648445,2.8991378028648453
2012-04-30 05:00:00,4.6,225,-9.97472,-68.81,3.252691193458118,3.2526911934581193
2012-04-30 06:00:00,5.0,210,-9.97472,-68.81,2.5000000000000004,4.330127018922193
2012-04-30 07:00:00,3.5,156,-9.97472,-68.81,-1.4235782507653014,3.197409101749103
2012-04-30 08:00:00,6.0,147,-9.97472,-68.81,-3.2678342100901636,5.032023407672543
2012-04-30 09:00:00,5.8,158,-9.97472,-68.81,-2.172718241812291,5.377666356487366
2012-04-30 10:00:00,10.7,160,-9.97472,-68.81,-3.659615533584657,10.054711042409219
2012-04-30 11:00:00,14.6,164,-9.97472,-68.81,-4.024305394928189,14.034420760699456
2012-04-30 12:00:00,15.7,164,-9.97472,-68.81,-4.327506486326888,15.091808626231606
2012-04-30 13:00:00,15.3,165,-9.97472,-68.81,-3.9599313900685718,14.778665142222744
2012-04-30 14:00:00,15.8,163,-9.97472,-68.81,-4.619472934619239,15.109615144215962
2012-04-30 15:00:00,17.4,158,-9.97472,-68.81,-6.518154725436872,16.132999069462098
2012-04-30 16:00:00,16.7,155,-9.97472,-68.81,-7.057724971069681,15.135340043512054
2012-04-30 17:00:00,16.6,153,-9.97472,-68.81,-7.5362422956764785,14.790708301526907
2012-04-30 18:00:00,15.8,153,-9.97472,-68.81,-7.173049895884841,14.077903082176212
2012-04-30 19:00:00,14.3,155,-9.97472,-68.81,-6.043441142892003,12.960201354624095
2012-04-30 20:00:00,14.0,154,-9.97472,-68.81,-6.137196055047082,12.583116648188339
2012-04-30 21:00:00,13.2,154,-9.97472,-68.81,-5.78649913761582,11.864081411149003
2012-04-30 22:00:00,12.9,153,-9.97472,-68.81,-5.856477446640155,11.493984162029944
2012-04-30 23:00:00,12.1,153,-9.97472,-68.81,-5.493285046848517,10.781178942679249
2012-05-01 00:00:00,11.5,148,-9.97472,-68.81,-6.094071538681856,9.7525531057989
2012-05-01 01:00:00,11.1,144,-9.97472,-68.81,-6.524416300446453,8.980088637561915
2012-05-01 02:00:00,10.8,143,-9.97472,-68.81,-6.499602250042121,8.625263508510765
2012-05-01 03:00:00,10.1,145,-9.97472,-68.81,-5.793122007145564,8.273435647318818
2012-05-01 04:00:00,10.3,151,-9.97472,-68.81,-4.993539088537273,9.008582983535776
2012-05-01 05:00:00,10.6,156,-9.97472,-68.81,-4.311408416603484,9.683581851011567
2012-05-01 06:00:00,10.8,154,-9.97472,-68.81,-4.734408385322035,9.706975700031006
2012-05-01 07:00:00,10.5,153,-9.97472,-68.81,-4.766900247265242,9.355568503977862
2012-05-01 08:00:00,10.1,153,-9.97472,-68.81,-4.585304047369423,8.999165894302514
2012-05-01 09:00:00,9.3,152,-9.97472,-68.81,-4.366085533908784,8.211412613588022
2012-05-01 10:00:00,10.5,149,-9.97472,-68.81,-5.407899786555571,9.000256657372178
2012-05-01 11:00:00,15.1,140,-9.97472,-68.81,-9.706092906266745,11.567271091096567
2012-05-01 12:00:00,15.3,133,-9.97472,-68.81,-11.18971163477331,10.434574908956225
2012-05-01 13:00:00,13.5,132,-9.97472,-68.81,-10.032455143944823,9.033263185844586
2012-05-01 14:00:00,12.5,131,-9.97472,-68.81,-9.433869752784652,8.20073786238134
2012-05-01 15:00:00,11.8,130,-9.97472,-68.81,-9.03932442880394,7.5848937943011645
2012-05-01 16:00:00,9.5,127,-9.97472,-68.81,-7.587037345449281,5.717242719944459
2012-05-01 17:00:00,7.1,120,-9.97472,-68.81,-6.148780366869515,3.549999999999998
2012-05-01 18:00:00,7.5,125,-9.97472,-68.81,-6.143640332167438,4.301823272632846
2012-05-01 19:00:00,7.1,131,-9.97472,-68.81,-5.358438019581682,4.658019105832601
2012-05-01 20:00:00,7.7,131,-9.97472,-68.81,-5.811263767715346,5.0516545232269054
2012-05-01 21:00:00,7.7,131,-9.97472,-68.81,-5.811263767715346,5.0516545232269054
2012-05-01 22:00:00,7.4,133,-9.97472,-68.81,-5.412017391981863,5.046787864462488
2012-05-01 23:00:00,6.6,139,-9.97472,-68.81,-4.329989591337347,4.981083229470295
2012-05-02 00:00:00,5.9,142,-9.97472,-68.81,-3.6324027044213847,4.64926344627966
2012-05-02 01:00:00,5.0,150,-9.97472,-68.81,-2.4999999999999996,4.330127018922194
2012-05-02 02:00:00,5.5,157,-9.97472,-68.81,-2.149021206691006,5.062776693988422
2012-05-02 03:00:00,6.2,159,-9.97472,-68.81,-2.2218812871808615,5.788198644282651
2012-05-02 04:00:00,6.9,152,-9.97472,-68.81,-3.2393537832226458,6.092338390726597
2012-05-02 05:00:00,7.9,156,-9.97472,-68.81,-3.2132194802988234,7.2170091153765465
2012-05-02 06:00:00,8.2,157,-9.97472,-68.81,-3.2039952536120446,7.54813979831001
2012-05-02 07:00:00,8.6,158,-9.97472,-68.81,-3.2216167033768452,7.97378114927437
2012-05-02 08:00:00,7.8,158,-9.97472,-68.81,-2.9219314286441156,7.232034065620941
2012-05-02 09:00:00,5.8,158,-9.97472,-68.81,-2.172718241812291,5.377666356487366
2012-05-02 10:00:00,6.3,149,-9.97472,-68.81,-3.2447398719333425,5.400153994423307
2012-05-02 11:00:00,6.4,142,-9.97472,-68.81,-3.9402334420842138,5.043268823083021
2012-05-02 12:00:00,5.9,128,-9.97472,-68.81,-4.64926344627966,3.6324027044213842
2012-05-02 13:00:00,5.0,120,-9.97472,-68.81,-4.330127018922194,2.499999999999999
2012-05-02 14:00:00,4.3,114,-9.97472,-68.81,-3.9282454678631837,1.748967565225941
2012-05-02 15:00:00,4.0,117,-9.97472,-68.81,-3.5640260967534716,1.8159619989581868
2012-05-02 16:00:00,3.4,122,-9.97472,-68.81,-2.8833635269318485,1.8017254983928963
2012-05-02 17:00:00,2.7,113,-9.97472,-68.81,-2.4853631043215887,1.0549740469210394
2012-05-02 18:00:00,2.7,113,-9.97472,-68.81,-2.4853631043215887,1.0549740469210394
2012-05-02 19:00:00,4.3,90,-9.97472,-68.81,-4.3,-2.632990618166809e-16
2012-05-02 20:00:00,5.2,74,-9.97472,-68.81,-4.998560818879258,-1.4333142502483958
2012-05-02 21:00:00,5.5,67,-9.97472,-68.81,-5.062776693988422,-2.1490212066910055
2012-05-02 22:00:00,6.0,65,-9.97472,-68.81,-5.437846722219899,-2.5357095704441965
2012-05-02 23:00:00,5.3,62,-9.97472,-68.81,-4.679622242152313,-2.4881992827652213
2012-05-03 00:00:00,3.9,56,-9.97472,-68.81,-3.233246532964663,-2.1808523235359125
2012-05-03 01:00:00,4.3,48,-9.97472,-68.81,-3.195522749552795,-2.8772616073430903
2012-05-03 02:00:00,3.6,37,-9.97472,-68.81,-2.166534083347374,-2.875087836170254
2012-05-03 03:00:00,1.8,360,-9.97472,-68.81,4.4087284769304716e-16,-1.8
2012-05-03 04:00:00,0.8,63,-9.97472,-68.81,-0.7128052193506943,-0.3631923997916375
2012-05-03 05:00:00,1.1,180,-9.97472,-68.81,-1.3471114790620887e-16,1.1
2012-05-03 06:00:00,2.2,189,-9.97472,-68.81,0.3441558230885076,2.1729143493093033
2012-05-03 07:00:00,3.7,191,-9.97472,-68.81,0.7059932828932155,3.632020578756357
2012-05-03 08:00:00,5.0,201,-9.97472,-68.81,1.7918397477265022,4.667902132486009
2012-05-03 09:00:00,3.8,197,-9.97472,-68.81,1.1110124779463997,3.6339580726595346
2012-05-03 10:00:00,3.3,186,-9.97472,-68.81,0.3449439287832565,3.2819222547153015
2012-05-03 11:00:00,3.6,174,-9.97472,-68.81,-0.37630246776355347,3.580278823325784
2012-05-03 12:00:00,3.3,167,-9.97472,-68.81,-0.7423384793347552,3.215421213791276
2012-05-03 13:00:00,1.5,104,-9.97472,-68.81,-1.4554435894139948,0.36288284339950166
2012-05-03 14:00:00,1.8,53,-9.97472,-68.81,-1.437543918085127,-1.0832670416736871
2012-05-03 15:00:00,1.3,34,-9.97472,-68.81,-0.726950774511971,-1.0777488443215542
2012-05-03 16:00:00,0.5,45,-9.97472,-68.81,-0.35355339059327373,-0.3535533905932738
2012-05-03 17:00:00,0.8,207,-9.97472,-68.81,0.36319239979163737,0.7128052193506944
2012-05-03 18:00:00,2.3,198,-9.97472,-68.81,0.7107390870623786,2.187429987478853
2012-05-03 19:00:00,1.8,79,-9.97472,-68.81,-1.7669289302057951,-0.34345619167778085
2012-05-03 20:00:00,3.3,131,-9.97472,-68.81,-2.490541614735148,2.1649947956686737
2012-05-03 21:00:00,4.1,105,-9.97472,-68.81,-3.96029588778518,1.0611580849203355
2012-05-03 22:00:00,5.4,98,-9.97472,-68.81,-5.34744757120448,0.7515347451843529
2012-05-03 23:00:00,6.2,100,-9.97472,-68.81,-6.10580806867569,1.076618701534968
2012-05-04 00:00:00,5.9,104,-9.97472,-68.81,-5.7247447850283795,1.42733918403804
2012-05-04 01:00:00,5.2,115,-9.97472,-68.81,-4.71280049259058,2.1976149610516367
2012-05-04 02:00:00,5.4,127,-9.97472,-68.81,-4.312631754255381,3.2498011250210617
2012-05-04 03:00:00,5.1,129,-9.97472,-68.81,-3.963444403430552,3.20953399435417
2012-05-04 04:00:00,4.7,122,-9.97472,-68.81,-3.9858260519352027,2.4906205418960625
2012-05-04 05:00:00,4.3,132,-9.97472,-68.81,-3.195522749552795,2.8772616073430903
2012-05-04 06:00:00,4.2,149,-9.97472,-68.81,-2.1631599146222285,3.6001026629488715
2012-05-04 07:00:00,4.2,160,-9.97472,-68.81,-1.4364846019678092,3.9467090073008153
2012-05-04 08:00:00,6.0,163,-9.97472,-68.81,-1.7542302283364197,5.737828535778213
2012-05-04 09:00:00,4.9,163,-9.97472,-68.81,-1.4326213531414094,4.685893304218874
2012-05-04 10:00:00,4.3,156,-9.97472,-68.81,-1.7489675652259418,3.9282454678631833
2012-05-04 11:00:00,5.3,152,-9.97472,-68.81,-2.4881992827652204,4.679622242152313
2012-05-04 12:00:00,6.0,147,-9.97472,-68.81,-3.2678342100901636,5.032023407672543
2012-05-04 13:00:00,5.2,146,-9.97472,-68.81,-2.907803098047884,4.310995377286217
2012-05-04 14:00:00,4.6,135,-9.97472,-68.81,-3.2526911934581184,3.252691193458118
2012-05-04 15:00:00,4.2,121,-9.97472,-68.81,-3.600102662948872,2.163159914622228
2012-05-04 16:00:00,4.8,132,-9.97472,-68.81,-3.5670951622914924,3.2118269105225195
2012-05-04 17:00:00,5.4,138,-9.97472,-68.81,-3.613305274337835,4.012982057577928
2012-05-04 18:00:00,2.6,106,-9.97472,-68.81,-2.499280409439629,0.7166571251241975
2012-05-04 19:00:00,5.3,152,-9.97472,-68.81,-2.4881992827652204,4.679622242152313
2012-05-04 20:00:00,5.5,148,-9.97472,-68.81,-2.914555953282627,4.664264528860342
2012-05-04 21:00:00,5.1,141,-9.97472,-68.81,-3.2095339943541705,3.963444403430551
2012-05-04 22:00:00,5.4,143,-9.97472,-68.81,-3.2498011250210603,4.312631754255382
2012-05-04 23:00:00,6.0,147,-9.97472,-68.81,-3.2678342100901636,5.032023407672543
2012-05-05 00:00:00,6.6,139,-9.97472,-68.81,-4.329989591337347,4.981083229470295
2012-05-05 01:00:00,6.7,126,-9.97472,-68.81,-5.420413862312148,3.9381611903595695
2012-05-05 02:00:00,6.5,124,-9.97472,-68.81,-5.388744221607771,3.6347538725598536
2012-05-05 03:00:00,6.1,130,-9.97472,-68.81,-4.6728711030257655,3.92100441908789
2012-05-05 04:00:00,6.6,135,-9.97472,-68.81,-4.666904755831213,4.666904755831213
2012-05-05 05:00:00,6.6,135,-9.97472,-68.81,-4.666904755831213,4.666904755831213
2012-05-05 06:00:00,6.9,141,-9.97472,-68.81,-4.342310698243878,5.3623071340531
2012-05-05 07:00:00,6.1,135,-9.97472,-68.81,-4.31335136523794,4.313351365237939
2012-05-05 08:00:00,5.6,140,-9.97472,-68.81,-3.5996106142446207,4.289848881466276
2012-05-05 09:00:00,4.3,138,-9.97472,-68.81,-2.8772616073430908,3.195522749552794
2012-05-05 10:00:00,4.8,138,-9.97472,-68.81,-3.21182691052252,3.567095162291491
2012-05-05 11:00:00,5.9,133,-9.97472,-68.81,-4.314986839553106,4.023790324368741
2012-05-05 12:00:00,6.5,124,-9.97472,-68.81,-5.388744221607771,3.6347538725598536
2012-05-05 13:00:00,5.8,120,-9.97472,-68.81,-5.022947341949744,2.8999999999999986
2012-05-05 14:00:00,4.4,125,-9.97472,-68.81,-3.6042689948715636,2.5237363199446032
2012-05-05 15:00:00,3.6,135,-9.97472,-68.81,-2.5455844122715714,2.545584412271571
2012-05-05 16:00:00,3.7,151,-9.97472,-68.81,-1.7937955949114477,3.2360929164157644
2012-05-05 17:00:00,4.3,156,-9.97472,-68.81,-1.7489675652259418,3.9282454678631833
2012-05-05 18:00:00,3.2,153,-9.97472,-68.81,-1.4527695991665501,2.851220877402777
2012-05-05 19:00:00,2.9,173,-9.97472,-68.81,-0.35342109587492787,2.8783838397598336
2012-05-05 20:00:00,5.2,146,-9.97472,-68.81,-2.907803098047884,4.310995377286217
2012-05-05 21:00:00,6.7,144,-9.97472,-68.81,-3.938161190359571,5.420413862312147
2012-05-05 22:00:00,6.6,139,-9.97472,-68.81,-4.329989591337347,4.981083229470295
2012-05-05 23:00:00,6.9,141,-9.97472,-68.81,-4.342310698243878,5.3623071340531
2012-05-06 00:00:00,7.2,143,-9.97472,-68.81,-4.333068166694747,5.750175672340509
2012-05-06 01:00:00,6.4,142,-9.97472,-68.81,-3.9402334420842138,5.043268823083021
2012-05-06 02:00:00,6.5,146,-9.97472,-68.81,-3.634753872559855,5.38874422160777
2012-05-06 03:00:00,6.4,153,-9.97472,-68.81,-2.9055391983331003,5.702441754805554
2012-05-06 04:00:00,6.6,158,-9.97472,-68.81,-2.4724035165450204,6.119413440140796
2012-05-06 05:00:00,7.3,160,-9.97472,-68.81,-2.496747046277383,6.8597561317371305
2012-05-06 06:00:00,7.3,160,-9.97472,-68.81,-2.496747046277383,6.8597561317371305
2012-05-06 07:00:00,7.9,164,-9.97472,-68.81,-2.177535110954294,7.59396739791272
2012-05-06 08:00:00,8.0,162,-9.97472,-68.81,-2.47213595499958,7.608452130361228
2012-05-06 09:00:00,6.6,158,-9.97472,-68.81,-2.4724035165450204,6.119413440140796
2012-05-06 10:00:00,7.6,149,-9.97472,-68.81,-3.914289369316413,6.514471485336053
2012-05-06 11:00:00,9.7,138,-9.97472,-68.81,-6.490566881680926,7.208504807130722
2012-05-06 12:00:00,11.3,127,-9.97472,-68.81,-9.024581263534408,6.800509761618147
2012-05-06 13:00:00,10.7,123,-9.97472,-68.81,-8.973775077016036,5.82763767466079
2012-05-06 14:00:00,9.7,121,-9.97472,-68.81,-8.31452281681049,4.995869326627526
2012-05-06 15:00:00,8.9,122,-9.97472,-68.81,-7.547628055792193,4.716281451675523
2012-05-06 16:00:00,8.8,125,-9.97472,-68.81,-7.208537989743127,5.0474726398892065
2012-05-06 17:00:00,6.8,122,-9.97472,-68.81,-5.766727053863697,3.6034509967857926
2012-05-06 18:00:00,5.5,122,-9.97472,-68.81,-4.664264528860343,2.914555953282626
2012-05-06 19:00:00,4.1,142,-9.97472,-68.81,-2.5242120488351993,3.2308440897875594
2012-05-06 20:00:00,5.8,150,-9.97472,-68.81,-2.8999999999999995,5.022947341949744
2012-05-06 21:00:00,6.3,156,-9.97472,-68.81,-2.5624408513775427,5.755336383148385
2012-05-06 22:00:00,7.2,153,-9.97472,-68.81,-3.2687315981247376,6.415246974156248
2012-05-06 23:00:00,7.2,153,-9.97472,-68.81,-3.2687315981247376,6.415246974156248
2012-05-07 00:00:00,7.4,151,-9.97472,-68.81,-3.5875911898228954,6.472185832831529
2012-05-07 01:00:00,7.6,149,-9.97472,-68.81,-3.914289369316413,6.514471485336053
2012-05-07 02:00:00,7.1,150,-9.97472,-68.81,-3.5499999999999994,6.148780366869515
2012-05-07 03:00:00,7.4,151,-9.97472,-68.81,-3.5875911898228954,6.472185832831529
2012-05-07 04:00:00,7.7,152,-9.97472,-68.81,-3.6149310334513585,6.798696465013738
2012-05-07 05:00:00,7.7,152,-9.97472,-68.81,-3.6149310334513585,6.798696465013738
2012-05-07 06:00:00,7.7,152,-9.97472,-68.81,-3.6149310334513585,6.798696465013738
2012-05-07 07:00:00,8.2,157,-9.97472,-68.81,-3.2039952536120446,7.54813979831001
2012-05-07 08:00:00,7.6,161,-9.97472,-68.81,-2.47431797387439,7.185941174554808
2012-05-07 09:00:00,6.0,163,-9.97472,-68.81,-1.7542302283364197,5.737828535778213
2012-05-07 10:00:00,6.0,155,-9.97472,-68.81,-2.535709570444197,5.437846722219899
2012-05-07 11:00:00,6.8,148,-9.97472,-68.81,-3.603450996785793,5.766727053863696
2012-05-07 12:00:00,9.1,124,-9.97472,-68.81,-7.5442419102508795,5.088655421583795
2012-05-07 13:00:00,8.9,117,-9.97472,-68.81,-7.929958065276475,4.040515447681965
2012-05-07 14:00:00,8.1,111,-9.97472,-68.81,-7.5620014546273335,2.902780391316932
2012-05-07 15:00:00,8.0,108,-9.97472,-68.81,-7.608452130361229,2.4721359549995787
2012-05-07 16:00:00,7.1,114,-9.97472,-68.81,-6.486172749262466,2.8878301658381815
2012-05-07 17:00:00,6.3,121,-9.97472,-68.81,-5.400153994423308,3.2447398719333416
2012-05-07 18:00:00,5.7,125,-9.97472,-68.81,-4.669166652447252,3.269385687200963
2012-05-07 19:00:00,6.6,139,-9.97472,-68.81,-4.329989591337347,4.981083229470295
2012-05-07 20:00:00,7.7,139,-9.97472,-68.81,-5.051654523226906,5.811263767715345
2012-05-07 21:00:00,8.4,133,-9.97472,-68.81,-6.143371093601033,5.7287862245249865
2012-05-07 22:00:00,8.7,135,-9.97472,-68.81,-6.151828996322964,6.151828996322962
2012-05-07 23:00:00,8.7,142,-9.97472,-68.81,-5.356254835333227,6.85569355637848
2012-05-08 00:00:00,8.8,145,-9.97472,-68.81,-5.047472639889205,7.208537989743129
2012-05-08 01:00:00,9.0,151,-9.97472,-68.81,-4.363286582217034,7.871577364254562
2012-05-08 02:00:00,9.0,157,-9.97472,-68.81,-3.5165801564034638,8.284543681071963
2012-05-08 03:00:00,9.1,162,-9.97472,-68.81,-2.812054648812022,8.654614298285896
2012-05-08 04:00:00,9.0,164,-9.97472,-68.81,-2.480736202352993,8.65135526344487
2012-05-08 05:00:00,9.2,159,-9.97472,-68.81,-3.2969851358167617,8.588939923774255
2012-05-08 06:00:00,9.2,154,-9.97472,-68.81,-4.0330145504595105,8.268905225952336
2012-05-08 07:00:00,9.3,152,-9.97472,-68.81,-4.366085533908784,8.211412613588022
2012-05-08 08:00:00,9.5,155,-9.97472,-68.81,-4.014873486536645,8.609923976848174
2012-05-08 09:00:00,8.4,155,-9.97472,-68.81,-3.549993398621876,7.61298541110786
2012-05-08 10:00:00,7.6,155,-9.97472,-68.81,-3.211898789229316,6.887939181478539
2012-05-08 11:00:00,8.7,150,-9.97472,-68.81,-4.349999999999999,7.534421012924616
2012-05-08 12:00:00,9.8,144,-9.97472,-68.81,-5.760295472466238,7.928366544874485
2012-05-08 13:00:00,10.4,136,-9.97472,-68.81,-7.224447052773571,7.4811339235219725
2012-05-08 14:00:00,10.0,131,-9.97472,-68.81,-7.547095802227721,6.560590289905072
2012-05-08 15:00:00,10.2,135,-9.97472,-68.81,-7.212489168102785,7.212489168102784
2012-05-08 16:00:00,10.2,138,-9.97472,-68.81,-6.825132184860355,7.580077219869419
2012-05-08 17:00:00,9.0,143,-9.97472,-68.81,-5.416335208368434,7.187719590425637
2012-05-08 18:00:00,7.7,152,-9.97472,-68.81,-3.6149310334513585,6.798696465013738
2012-05-08 19:00:00,8.0,162,-9.97472,-68.81,-2.47213595499958,7.608452130361228
2012-05-08 20:00:00,8.5,168,-9.97472,-68.81,-1.767249371950954,8.314254606237348
2012-05-08 21:00:00,8.9,166,-9.97472,-68.81,-2.153104870837043,8.635631963856369
2012-05-08 22:00:00,8.7,173,-9.97472,-68.81,-1.0602632876247835,8.6351515192795
2012-05-08 23:00:00,7.9,177,-9.97472,-68.81,-0.4134540543192561,7.889173324561134
2012-05-09 00:00:00,8.3,180,-9.97472,-68.81,-1.0164568432923032e-15,8.3
2012-05-09 01:00:00,8.7,185,-9.97472,-68.81,0.758254961904624,8.666893873398186
2012-05-09 02:00:00,9.1,189,-9.97472,-68.81,1.4235536318660995,8.987963899415753
2012-05-09 03:00:00,9.1,189,-9.97472,-68.81,1.4235536318660995,8.987963899415753
2012-05-09 04:00:00,9.1,189,-9.97472,-68.81,1.4235536318660995,8.987963899415753
2012-05-09 05:00:00,8.7,187,-9.97472,-68.81,1.0602632876247815,8.635151519279502
2012-05-09 06:00:00,8.7,185,-9.97472,-68.81,0.758254961904624,8.666893873398186
2012-05-09 07:00:00,7.9,177,-9.97472,-68.81,-0.4134540543192561,7.889173324561134
2012-05-09 08:00:00,8.3,185,-9.97472,-68.81,0.723392664805561,8.268415994161488
2012-05-09 09:00:00,6.9,186,-9.97472,-68.81,0.7212463965468092,6.862201078041086
2012-05-09 10:00:00,6.5,180,-9.97472,-68.81,-7.960204194457795e-16,6.5
2012-05-09 11:00:00,6.9,174,-9.97472,-68.81,-0.7212463965468108,6.862201078041086
2012-05-09 12:00:00,6.7,164,-9.97472,-68.81,-1.8467702839738949,6.440453362786736
2012-05-09 13:00:00,5.0,159,-9.97472,-68.81,-1.7918397477265011,4.667902132486009
2012-05-09 14:00:00,3.1,159,-9.97472,-68.81,-1.1109406435904308,2.8940993221413254
2012-05-09 15:00:00,1.5,166,-9.97472,-68.81,-0.3628828433995016,1.4554435894139948
2012-05-09 16:00:00,0.7,180,-9.97472,-68.81,-8.572527594031472e-17,0.7
2012-05-09 17:00:00,0.4,180,-9.97472,-68.81,-4.898587196589413e-17,0.4
2012-05-09 18:00:00,0.4,360,-9.97472,-68.81,9.797174393178826e-17,-0.4
2012-05-09 19:00:00,1.5,135,-9.97472,-68.81,-1.0606601717798214,1.0606601717798212
2012-05-09 20:00:00,1.8,79,-9.97472,-68.81,-1.7669289302057951,-0.34345619167778085
2012-05-09 21:00:00,4.2,70,-9.97472,-68.81,-3.9467090073008153,-1.436484601967809
2012-05-09 22:00:00,6.2,54,-9.97472,-68.81,-5.0159053651246746,-3.6442685642133337
2012-05-09 23:00:00,6.9,39,-9.97472,-68.81,-4.342310698243878,-5.3623071340531
2012-05-10 00:00:00,7.0,35,-9.97472,-68.81,-4.015035054457322,-5.7340643100229425
2012-05-10 01:00:00,6.4,16,-9.97472,-68.81,-1.7640790772287946,-6.1520748540052415
2012-05-10 02:00:00,4.1,345,-9.97472,-68.81,1.0611580849203348,-3.96029588778518
2012-05-10 03:00:00,3.1,306,-9.97472,-68.81,2.5079526825623377,-1.8221342821066662
2012-05-10 04:00:00,2.7,293,-9.97472,-68.81,2.4853631043215896,-1.0549740469210385
2012-05-10 05:00:00,2.6,286,-9.97472,-68.81,2.499280409439629,-0.7166571251241984
2012-05-10 06:00:00,2.2,279,-9.97472,-68.81,2.1729143493093033,-0.3441558230885075
2012-05-10 07:00:00,2.7,293,-9.97472,-68.81,2.4853631043215896,-1.0549740469210385
2012-05-10 08:00:00,3.3,283,-9.97472,-68.81,3.2154212137912763,-0.7423384793347542
2012-05-10 09:00:00,2.4,297,-9.97472,-68.81,2.1384156580520832,-1.089577199374912
2012-05-10 10:00:00,2.6,304,-9.97472,-68.81,2.1554976886431083,-1.4539015490239422
2012-05-10 11:00:00,3.3,311,-9.97472,-68.81,2.4905416147351485,-2.1649947956686733
2012-05-10 12:00:00,4.8,312,-9.97472,-68.81,3.5670951622914937,-3.2118269105225172
2012-05-10 13:00:00,6.9,317,-9.97472,-68.81,4.705788684431238,-5.046340541172278
2012-05-10 14:00:00,8.4,320,-9.97472,-68.81,5.399415921366932,-6.434773322199414
2012-05-10 15:00:00,8.2,319,-9.97472,-68.81,5.37968403772216,-6.188618557826729
2012-05-10 16:00:00,7.7,311,-9.97472,-68.81,5.811263767715347,-5.051654523226905
2012-05-10 17:00:00,6.6,311,-9.97472,-68.81,4.981083229470297,-4.3299895913373465
2012-05-10 18:00:00,5.8,338,-9.97472,-68.81,2.1727182418122917,-5.377666356487366
2012-05-10 19:00:00,4.0,355,-9.97472,-68.81,0.3486229709906333,-3.984778792366982
2012-05-10 20:00:00,4.7,351,-9.97472,-68.81,0.7352419856890863,-4.6421352007971475
2012-05-10 21:00:00,5.8,360,-9.97472,-68.81,1.4205902870109297e-15,-5.8
2012-05-10 22:00:00,5.8,353,-9.97472,-68.81,0.7068421917498539,-5.756767679519668
2012-05-10 23:00:00,6.2,350,-9.97472,-68.81,1.0766187015349684,-6.10580806867569
2012-05-11 00:00:00,6.2,353,-9.97472,-68.81,0.7555899291119128,-6.153786140176197
2012-05-11 01:00:00,6.8,360,-9.97472,-68.81,1.6655196468404002e-15,-6.8
2012-05-11 02:00:00,6.8,357,-9.97472,-68.81,0.3558845024520217,-6.790680836331102
2012-05-11 03:00:00,6.5,357,-9.97472,-68.81,0.3401837155791384,-6.49109197590473
2012-05-11 04:00:00,6.5,357,-9.97472,-68.81,0.3401837155791384,-6.49109197590473
2012-05-11 05:00:00,6.5,354,-9.97472,-68.81,0.6794350112397471,-6.4643923198937765
2012-05-11 06:00:00,6.2,350,-9.97472,-68.81,1.0766187015349684,-6.10580806867569
2012-05-11 07:00:00,6.5,357,-9.97472,-68.81,0.3401837155791384,-6.49109197590473
2012-05-11 08:00:00,6.6,351,-9.97472,-68.81,1.0324674692655254,-6.5187430479279085
2012-05-11 09:00:00,5.4,360,-9.97472,-68.81,1.3226185430791415e-15,-5.4
2012-05-11 10:00:00,5.8,4,-9.97472,-68.81,-0.40458754771592675,-5.78587149150698
2012-05-11 11:00:00,6.8,360,-9.97472,-68.81,1.6655196468404002e-15,-6.8
2012-05-11 12:00:00,7.9,357,-9.97472,-68.81,0.4134540543192605,-7.889173324561134
2012-05-11 13:00:00,8.0,350,-9.97472,-68.81,1.389185421335443,-7.878462024097664
2012-05-11 14:00:00,8.6,345,-9.97472,-68.81,2.225843787881678,-8.306962106085987
2012-05-11 15:00:00,8.2,345,-9.97472,-68.81,2.1223161698406696,-7.92059177557036
2012-05-11 16:00:00,5.6,333,-9.97472,-68.81,2.542346798541463,-4.989636535454859
2012-05-11 17:00:00,3.1,315,-9.97472,-68.81,2.192031021678298,-2.192031021678297
2012-05-11 18:00:00,3.8,287,-9.97472,-68.81,3.6339580726595346,-1.1110124779463995
2012-05-11 19:00:00,0.4,360,-9.97472,-68.81,9.797174393178826e-17,-0.4
2012-05-11 20:00:00,2.5,360,-9.97472,-68.81,6.123233995736766e-16,-2.5
2012-05-11 21:00:00,2.5,45,-9.97472,-68.81,-1.7677669529663687,-1.7677669529663689
2012-05-11 22:00:00,4.7,356,-9.97472,-68.81,0.3278554265973905,-4.688551036221174
2012-05-11 23:00:00,3.6,354,-9.97472,-68.81,0.3763024677635523,-3.580278823325784
2012-05-12 00:00:00,3.6,360,-9.97472,-68.81,8.817456953860943e-16,-3.6
2012-05-12 01:00:00,4.0,5,-9.97472,-68.81,-0.34862297099063266,-3.984778792366982
2012-05-12 02:00:00,4.0,360,-9.97472,-68.81,9.797174393178826e-16,-4.0
2012-05-12 03:00:00,4.5,346,-9.97472,-68.81,1.0886485301985054,-4.366330768241984
2012-05-12 04:00:00,4.7,337,-9.97472,-68.81,1.8364363038995872,-4.326372811226469
2012-05-12 05:00:00,4.3,336,-9.97472,-68.81,1.7489675652259407,-3.928245467863184
2012-05-12 06:00:00,4.7,337,-9.97472,-68.81,1.8364363038995872,-4.326372811226469
2012-05-12 07:00:00,4.7,328,-9.97472,-68.81,2.490620541896064,-3.9858260519352022
2012-05-12 08:00:00,4.5,331,-9.97472,-68.81,2.181643291108516,-3.9357886821272814
2012-05-12 09:00:00,4.7,328,-9.97472,-68.81,2.490620541896064,-3.9858260519352022
2012-05-12 10:00:00,4.8,333,-9.97472,-68.81,2.179154398749825,-4.276831316104166
2012-05-12 11:00:00,6.0,335,-9.97472,-68.81,2.535709570444195,-5.4378467222199
2012-05-12 12:00:00,7.7,332,-9.97472,-68.81,3.6149310334513594,-6.798696465013737
2012-05-12 13:00:00,8.5,332,-9.97472,-68.81,3.990508283680072,-7.505054539300878
2012-05-12 14:00:00,8.5,324,-9.97472,-68.81,4.9961746444860236,-6.876644452187052
2012-05-12 15:00:00,7.4,317,-9.97472,-68.81,5.0467878644624875,-5.4120173919818635
2012-05-12 16:00:00,7.2,333,-9.97472,-68.81,3.2687315981247385,-6.415246974156248
2012-05-12 17:00:00,7.2,3,-9.97472,-68.81,-0.37681888494919563,-7.190132650232932
2012-05-12 18:00:00,5.2,348,-9.97472,-68.81,1.0811407922523513,-5.086367523815789
2012-05-12 19:00:00,1.6,333,-9.97472,-68.81,0.7263847995832752,-1.4256104387013886
2012-05-12 20:00:00,4.1,308,-9.97472,-68.81,3.230844089787559,-2.5242120488352
2012-05-12 21:00:00,4.2,329,-9.97472,-68.81,2.163159914622229,-3.600102662948871
2012-05-12 22:00:00,4.0,360,-9.97472,-68.81,9.797174393178826e-16,-4.0
2012-05-12 23:00:00,6.0,17,-9.97472,-68.81,-1.7542302283364206,-5.737828535778212
2012-05-13 00:00:00,6.2,10,-9.97472,-68.81,-1.0766187015349682,-6.10580806867569
2012-05-13 01:00:00,6.6,347,-9.97472,-68.81,1.4846769586695112,-6.430842427582552
2012-05-13 02:00:00,6.6,338,-9.97472,-68.81,2.4724035165450213,-6.119413440140796
2012-05-13 03:00:00,5.8,330,-9.97472,-68.81,2.9000000000000026,-5.022947341949743
2012-05-13 04:00:00,6.0,327,-9.97472,-68.81,3.267834210090162,-5.032023407672544
2012-05-13 05:00:00,6.4,333,-9.97472,-68.81,2.9055391983331007,-5.702441754805554
2012-05-13 06:00:00,6.0,335,-9.97472,-68.81,2.535709570444195,-5.4378467222199
2012-05-13 07:00:00,7.1,330,-9.97472,-68.81,3.550000000000003,-6.148780366869512
2012-05-13 08:00:00,7.4,317,-9.97472,-68.81,5.0467878644624875,-5.4120173919818635
2012-05-13 09:00:00,6.6,319,-9.97472,-68.81,4.329989591337348,-4.981083229470294
2012-05-13 10:00:00,8.2,319,-9.97472,-68.81,5.37968403772216,-6.188618557826729
2012-05-13 11:00:00,10.2,321,-9.97472,-68.81,6.4190679887083455,-7.9268888068611
2012-05-13 12:00:00,8.4,320,-9.97472,-68.81,5.399415921366932,-6.434773322199414
2012-05-13 13:00:00,6.9,313,-9.97472,-68.81,5.046340541172276,-4.705788684431241
2012-05-13 14:00:00,7.5,325,-9.97472,-68.81,4.3018232726328485,-6.143640332167437
2012-05-13 15:00:00,9.7,329,-9.97472,-68.81,4.9958693266275285,-8.314522816810486
2012-05-13 16:00:00,5.7,305,-9.97472,-68.81,4.669166652447253,-3.2693856872009626
2012-05-13 17:00:00,8.9,302,-9.97472,-68.81,7.5476280557921935,-4.716281451675522
2012-05-13 18:00:00,6.4,313,-9.97472,-68.81,4.680663690362691,-4.364789504399991
2012-05-13 19:00:00,5.4,318,-9.97472,-68.81,3.613305274337834,-4.012982057577929
2012-05-13 20:00:00,6.3,336,-9.97472,-68.81,2.562440851377541,-5.755336383148386
2012-05-13 21:00:00,6.3,347,-9.97472,-68.81,1.4171916423663515,-6.1385314081469815
2012-05-13 22:00:00,6.8,3,-9.97472,-68.81,-0.3558845024520181,-6.790680836331102
2012-05-13 23:00:00,6.8,3,-9.97472,-68.81,-0.3558845024520181,-6.790680836331102
2012-05-14 00:00:00,6.1,357,-9.97472,-68.81,0.31924933308196063,-6.0916401620029
2012-05-14 01:00:00,6.1,357,-9.97472,-68.81,0.31924933308196063,-6.0916401620029
2012-05-14 02:00:00,6.9,354,-9.97472,-68.81,0.7212463965468086,-6.862201078041086
2012-05-14 03:00:00,7.7,349,-9.97472,-68.81,1.469229264399394,-7.558529312547013
2012-05-14 04:00:00,7.4,346,-9.97472,-68.81,1.7902220274375422,-7.180188374442374
2012-05-14 05:00:00,6.7,344,-9.97472,-68.81,1.8467702839738929,-6.440453362786736
2012-05-14 06:00:00,6.2,339,-9.97472,-68.81,2.2218812871808646,-5.78819864428265
2012-05-14 07:00:00,8.2,337,-9.97472,-68.81,3.2039952536120455,-7.548139798310009
2012-05-14 08:00:00,9.2,339,-9.97472,-68.81,3.296985135816767,-8.588939923774253
2012-05-14 09:00:00,11.6,338,-9.97472,-68.81,4.345436483624583,-10.755332712974733
2012-05-14 10:00:00,13.5,331,-9.97472,-68.81,6.544929873325548,-11.807366046381844
2012-05-14 11:00:00,11.9,325,-9.97472,-68.81,6.825559592577453,-9.747909327039
2012-05-14 12:00:00,9.2,321,-9.97472,-68.81,5.789747597658508,-7.149742845404129
2012-05-14 13:00:00,7.7,319,-9.97472,-68.81,5.051654523226907,-5.811263767715344
2012-05-14 14:00:00,6.2,324,-9.97472,-68.81,3.644268564213335,-5.015905365124674
2012-05-14 15:00:00,8.4,310,-9.97472,-68.81,6.434773322199416,-5.39941592136693
2012-05-14 16:00:00,5.6,333,-9.97472,-68.81,2.542346798541463,-4.989636535454859
2012-05-14 17:00:00,8.9,328,-9.97472,-68.81,4.716281451675525,-7.547628055792192
2012-05-14 18:00:00,4.7,328,-9.97472,-68.81,2.490620541896064,-3.9858260519352022
2012-05-14 19:00:00,2.5,360,-9.97472,-68.81,6.123233995736766e-16,-2.5
2012-05-14 20:00:00,3.5,336,-9.97472,-68.81,1.4235782507653005,-3.1974091017491033
2012-05-14 21:00:00,4.5,346,-9.97472,-68.81,1.0886485301985054,-4.366330768241984
2012-05-14 22:00:00,4.9,343,-9.97472,-68.81,1.4326213531414123,-4.685893304218873
2012-05-14 23:00:00,4.7,360,-9.97472,-68.81,1.1511679911985121e-15,-4.7
2012-05-15 00:00:00,4.8,13,-9.97472,-68.81,-1.079765060850552,-4.676976310969129
2012-05-15 01:00:00,4.4,9,-9.97472,-68.81,-0.6883116461770159,-4.3458286986186065
2012-05-15 02:00:00,4.7,356,-9.97472,-68.81,0.3278554265973905,-4.688551036221174
2012-05-15 03:00:00,3.8,343,-9.97472,-68.81,1.1110124779464012,-3.633958072659534
2012-05-15 04:00:00,3.5,336,-9.97472,-68.81,1.4235782507653005,-3.1974091017491033
2012-05-15 05:00:00,4.1,322,-9.97472,-68.81,2.5242120488351985,-3.23084408978756
2012-05-15 06:00:00,3.6,307,-9.97472,-68.81,2.875087836170255,-2.1665340833473725
2012-05-15 07:00:00,0.5,135,-9.97472,-68.81,-0.3535533905932738,0.35355339059327373
2012-05-15 08:00:00,0.8,117,-9.97472,-68.81,-0.7128052193506944,0.36319239979163737
2012-05-15 09:00:00,1.1,90,-9.97472,-68.81,-1.1,-6.735557395310444e-17
2012-05-15 10:00:00,1.9,68,-9.97472,-68.81,-1.761649323676896,-0.7117525274902327
2012-05-15 11:00:00,1.8,11,-9.97472,-68.81,-0.34345619167778063,-1.7669289302057951
2012-05-15 12:00:00,1.8,349,-9.97472,-68.81,0.3434561916777804,-1.7669289302057951
2012-05-15 13:00:00,2.6,344,-9.97472,-68.81,0.7166571251241973,-2.499280409439629
2012-05-15 14:00:00,5.4,356,-9.97472,-68.81,0.37668495821827847,-5.386845871403051
2012-05-15 15:00:00,5.9,346,-9.97472,-68.81,1.4273391840380405,-5.7247447850283795
2012-05-15 16:00:00,2.8,220,-9.97472,-68.81,1.7998053071223097,2.1449244407331385
2012-05-15 17:00:00,2.9,187,-9.97472,-68.81,0.3534210958749272,2.878383839759834
2012-05-15 18:00:00,3.9,146,-9.97472,-68.81,-2.180852323535913,3.2332465329646625
2012-05-15 19:00:00,2.5,82,-9.97472,-68.81,-2.475670171853926,-0.34793275240016364
2012-05-15 20:00:00,3.7,101,-9.97472,-68.81,-3.632020578756357,0.7059932828932158
2012-05-15 21:00:00,4.6,141,-9.97472,-68.81,-2.8948737988292517,3.5748714227020657
2012-05-15 22:00:00,5.3,152,-9.97472,-68.81,-2.4881992827652204,4.679622242152313
2012-05-15 23:00:00,6.1,152,-9.97472,-68.81,-2.863776532993933,5.385980316439454
2012-05-16 00:00:00,6.3,149,-9.97472,-68.81,-3.2447398719333425,5.400153994423307
2012-05-16 01:00:00,6.6,135,-9.97472,-68.81,-4.666904755831213,4.666904755831213
2012-05-16 02:00:00,6.9,137,-9.97472,-68.81,-4.705788684431241,5.046340541172277
2012-05-16 03:00:00,6.9,141,-9.97472,-68.81,-4.342310698243878,5.3623071340531
2012-05-16 04:00:00,6.1,140,-9.97472,-68.81,-3.9210044190878905,4.672871103025765
2012-05-16 05:00:00,5.2,146,-9.97472,-68.81,-2.907803098047884,4.310995377286217
2012-05-16 06:00:00,4.5,166,-9.97472,-68.81,-1.0886485301985047,4.366330768241984
2012-05-16 07:00:00,4.1,142,-9.97472,-68.81,-2.5242120488351993,3.2308440897875594
2012-05-16 08:00:00,3.9,124,-9.97472,-68.81,-3.233246532964663,2.180852323535912
2012-05-16 09:00:00,6.2,126,-9.97472,-68.81,-5.0159053651246746,3.644268564213333
2012-05-16 10:00:00,6.6,119,-9.97472,-68.81,-5.772490067120012,3.199743493625824
2012-05-16 11:00:00,4.0,117,-9.97472,-68.81,-3.5640260967534716,1.8159619989581868
2012-05-16 12:00:00,1.8,101,-9.97472,-68.81,-1.7669289302057951,0.34345619167778063
2012-05-16 13:00:00,0.4,180,-9.97472,-68.81,-4.898587196589413e-17,0.4
2012-05-16 14:00:00,1.5,225,-9.97472,-68.81,1.0606601717798212,1.0606601717798214
2012-05-16 15:00:00,2.5,225,-9.97472,-68.81,1.7677669529663687,1.7677669529663693
2012-05-16 16:00:00,2.5,225,-9.97472,-68.81,1.7677669529663687,1.7677669529663693
2012-05-16 17:00:00,1.3,326,-9.97472,-68.81,0.7269507745119705,-1.0777488443215544
2012-05-16 18:00:00,1.0,315,-9.97472,-68.81,0.7071067811865477,-0.7071067811865474
2012-05-16 19:00:00,2.4,63,-9.97472,-68.81,-2.138415658052083,-1.0895771993749124
2012-05-16 20:00:00,3.1,54,-9.97472,-68.81,-2.5079526825623373,-1.8221342821066668
2012-05-16 21:00:00,4.6,51,-9.97472,-68.81,-3.5748714227020657,-2.894873798829252
2012-05-16 22:00:00,5.6,50,-9.97472,-68.81,-4.289848881466277,-3.5996106142446203
2012-05-16 23:00:00,5.6,50,-9.97472,-68.81,-4.289848881466277,-3.5996106142446203
2012-05-17 00:00:00,5.3,62,-9.97472,-68.81,-4.679622242152313,-2.4881992827652213
2012-05-17 01:00:00,4.9,73,-9.97472,-68.81,-4.685893304218874,-1.4326213531414103
2012-05-17 02:00:00,4.3,66,-9.97472,-68.81,-3.9282454678631837,-1.7489675652259409
2012-05-17 03:00:00,4.5,61,-9.97472,-68.81,-3.935788682127281,-2.181643291108517
2012-05-17 04:00:00,3.1,54,-9.97472,-68.81,-2.5079526825623373,-1.8221342821066668
2012-05-17 05:00:00,1.9,112,-9.97472,-68.81,-1.761649323676896,0.7117525274902329
2012-05-17 06:00:00,1.3,124,-9.97472,-68.81,-1.0777488443215544,0.7269507745119708
2012-05-17 07:00:00,1.3,146,-9.97472,-68.81,-0.726950774511971,1.0777488443215542
2012-05-17 08:00:00,1.9,158,-9.97472,-68.81,-0.7117525274902332,1.7616493236768958
2012-05-17 09:00:00,2.4,153,-9.97472,-68.81,-1.0895771993749124,2.138415658052083
2012-05-17 10:00:00,3.3,139,-9.97472,-68.81,-2.1649947956686737,2.4905416147351476
2012-05-17 11:00:00,4.0,117,-9.97472,-68.81,-3.5640260967534716,1.8159619989581868
2012-05-17 12:00:00,3.1,111,-9.97472,-68.81,-2.8940993221413254,1.1109406435904308
2012-05-17 13:00:00,2.3,108,-9.97472,-68.81,-2.187429987478853,0.7107390870623789
2012-05-17 14:00:00,1.8,101,-9.97472,-68.81,-1.7669289302057951,0.34345619167778063
2012-05-17 15:00:00,2.1,149,-9.97472,-68.81,-1.0815799573111142,1.8000513314744357
2012-05-17 16:00:00,4.2,149,-9.97472,-68.81,-2.1631599146222285,3.6001026629488715
2012-05-17 17:00:00,2.3,129,-9.97472,-68.81,-1.7874357113510333,1.4474368994146256
2012-05-17 18:00:00,1.0,45,-9.97472,-68.81,-0.7071067811865475,-0.7071067811865476
2012-05-17 19:00:00,1.9,22,-9.97472,-68.81,-0.7117525274902328,-1.761649323676896
2012-05-17 20:00:00,2.5,135,-9.97472,-68.81,-1.7677669529663689,1.7677669529663687
2012-05-17 21:00:00,2.9,120,-9.97472,-68.81,-2.511473670974872,1.4499999999999993
2012-05-17 22:00:00,2.9,60,-9.97472,-68.81,-2.5114736709748717,-1.4500000000000002
2012-05-17 23:00:00,4.8,42,-9.97472,-68.81,-3.2118269105225195,-3.5670951622914924
2012-05-18 00:00:00,5.0,30,-9.97472,-68.81,-2.4999999999999996,-4.330127018922194
2012-05-18 01:00:00,4.2,20,-9.97472,-68.81,-1.4364846019678086,-3.9467090073008158
2012-05-18 02:00:00,3.8,17,-9.97472,-68.81,-1.1110124779463997,-3.6339580726595346
2012-05-18 03:00:00,4.5,14,-9.97472,-68.81,-1.0886485301985047,-4.366330768241984
2012-05-18 04:00:00,3.4,18,-9.97472,-68.81,-1.0506577808748212,-3.233592155403522
2012-05-18 05:00:00,2.9,7,-9.97472,-68.81,-0.35342109587492765,-2.8783838397598336
2012-05-18 06:00:00,3.3,347,-9.97472,-68.81,0.7423384793347556,-3.215421213791276
2012-05-18 07:00:00,4.6,288,-9.97472,-68.81,4.374859974957706,-1.421478174124757
2012-05-18 08:00:00,3.6,264,-9.97472,-68.81,3.5802788233257843,0.3763024677635521
2012-05-18 09:00:00,2.9,270,-9.97472,-68.81,2.9,5.327213576290986e-16
2012-05-18 10:00:00,2.5,262,-9.97472,-68.81,2.475670171853926,0.3479327524001646
2012-05-18 11:00:00,2.2,270,-9.97472,-68.81,2.2,4.0413344371862655e-16
2012-05-18 12:00:00,1.6,297,-9.97472,-68.81,1.4256104387013888,-0.7263847995832746
2012-05-18 13:00:00,0.8,27,-9.97472,-68.81,-0.3631923997916374,-0.7128052193506944
2012-05-18 14:00:00,1.1,90,-9.97472,-68.81,-1.1,-6.735557395310444e-17
2012-05-18 15:00:00,1.5,76,-9.97472,-68.81,-1.4554435894139948,-0.3628828433995015
2012-05-18 16:00:00,4.0,350,-9.97472,-68.81,0.6945927106677215,-3.939231012048832
2012-05-18 17:00:00,4.4,325,-9.97472,-68.81,2.5237363199446046,-3.604268994871563
2012-05-18 18:00:00,1.1,180,-9.97472,-68.81,-1.3471114790620887e-16,1.1
2012-05-18 19:00:00,2.6,74,-9.97472,-68.81,-2.499280409439629,-0.7166571251241979
2012-05-18 20:00:00,4.3,42,-9.97472,-68.81,-2.8772616073430903,-3.195522749552795
2012-05-18 21:00:00,4.1,38,-9.97472,-68.81,-2.524212048835199,-3.2308440897875594
2012-05-18 22:00:00,6.3,24,-9.97472,-68.81,-2.5624408513775414,-5.755336383148386
2012-05-18 23:00:00,4.1,38,-9.97472,-68.81,-2.524212048835199,-3.2308440897875594
2012-05-19 00:00:00,4.5,29,-9.97472,-68.81,-2.1816432911085166,-3.935788682127281
2012-05-19 01:00:00,4.1,38,-9.97472,-68.81,-2.524212048835199,-3.2308440897875594
2012-05-19 02:00:00,4.5,29,-9.97472,-68.81,-2.1816432911085166,-3.935788682127281
2012-05-19 03:00:00,0.8,207,-9.97472,-68.81,0.36319239979163737,0.7128052193506944
2012-05-19 04:00:00,3.4,212,-9.97472,-68.81,1.8017254983928963,2.8833635269318485
2012-05-19 05:00:00,2.5,225,-9.97472,-68.81,1.7677669529663687,1.7677669529663693
2012-05-19 06:00:00,1.9,248,-9.97472,-68.81,1.7616493236768958,0.7117525274902333
2012-05-19 07:00:00,3.1,201,-9.97472,-68.81,1.1109406435904314,2.8940993221413254
2012-05-19 08:00:00,1.8,180,-9.97472,-68.81,-2.2043642384652358e-16,1.8
2012-05-19 09:00:00,1.0,135,-9.97472,-68.81,-0.7071067811865476,0.7071067811865475
2012-05-19 10:00:00,1.5,45,-9.97472,-68.81,-1.0606601717798212,-1.0606601717798214
2012-05-19 11:00:00,0.4,90,-9.97472,-68.81,-0.4,-2.4492935982947065e-17
2012-05-19 12:00:00,0.4,180,-9.97472,-68.81,-4.898587196589413e-17,0.4
2012-05-19 13:00:00,2.1,211,-9.97472,-68.81,1.0815799573111138,1.800051331474436
2012-05-19 14:00:00,2.6,214,-9.97472,-68.81,1.4539015490239415,2.1554976886431088
2012-05-19 15:00:00,2.2,180,-9.97472,-68.81,-2.6942229581241775e-16,2.2
2012-05-19 16:00:00,2.1,211,-9.97472,-68.81,1.0815799573111138,1.800051331474436
2012-05-19 17:00:00,1.8,101,-9.97472,-68.81,-1.7669289302057951,0.34345619167778063
2012-05-19 18:00:00,2.6,106,-9.97472,-68.81,-2.499280409439629,0.7166571251241975
2012-05-19 19:00:00,1.6,153,-9.97472,-68.81,-0.7263847995832751,1.4256104387013886
2012-05-19 20:00:00,1.5,315,-9.97472,-68.81,1.0606601717798214,-1.060660171779821
2012-05-19 21:00:00,2.6,56,-9.97472,-68.81,-2.1554976886431088,-1.4539015490239418
2012-05-19 22:00:00,0.7,90,-9.97472,-68.81,-0.7,-4.286263797015736e-17
2012-05-19 23:00:00,3.3,103,-9.97472,-68.81,-3.2154212137912763,0.7423384793347546
2012-05-20 00:00:00,3.3,77,-9.97472,-68.81,-3.2154212137912763,-0.7423384793347542
2012-05-20 01:00:00,3.3,84,-9.97472,-68.81,-3.2819222547153015,-0.3449439287832564
2012-05-20 02:00:00,2.2,99,-9.97472,-68.81,-2.1729143493093033,0.34415582308850784
2012-05-20 03:00:00,2.6,124,-9.97472,-68.81,-2.1554976886431088,1.4539015490239415
2012-05-20 04:00:00,2.6,146,-9.97472,-68.81,-1.453901549023942,2.1554976886431083
2012-05-20 05:00:00,2.8,140,-9.97472,-68.81,-1.7998053071223103,2.144924440733138
2012-05-20 06:00:00,3.1,144,-9.97472,-68.81,-1.822134282106667,2.507952682562337
2012-05-20 07:00:00,1.5,76,-9.97472,-68.81,-1.4554435894139948,-0.3628828433995015
2012-05-20 08:00:00,1.1,108,-9.97472,-68.81,-1.046162167924669,0.3399186938124421
2012-05-20 09:00:00,0.8,117,-9.97472,-68.81,-0.7128052193506944,0.36319239979163737
2012-05-20 10:00:00,1.5,135,-9.97472,-68.81,-1.0606601717798214,1.0606601717798212
2012-05-20 11:00:00,0.8,153,-9.97472,-68.81,-0.36319239979163753,0.7128052193506943
2012-05-20 12:00:00,0.4,360,-9.97472,-68.81,9.797174393178826e-17,-0.4
2012-05-20 13:00:00,2.5,360,-9.97472,-68.81,6.123233995736766e-16,-2.5
2012-05-20 14:00:00,2.4,27,-9.97472,-68.81,-1.0895771993749122,-2.138415658052083
2012-05-20 15:00:00,1.8,11,-9.97472,-68.81,-0.34345619167778063,-1.7669289302057951
2012-05-20 16:00:00,1.6,63,-9.97472,-68.81,-1.4256104387013886,-0.726384799583275
2012-05-20 17:00:00,3.4,58,-9.97472,-68.81,-2.883363526931848,-1.8017254983928965
2012-05-20 18:00:00,3.6,90,-9.97472,-68.81,-3.6,-2.2043642384652358e-16
2012-05-20 19:00:00,2.9,60,-9.97472,-68.81,-2.5114736709748717,-1.4500000000000002
2012-05-20 20:00:00,4.9,54,-9.97472,-68.81,-3.9641832724372428,-2.8801477362331185
2012-05-20 21:00:00,4.5,76,-9.97472,-68.81,-4.366330768241984,-1.0886485301985045
2012-05-20 22:00:00,4.9,73,-9.97472,-68.81,-4.685893304218874,-1.4326213531414103
2012-05-20 23:00:00,4.8,63,-9.97472,-68.81,-4.276831316104166,-2.1791543987498248
2012-05-21 00:00:00,4.7,58,-9.97472,-68.81,-3.9858260519352022,-2.490620541896063
2012-05-21 01:00:00,4.8,48,-9.97472,-68.81,-3.5670951622914924,-3.2118269105225195
2012-05-21 02:00:00,3.6,45,-9.97472,-68.81,-2.545584412271571,-2.5455844122715714
2012-05-21 03:00:00,4.4,81,-9.97472,-68.81,-4.3458286986186065,-0.6883116461770161
2012-05-21 04:00:00,3.2,27,-9.97472,-68.81,-1.4527695991665497,-2.8512208774027776
2012-05-21 05:00:00,3.6,37,-9.97472,-68.81,-2.166534083347374,-2.875087836170254
2012-05-21 06:00:00,3.9,22,-9.97472,-68.81,-1.460965714322057,-3.616017032810471
2012-05-21 07:00:00,6.6,41,-9.97472,-68.81,-4.329989591337347,-4.981083229470295
2012-05-21 08:00:00,5.9,43,-9.97472,-68.81,-4.023790324368742,-4.314986839553106
2012-05-21 09:00:00,6.0,33,-9.97472,-68.81,-3.2678342100901627,-5.032023407672544
2012-05-21 10:00:00,6.2,21,-9.97472,-68.81,-2.2218812871808615,-5.788198644282651
2012-05-21 11:00:00,4.8,13,-9.97472,-68.81,-1.079765060850552,-4.676976310969129
2012-05-21 12:00:00,2.9,30,-9.97472,-68.81,-1.4499999999999997,-2.511473670974872
2012-05-21 13:00:00,2.9,30,-9.97472,-68.81,-1.4499999999999997,-2.511473670974872
2012-05-21 14:00:00,2.5,8,-9.97472,-68.81,-0.3479327524001636,-2.475670171853926
2012-05-21 15:00:00,1.1,342,-9.97472,-68.81,0.3399186938124424,-1.0461621679246689
2012-05-21 16:00:00,2.4,297,-9.97472,-68.81,2.1384156580520832,-1.089577199374912
2012-05-21 17:00:00,2.9,270,-9.97472,-68.81,2.9,5.327213576290986e-16
2012-05-21 18:00:00,3.2,243,-9.97472,-68.81,2.851220877402777,1.4527695991665501
2012-05-21 19:00:00,1.8,217,-9.97472,-68.81,1.0832670416736871,1.437543918085127
2012-05-21 20:00:00,1.4,90,-9.97472,-68.81,-1.4,-8.572527594031472e-17
2012-05-21 21:00:00,2.3,129,-9.97472,-68.81,-1.7874357113510333,1.4474368994146256
2012-05-21 22:00:00,2.2,81,-9.97472,-68.81,-2.1729143493093033,-0.34415582308850806
2012-05-21 23:00:00,2.7,67,-9.97472,-68.81,-2.485363104321589,-1.0549740469210391
2012-05-22 00:00:00,3.3,49,-9.97472,-68.81,-2.4905416147351476,-2.1649947956686737
2012-05-22 01:00:00,1.5,14,-9.97472,-68.81,-0.3628828433995016,-1.4554435894139948
2012-05-22 02:00:00,1.0,45,-9.97472,-68.81,-0.7071067811865475,-0.7071067811865476
2012-05-22 03:00:00,0.8,207,-9.97472,-68.81,0.36319239979163737,0.7128052193506944
2012-05-22 04:00:00,1.1,180,-9.97472,-68.81,-1.3471114790620887e-16,1.1
2012-05-22 05:00:00,1.4,180,-9.97472,-68.81,-1.7145055188062944e-16,1.4
2012-05-22 06:00:00,1.8,169,-9.97472,-68.81,-0.34345619167778096,1.7669289302057951
2012-05-22 07:00:00,1.5,225,-9.97472,-68.81,1.0606601717798212,1.0606601717798214
2012-05-22 08:00:00,2.0,225,-9.97472,-68.81,1.414213562373095,1.4142135623730954
2012-05-22 09:00:00,1.0,225,-9.97472,-68.81,0.7071067811865475,0.7071067811865477
2012-05-22 10:00:00,0.8,153,-9.97472,-68.81,-0.36319239979163753,0.7128052193506943
2012-05-22 11:00:00,0.0,270,-9.97472,-68.81,0.0,0.0
2012-05-22 12:00:00,1.1,360,-9.97472,-68.81,2.6942229581241775e-16,-1.1
2012-05-22 13:00:00,2.2,360,-9.97472,-68.81,5.388445916248355e-16,-2.2
2012-05-22 14:00:00,2.2,360,-9.97472,-68.81,5.388445916248355e-16,-2.2
2012-05-22 15:00:00,1.3,326,-9.97472,-68.81,0.7269507745119705,-1.0777488443215544
2012-05-22 16:00:00,1.6,333,-9.97472,-68.81,0.7263847995832752,-1.4256104387013886
2012-05-22 17:00:00,1.8,11,-9.97472,-68.81,-0.34345619167778063,-1.7669289302057951
2012-05-22 18:00:00,4.3,355,-9.97472,-68.81,0.37476969381493075,-4.283637201794505
2012-05-22 19:00:00,4.1,345,-9.97472,-68.81,1.0611580849203348,-3.96029588778518
2012-05-22 20:00:00,3.7,349,-9.97472,-68.81,0.7059932828932153,-3.632020578756357
2012-05-22 21:00:00,6.0,17,-9.97472,-68.81,-1.7542302283364206,-5.737828535778212
2012-05-22 22:00:00,6.6,22,-9.97472,-68.81,-2.472403516545019,-6.1194134401407965
2012-05-22 23:00:00,7.3,11,-9.97472,-68.81,-1.392905666248777,-7.165878439167947
2012-05-23 00:00:00,7.2,360,-9.97472,-68.81,1.7634913907721887e-15,-7.2
2012-05-23 01:00:00,5.4,352,-9.97472,-68.81,0.7515347451843558,-5.34744757120448
2012-05-23 02:00:00,5.0,360,-9.97472,-68.81,1.2246467991473533e-15,-5.0
2012-05-23 03:00:00,5.0,360,-9.97472,-68.81,1.2246467991473533e-15,-5.0
2012-05-23 04:00:00,4.7,356,-9.97472,-68.81,0.3278554265973905,-4.688551036221174
2012-05-23 05:00:00,4.7,351,-9.97472,-68.81,0.7352419856890863,-4.6421352007971475
2012-05-23 06:00:00,4.7,351,-9.97472,-68.81,0.7352419856890863,-4.6421352007971475
2012-05-23 07:00:00,6.0,343,-9.97472,-68.81,1.7542302283364228,-5.7378285357782115
2012-05-23 08:00:00,6.5,341,-9.97472,-68.81,2.1161930039715187,-6.1458707413955596
2012-05-23 09:00:00,6.7,344,-9.97472,-68.81,1.8467702839738929,-6.440453362786736
2012-05-23 10:00:00,8.1,339,-9.97472,-68.81,2.902780391316936,-7.562001454627332
2012-05-23 11:00:00,7.6,341,-9.97472,-68.81,2.474317973874391,-7.185941174554808
2012-05-23 12:00:00,6.0,343,-9.97472,-68.81,1.7542302283364228,-5.7378285357782115
2012-05-23 13:00:00,5.5,349,-9.97472,-68.81,1.0494494745709957,-5.3989495089621515
2012-05-23 14:00:00,5.9,346,-9.97472,-68.81,1.4273391840380405,-5.7247447850283795
2012-05-23 15:00:00,6.8,328,-9.97472,-68.81,3.603450996785794,-5.766727053863696
2012-05-23 16:00:00,5.8,338,-9.97472,-68.81,2.1727182418122917,-5.377666356487366
2012-05-23 17:00:00,5.9,322,-9.97472,-68.81,3.6324027044213834,-4.64926344627966
2012-05-23 18:00:00,4.7,302,-9.97472,-68.81,3.985826051935203,-2.490620541896062
2012-05-23 19:00:00,3.0,104,-9.97472,-68.81,-2.9108871788279895,0.7257656867990033
2012-05-23 20:00:00,1.8,143,-9.97472,-68.81,-1.0832670416736867,1.4375439180851273
2012-05-23 21:00:00,2.7,113,-9.97472,-68.81,-2.4853631043215887,1.0549740469210394
2012-05-23 22:00:00,3.3,77,-9.97472,-68.81,-3.2154212137912763,-0.7423384793347542
2012-05-23 23:00:00,2.6,74,-9.97472,-68.81,-2.499280409439629,-0.7166571251241979
2012-05-24 00:00:00,3.1,36,-9.97472,-68.81,-1.8221342821066668,-2.5079526825623373
2012-05-24 01:00:00,3.1,45,-9.97472,-68.81,-2.192031021678297,-2.1920310216782974
2012-05-24 02:00:00,3.7,61,-9.97472,-68.81,-3.2360929164157644,-1.7937955949114475
2012-05-24 03:00:00,3.8,41,-9.97472,-68.81,-2.4930243101639276,-2.8678964048465336
2012-05-24 04:00:00,2.4,27,-9.97472,-68.81,-1.0895771993749122,-2.138415658052083
2012-05-24 05:00:00,1.5,14,-9.97472,-68.81,-0.3628828433995016,-1.4554435894139948
2012-05-24 06:00:00,1.8,11,-9.97472,-68.81,-0.34345619167778063,-1.7669289302057951
2012-05-24 07:00:00,2.6,326,-9.97472,-68.81,1.453901549023941,-2.1554976886431088
2012-05-24 08:00:00,1.3,326,-9.97472,-68.81,0.7269507745119705,-1.0777488443215544
2012-05-24 09:00:00,2.2,360,-9.97472,-68.81,5.388445916248355e-16,-2.2
2012-05-24 10:00:00,3.3,13,-9.97472,-68.81,-0.7423384793347545,-3.2154212137912763
2012-05-24 11:00:00,3.6,6,-9.97472,-68.81,-0.37630246776355253,-3.580278823325784
2012-05-24 12:00:00,3.0,14,-9.97472,-68.81,-0.7257656867990032,-2.9108871788279895
2012-05-24 13:00:00,3.3,6,-9.97472,-68.81,-0.3449439287832564,-3.2819222547153015
2012-05-24 14:00:00,2.9,360,-9.97472,-68.81,7.102951435054649e-16,-2.9
2012-05-24 15:00:00,3.3,347,-9.97472,-68.81,0.7423384793347556,-3.215421213791276
2012-05-24 16:00:00,3.7,331,-9.97472,-68.81,1.7937955949114466,-3.236092916415765
2012-05-24 17:00:00,4.0,350,-9.97472,-68.81,0.6945927106677215,-3.939231012048832
2012-05-24 18:00:00,2.3,39,-9.97472,-68.81,-1.4474368994146258,-1.7874357113510329
2012-05-24 19:00:00,3.1,69,-9.97472,-68.81,-2.8940993221413254,-1.1109406435904312
2012-05-24 20:00:00,5.7,72,-9.97472,-68.81,-5.421022142882375,-1.7613968679372005
2012-05-24 21:00:00,4.6,72,-9.97472,-68.81,-4.3748599749577055,-1.4214781741247582
2012-05-24 22:00:00,7.8,56,-9.97472,-68.81,-6.466493065929326,-4.361704647071825
2012-05-24 23:00:00,7.7,49,-9.97472,-68.81,-5.811263767715345,-5.051654523226906
2012-05-25 00:00:00,6.6,77,-9.97472,-68.81,-6.430842427582553,-1.4846769586695083
2012-05-25 01:00:00,4.8,117,-9.97472,-68.81,-4.276831316104166,2.179154398749824
2012-05-25 02:00:00,5.4,132,-9.97472,-68.81,-4.012982057577929,3.6133052743378347
2012-05-25 03:00:00,4.6,129,-9.97472,-68.81,-3.5748714227020666,2.894873798829251
2012-05-25 04:00:00,4.5,104,-9.97472,-68.81,-4.366330768241984,1.088648530198505
2012-05-25 05:00:00,5.4,110,-9.97472,-68.81,-5.074340152243906,1.8469087739586112
2012-05-25 06:00:00,6.4,128,-9.97472,-68.81,-5.043268823083022,3.9402334420842133
2012-05-25 07:00:00,3.4,108,-9.97472,-68.81,-3.2335921554035223,1.050657780874821
2012-05-25 08:00:00,5.9,133,-9.97472,-68.81,-4.314986839553106,4.023790324368741
2012-05-25 09:00:00,6.4,142,-9.97472,-68.81,-3.9402334420842138,5.043268823083021
2012-05-25 10:00:00,6.1,140,-9.97472,-68.81,-3.9210044190878905,4.672871103025765
2012-05-25 11:00:00,4.3,132,-9.97472,-68.81,-3.195522749552795,2.8772616073430903
2012-05-25 12:00:00,3.1,111,-9.97472,-68.81,-2.8940993221413254,1.1109406435904308
2012-05-25 13:00:00,2.6,106,-9.97472,-68.81,-2.499280409439629,0.7166571251241975
2012-05-25 14:00:00,3.3,84,-9.97472,-68.81,-3.2819222547153015,-0.3449439287832564
2012-05-25 15:00:00,4.0,90,-9.97472,-68.81,-4.0,-2.4492935982947064e-16
2012-05-25 16:00:00,3.6,90,-9.97472,-68.81,-3.6,-2.2043642384652358e-16
2012-05-25 17:00:00,5.2,124,-9.97472,-68.81,-4.3109953772862175,2.907803098047883
2012-05-25 18:00:00,4.6,135,-9.97472,-68.81,-3.2526911934581184,3.252691193458118
2012-05-25 19:00:00,1.5,45,-9.97472,-68.81,-1.0606601717798212,-1.0606601717798214
2012-05-25 20:00:00,2.3,18,-9.97472,-68.81,-0.710739087062379,-2.1874299874788528
2012-05-25 21:00:00,1.9,22,-9.97472,-68.81,-0.7117525274902328,-1.761649323676896
2012-05-25 22:00:00,1.8,143,-9.97472,-68.81,-1.0832670416736867,1.4375439180851273
2012-05-25 23:00:00,1.9,158,-9.97472,-68.81,-0.7117525274902332,1.7616493236768958
2012-05-26 00:00:00,2.3,141,-9.97472,-68.81,-1.4474368994146258,1.7874357113510329
2012-05-26 01:00:00,2.9,150,-9.97472,-68.81,-1.4499999999999997,2.511473670974872
2012-05-26 02:00:00,3.4,162,-9.97472,-68.81,-1.0506577808748214,3.233592155403522
2012-05-26 03:00:00,3.1,159,-9.97472,-68.81,-1.1109406435904308,2.8940993221413254
2012-05-26 04:00:00,2.9,150,-9.97472,-68.81,-1.4499999999999997,2.511473670974872
2012-05-26 05:00:00,2.0,135,-9.97472,-68.81,-1.4142135623730951,1.414213562373095
2012-05-26 06:00:00,2.0,135,-9.97472,-68.81,-1.4142135623730951,1.414213562373095
2012-05-26 07:00:00,2.6,146,-9.97472,-68.81,-1.453901549023942,2.1554976886431083
2012-05-26 08:00:00,1.6,117,-9.97472,-68.81,-1.4256104387013888,0.7263847995832747
2012-05-26 09:00:00,2.2,81,-9.97472,-68.81,-2.1729143493093033,-0.34415582308850806
2012-05-26 10:00:00,3.1,45,-9.97472,-68.81,-2.192031021678297,-2.1920310216782974
2012-05-26 11:00:00,3.8,41,-9.97472,-68.81,-2.4930243101639276,-2.8678964048465336
2012-05-26 12:00:00,4.5,29,-9.97472,-68.81,-2.1816432911085166,-3.935788682127281
2012-05-26 13:00:00,5.2,12,-9.97472,-68.81,-1.0811407922523486,-5.08636752381579
2012-05-26 14:00:00,5.8,4,-9.97472,-68.81,-0.40458754771592675,-5.78587149150698
2012-05-26 15:00:00,5.0,360,-9.97472,-68.81,1.2246467991473533e-15,-5.0
2012-05-26 16:00:00,4.0,5,-9.97472,-68.81,-0.34862297099063266,-3.984778792366982
2012-05-26 17:00:00,3.7,11,-9.97472,-68.81,-0.7059932828932158,-3.632020578756357
2012-05-26 18:00:00,4.0,10,-9.97472,-68.81,-0.6945927106677213,-3.939231012048832
2012-05-26 19:00:00,2.9,30,-9.97472,-68.81,-1.4499999999999997,-2.511473670974872
2012-05-26 20:00:00,6.0,25,-9.97472,-68.81,-2.5357095704441965,-5.437846722219899
2012-05-26 21:00:00,6.0,25,-9.97472,-68.81,-2.5357095704441965,-5.437846722219899
2012-05-26 22:00:00,5.6,40,-9.97472,-68.81,-3.5996106142446194,-4.289848881466277
2012-05-26 23:00:00,5.9,43,-9.97472,-68.81,-4.023790324368742,-4.314986839553106
2012-05-27 00:00:00,5.4,37,-9.97472,-68.81,-3.2498011250210608,-4.312631754255381
2012-05-27 01:00:00,6.8,25,-9.97472,-68.81,-2.873804179836756,-6.162892951849219
2012-05-27 02:00:00,6.8,18,-9.97472,-68.81,-2.1013155617496424,-6.467184310807044
2012-05-27 03:00:00,6.5,6,-9.97472,-68.81,-0.6794350112397476,-6.4643923198937765
2012-05-27 04:00:00,5.4,360,-9.97472,-68.81,1.3226185430791415e-15,-5.4
2012-05-27 05:00:00,5.1,356,-9.97472,-68.81,0.3557580160950407,-5.087576656325103
2012-05-27 06:00:00,5.1,356,-9.97472,-68.81,0.3557580160950407,-5.087576656325103
2012-05-27 07:00:00,5.0,330,-9.97472,-68.81,2.500000000000002,-4.330127018922192
2012-05-27 08:00:00,5.2,335,-9.97472,-68.81,2.1976149610516362,-4.71280049259058
2012-05-27 09:00:00,5.6,333,-9.97472,-68.81,2.542346798541463,-4.989636535454859
2012-05-27 10:00:00,5.5,337,-9.97472,-68.81,2.1490212066910064,-5.062776693988422
2012-05-27 11:00:00,5.8,338,-9.97472,-68.81,2.1727182418122917,-5.377666356487366
2012-05-27 12:00:00,6.5,341,-9.97472,-68.81,2.1161930039715187,-6.1458707413955596
2012-05-27 13:00:00,6.2,339,-9.97472,-68.81,2.2218812871808646,-5.78819864428265
2012-05-27 14:00:00,6.0,343,-9.97472,-68.81,1.7542302283364228,-5.7378285357782115
2012-05-27 15:00:00,5.9,346,-9.97472,-68.81,1.4273391840380405,-5.7247447850283795
2012-05-27 16:00:00,5.1,352,-9.97472,-68.81,0.709782814896336,-5.050367150582008
2012-05-27 17:00:00,2.9,330,-9.97472,-68.81,1.4500000000000013,-2.5114736709748713
2012-05-27 18:00:00,4.0,63,-9.97472,-68.81,-3.564026096753471,-1.8159619989581872
2012-05-27 19:00:00,3.3,84,-9.97472,-68.81,-3.2819222547153015,-0.3449439287832564
2012-05-27 20:00:00,4.4,81,-9.97472,-68.81,-4.3458286986186065,-0.6883116461770161
2012-05-27 21:00:00,5.1,51,-9.97472,-68.81,-3.963444403430551,-3.209533994354171
2012-05-27 22:00:00,4.2,20,-9.97472,-68.81,-1.4364846019678086,-3.9467090073008158
2012-05-27 23:00:00,4.7,4,-9.97472,-68.81,-0.3278554265973889,-4.688551036221174
2012-05-28 00:00:00,5.0,360,-9.97472,-68.81,1.2246467991473533e-15,-5.0
2012-05-28 01:00:00,4.4,351,-9.97472,-68.81,0.688311646177017,-4.345828698618606
2012-05-28 02:00:00,5.0,339,-9.97472,-68.81,1.7918397477265038,-4.667902132486008
2012-05-28 03:00:00,4.3,336,-9.97472,-68.81,1.7489675652259407,-3.928245467863184
2012-05-28 04:00:00,3.9,338,-9.97472,-68.81,1.460965714322058,-3.6160170328104706
2012-05-28 05:00:00,3.9,338,-9.97472,-68.81,1.460965714322058,-3.6160170328104706
2012-05-28 06:00:00,4.2,340,-9.97472,-68.81,1.4364846019678081,-3.9467090073008158
2012-05-28 07:00:00,4.0,360,-9.97472,-68.81,9.797174393178826e-16,-4.0
2012-05-28 08:00:00,3.6,6,-9.97472,-68.81,-0.37630246776355253,-3.580278823325784
2012-05-28 09:00:00,2.9,353,-9.97472,-68.81,0.3534210958749269,-2.878383839759834
2012-05-28 10:00:00,1.9,338,-9.97472,-68.81,0.7117525274902334,-1.7616493236768958
2012-05-28 11:00:00,2.3,342,-9.97472,-68.81,0.7107390870623794,-2.1874299874788528
2012-05-28 12:00:00,2.7,337,-9.97472,-68.81,1.0549740469210396,-2.4853631043215887
2012-05-28 13:00:00,3.2,333,-9.97472,-68.81,1.4527695991665504,-2.851220877402777
2012-05-28 14:00:00,2.7,337,-9.97472,-68.81,1.0549740469210396,-2.4853631043215887
2012-05-28 15:00:00,2.5,352,-9.97472,-68.81,0.3479327524001647,-2.475670171853926
2012-05-28 16:00:00,3.1,21,-9.97472,-68.81,-1.1109406435904308,-2.8940993221413254
2012-05-28 17:00:00,1.8,53,-9.97472,-68.81,-1.437543918085127,-1.0832670416736871
2012-05-28 18:00:00,2.9,83,-9.97472,-68.81,-2.8783838397598336,-0.3534210958749277
2012-05-28 19:00:00,1.1,288,-9.97472,-68.81,1.046162167924669,-0.339918693812442
2012-05-28 20:00:00,3.4,328,-9.97472,-68.81,1.801725498392897,-2.883363526931848
2012-05-28 21:00:00,4.4,9,-9.97472,-68.81,-0.6883116461770159,-4.3458286986186065
2012-05-28 22:00:00,4.3,42,-9.97472,-68.81,-2.8772616073430903,-3.195522749552795
2012-05-28 23:00:00,5.5,58,-9.97472,-68.81,-4.664264528860342,-2.914555953282627
2012-05-29 00:00:00,6.3,59,-9.97472,-68.81,-5.400153994423308,-3.244739871933341
2012-05-29 01:00:00,4.8,63,-9.97472,-68.81,-4.276831316104166,-2.1791543987498248
2012-05-29 02:00:00,4.7,67,-9.97472,-68.81,-4.32637281122647,-1.8364363038995866
2012-05-29 03:00:00,5.0,69,-9.97472,-68.81,-4.667902132486009,-1.791839747726502
2012-05-29 04:00:00,5.0,69,-9.97472,-68.81,-4.667902132486009,-1.791839747726502
2012-05-29 05:00:00,4.0,63,-9.97472,-68.81,-3.564026096753471,-1.8159619989581872
2012-05-29 06:00:00,4.2,59,-9.97472,-68.81,-3.600102662948872,-2.1631599146222276
2012-05-29 07:00:00,5.7,55,-9.97472,-68.81,-4.669166652447253,-3.269385687200963
2012-05-29 08:00:00,4.3,42,-9.97472,-68.81,-2.8772616073430903,-3.195522749552795
2012-05-29 09:00:00,3.8,41,-9.97472,-68.81,-2.4930243101639276,-2.8678964048465336
2012-05-29 10:00:00,2.6,34,-9.97472,-68.81,-1.453901549023942,-2.1554976886431083
2012-05-29 11:00:00,3.7,29,-9.97472,-68.81,-1.7937955949114472,-3.2360929164157644
2012-05-29 12:00:00,5.0,21,-9.97472,-68.81,-1.7918397477265013,-4.667902132486009
2012-05-29 13:00:00,5.2,12,-9.97472,-68.81,-1.0811407922523486,-5.08636752381579
2012-05-29 14:00:00,4.4,9,-9.97472,-68.81,-0.6883116461770159,-4.3458286986186065
2012-05-29 15:00:00,3.3,6,-9.97472,-68.81,-0.3449439287832564,-3.2819222547153015
2012-05-29 16:00:00,2.9,7,-9.97472,-68.81,-0.35342109587492765,-2.8783838397598336
2012-05-29 17:00:00,2.7,67,-9.97472,-68.81,-2.485363104321589,-1.0549740469210391
2012-05-29 18:00:00,2.0,225,-9.97472,-68.81,1.414213562373095,1.4142135623730954
2012-05-29 19:00:00,1.8,349,-9.97472,-68.81,0.3434561916777804,-1.7669289302057951
2012-05-29 20:00:00,1.3,124,-9.97472,-68.81,-1.0777488443215544,0.7269507745119708
2012-05-29 21:00:00,2.9,120,-9.97472,-68.81,-2.511473670974872,1.4499999999999993
2012-05-29 22:00:00,3.3,77,-9.97472,-68.81,-3.2154212137912763,-0.7423384793347542
2012-05-29 23:00:00,4.1,38,-9.97472,-68.81,-2.524212048835199,-3.2308440897875594
2012-05-30 00:00:00,5.0,21,-9.97472,-68.81,-1.7918397477265013,-4.667902132486009
2012-05-30 01:00:00,3.7,11,-9.97472,-68.81,-0.7059932828932158,-3.632020578756357
2012-05-30 02:00:00,0.8,297,-9.97472,-68.81,0.7128052193506944,-0.3631923997916373
2012-05-30 03:00:00,1.6,243,-9.97472,-68.81,1.4256104387013886,0.7263847995832751
2012-05-30 04:00:00,2.3,252,-9.97472,-68.81,2.1874299874788528,0.7107390870623793
2012-05-30 05:00:00,2.6,254,-9.97472,-68.81,2.4992804094396295,0.7166571251241971
2012-05-30 06:00:00,2.5,225,-9.97472,-68.81,1.7677669529663687,1.7677669529663693
2012-05-30 07:00:00,2.0,225,-9.97472,-68.81,1.414213562373095,1.4142135623730954
2012-05-30 08:00:00,1.6,243,-9.97472,-68.81,1.4256104387013886,0.7263847995832751
2012-05-30 09:00:00,1.6,243,-9.97472,-68.81,1.4256104387013886,0.7263847995832751
2012-05-30 10:00:00,1.4,270,-9.97472,-68.81,1.4,2.5717582782094415e-16
2012-05-30 11:00:00,1.5,284,-9.97472,-68.81,1.4554435894139948,-0.36288284339950116
2012-05-30 12:00:00,2.8,310,-9.97472,-68.81,2.1449244407331385,-1.7998053071223097
2012-05-30 13:00:00,3.3,319,-9.97472,-68.81,2.164994795668674,-2.490541614735147
2012-05-30 14:00:00,3.1,315,-9.97472,-68.81,2.192031021678298,-2.192031021678297
2012-05-30 15:00:00,2.6,304,-9.97472,-68.81,2.1554976886431083,-1.4539015490239422
2012-05-30 16:00:00,1.3,214,-9.97472,-68.81,0.7269507745119708,1.0777488443215544
2012-05-30 17:00:00,2.5,188,-9.97472,-68.81,0.3479327524001638,2.475670171853926
2012-05-30 18:00:00,0.5,135,-9.97472,-68.81,-0.3535533905932738,0.35355339059327373
2012-05-30 19:00:00,1.1,162,-9.97472,-68.81,-0.3399186938124423,1.0461621679246689
2012-05-30 20:00:00,3.8,131,-9.97472,-68.81,-2.867896404846534,2.493024310163927
2012-05-30 21:00:00,4.5,119,-9.97472,-68.81,-3.9357886821272814,2.1816432911085166
2012-05-30 22:00:00,4.3,95,-9.97472,-68.81,-4.283637201794505,0.3747696938149304
2012-05-30 23:00:00,4.3,95,-9.97472,-68.81,-4.283637201794505,0.3747696938149304
2012-05-31 00:00:00,4.6,72,-9.97472,-68.81,-4.3748599749577055,-1.4214781741247582
2012-05-31 01:00:00,4.0,63,-9.97472,-68.81,-3.564026096753471,-1.8159619989581872
2012-05-31 02:00:00,3.1,54,-9.97472,-68.81,-2.5079526825623373,-1.8221342821066668
2012-05-31 03:00:00,0.7,270,-9.97472,-68.81,0.7,1.2858791391047207e-16
2012-05-31 04:00:00,1.8,259,-9.97472,-68.81,1.7669289302057951,0.3434561916777803
2012-05-31 05:00:00,2.3,288,-9.97472,-68.81,2.187429987478853,-0.7107390870623785
2012-05-31 06:00:00,2.0,315,-9.97472,-68.81,1.4142135623730954,-1.4142135623730947
2012-05-31 07:00:00,1.6,297,-9.97472,-68.81,1.4256104387013888,-0.7263847995832746
2012-05-31 08:00:00,1.9,292,-9.97472,-68.81,1.761649323676896,-0.7117525274902327
2012-05-31 09:00:00,2.3,288,-9.97472,-68.81,2.187429987478853,-0.7107390870623785
2012-05-31 10:00:00,1.8,307,-9.97472,-68.81,1.4375439180851275,-1.0832670416736863
2012-05-31 11:00:00,2.0,315,-9.97472,-68.81,1.4142135623730954,-1.4142135623730947
2012-05-31 12:00:00,1.8,349,-9.97472,-68.81,0.3434561916777804,-1.7669289302057951
2012-05-31 13:00:00,1.9,22,-9.97472,-68.81,-0.7117525274902328,-1.761649323676896
2012-05-31 14:00:00,0.8,63,-9.97472,-68.81,-0.7128052193506943,-0.3631923997916375
2012-05-31 15:00:00,1.1,162,-9.97472,-68.81,-0.3399186938124423,1.0461621679246689
2012-05-31 16:00:00,3.7,241,-9.97472,-68.81,3.2360929164157652,1.7937955949114464
2012-05-31 17:00:00,4.1,232,-9.97472,-68.81,3.2308440897875603,2.524212048835198
2012-05-31 18:00:00,3.6,233,-9.97472,-68.81,2.875087836170254,2.166534083347374
2012-05-31 19:00:00,2.4,27,-9.97472,-68.81,-1.0895771993749122,-2.138415658052083
2012-05-31 20:00:00,5.2,12,-9.97472,-68.81,-1.0811407922523486,-5.08636752381579
2012-05-31 21:00:00,5.8,7,-9.97472,-68.81,-0.7068421917498553,-5.756767679519667
2012-05-31 22:00:00,4.0,355,-9.97472,-68.81,0.3486229709906333,-3.984778792366982
2012-05-31 23:00:00,3.9,338,-9.97472,-68.81,1.460965714322058,-3.6160170328104706
2012-06-01 00:00:00,3.5,336,-9.97472,-68.81,1.4235782507653005,-3.1974091017491033
2012-06-01 01:00:00,4.0,360,-9.97472,-68.81,9.797174393178826e-16,-4.0
2012-06-01 02:00:00,3.7,349,-9.97472,-68.81,0.7059932828932153,-3.632020578756357
2012-06-01 03:00:00,2.3,321,-9.97472,-68.81,1.447436899414627,-1.7874357113510322
2012-06-01 04:00:00,1.1,252,-9.97472,-68.81,1.0461621679246689,0.33991869381244233
2012-06-01 05:00:00,0.7,270,-9.97472,-68.81,0.7,1.2858791391047207e-16
2012-06-01 06:00:00,0.4,180,-9.97472,-68.81,-4.898587196589413e-17,0.4
2012-06-01 07:00:00,0.8,207,-9.97472,-68.81,0.36319239979163737,0.7128052193506944
2012-06-01 08:00:00,1.3,214,-9.97472,-68.81,0.7269507745119708,1.0777488443215544
2012-06-01 09:00:00,1.0,225,-9.97472,-68.81,0.7071067811865475,0.7071067811865477
2012-06-01 10:00:00,0.8,207,-9.97472,-68.81,0.36319239979163737,0.7128052193506944
2012-06-01 11:00:00,0.8,207,-9.97472,-68.81,0.36319239979163737,0.7128052193506944
2012-06-01 12:00:00,0.7,180,-9.97472,-68.81,-8.572527594031472e-17,0.7
2012-06-01 13:00:00,0.7,180,-9.97472,-68.81,-8.572527594031472e-17,0.7
2012-06-01 14:00:00,1.1,198,-9.97472,-68.81,0.33991869381244205,1.046162167924669
2012-06-01 15:00:00,0.0,270,-9.97472,-68.81,0.0,0.0
2012-06-01 16:00:00,1.1,288,-9.97472,-68.81,1.046162167924669,-0.339918693812442
2012-06-01 17:00:00,3.3,174,-9.97472,-68.81,-0.3449439287832573,3.2819222547153015
2012-06-01 18:00:00,2.7,157,-9.97472,-68.81,-1.0549740469210394,2.485363104321589
2012-06-01 19:00:00,1.8,281,-9.97472,-68.81,1.766928930205795,-0.3434561916777812
2012-06-01 20:00:00,2.5,188,-9.97472,-68.81,0.3479327524001638,2.475670171853926
2012-06-01 21:00:00,3.0,104,-9.97472,-68.81,-2.9108871788279895,0.7257656867990033
2012-06-01 22:00:00,3.6,96,-9.97472,-68.81,-3.580278823325784,0.3763024677635528
2012-06-01 23:00:00,4.0,95,-9.97472,-68.81,-3.984778792366982,0.34862297099063294
2012-06-02 00:00:00,3.8,107,-9.97472,-68.81,-3.633958072659535,1.1110124779463992
2012-06-02 01:00:00,2.9,97,-9.97472,-68.81,-2.878383839759834,0.35342109587492737
2012-06-02 02:00:00,1.8,53,-9.97472,-68.81,-1.437543918085127,-1.0832670416736871
2012-06-02 03:00:00,0.7,360,-9.97472,-68.81,1.7145055188062944e-16,-0.7
2012-06-02 04:00:00,0.5,225,-9.97472,-68.81,0.35355339059327373,0.35355339059327384
2012-06-02 05:00:00,0.8,243,-9.97472,-68.81,0.7128052193506943,0.36319239979163753
2012-06-02 06:00:00,1.1,252,-9.97472,-68.81,1.0461621679246689,0.33991869381244233
2012-06-02 07:00:00,0.7,270,-9.97472,-68.81,0.7,1.2858791391047207e-16
2012-06-02 08:00:00,0.5,225,-9.97472,-68.81,0.35355339059327373,0.35355339059327384
2012-06-02 09:00:00,1.1,270,-9.97472,-68.81,1.1,2.0206672185931328e-16
2012-06-02 10:00:00,1.8,270,-9.97472,-68.81,1.8,3.3065463576978537e-16
2012-06-02 11:00:00,2.2,279,-9.97472,-68.81,2.1729143493093033,-0.3441558230885075
2012-06-02 12:00:00,2.5,278,-9.97472,-68.81,2.475670171853926,-0.34793275240016364
2012-06-02 13:00:00,2.9,277,-9.97472,-68.81,2.8783838397598336,-0.35342109587492826
2012-06-02 14:00:00,3.3,276,-9.97472,-68.81,3.281922254715302,-0.3449439287832548
2012-06-02 15:00:00,3.2,270,-9.97472,-68.81,3.2,5.878304635907295e-16
2012-06-02 16:00:00,4.3,270,-9.97472,-68.81,4.3,7.898971854500428e-16
2012-06-02 17:00:00,2.7,247,-9.97472,-68.81,2.4853631043215887,1.0549740469210394
2012-06-02 18:00:00,1.8,143,-9.97472,-68.81,-1.0832670416736867,1.4375439180851273
2012-06-02 19:00:00,4.0,333,-9.97472,-68.81,1.8159619989581879,-3.564026096753471
2012-06-02 20:00:00,5.1,321,-9.97472,-68.81,3.2095339943541727,-3.96344440343055
2012-06-02 21:00:00,4.3,312,-9.97472,-68.81,3.1955227495527967,-2.8772616073430886
2012-06-02 22:00:00,3.9,326,-9.97472,-68.81,2.1808523235359116,-3.233246532964663
2012-06-02 23:00:00,5.2,348,-9.97472,-68.81,1.0811407922523513,-5.086367523815789
2012-06-03 00:00:00,5.4,352,-9.97472,-68.81,0.7515347451843558,-5.34744757120448
2012-06-03 01:00:00,5.0,339,-9.97472,-68.81,1.7918397477265038,-4.667902132486008
2012-06-03 02:00:00,5.5,328,-9.97472,-68.81,2.9145559532826275,-4.664264528860342
2012-06-03 03:00:00,5.1,315,-9.97472,-68.81,3.606244584051393,-3.606244584051391
2012-06-03 04:00:00,4.8,312,-9.97472,-68.81,3.5670951622914937,-3.2118269105225172
2012-06-03 05:00:00,4.6,315,-9.97472,-68.81,3.2526911934581193,-3.2526911934581175
2012-06-03 06:00:00,4.3,318,-9.97472,-68.81,2.87726160734309,-3.195522749552795
2012-06-03 07:00:00,4.8,318,-9.97472,-68.81,3.211826910522519,-3.5670951622914924
2012-06-03 08:00:00,4.3,318,-9.97472,-68.81,2.87726160734309,-3.195522749552795
2012-06-03 09:00:00,4.1,315,-9.97472,-68.81,2.8991378028648453,-2.899137802864844
2012-06-03 10:00:00,4.1,315,-9.97472,-68.81,2.8991378028648453,-2.899137802864844
2012-06-03 11:00:00,4.6,315,-9.97472,-68.81,3.2526911934581193,-3.2526911934581175
2012-06-03 12:00:00,6.1,320,-9.97472,-68.81,3.9210044190878914,-4.672871103025765
2012-06-03 13:00:00,6.6,319,-9.97472,-68.81,4.329989591337348,-4.981083229470294
2012-06-03 14:00:00,7.1,319,-9.97472,-68.81,4.658019105832603,-5.35843801958168
2012-06-03 15:00:00,5.6,310,-9.97472,-68.81,4.289848881466277,-3.5996106142446194
2012-06-03 16:00:00,4.8,347,-9.97472,-68.81,1.0797650608505536,-4.6769763109691285
2012-06-03 17:00:00,8.2,337,-9.97472,-68.81,3.2039952536120455,-7.548139798310009
2012-06-03 18:00:00,7.0,325,-9.97472,-68.81,4.015035054457325,-5.734064310022941
2012-06-03 19:00:00,5.6,333,-9.97472,-68.81,2.542346798541463,-4.989636535454859
2012-06-03 20:00:00,4.3,360,-9.97472,-68.81,1.0531962472667237e-15,-4.3
2012-06-03 21:00:00,4.0,350,-9.97472,-68.81,0.6945927106677215,-3.939231012048832
2012-06-03 22:00:00,5.4,356,-9.97472,-68.81,0.37668495821827847,-5.386845871403051
2012-06-03 23:00:00,7.2,3,-9.97472,-68.81,-0.37681888494919563,-7.190132650232932
2012-06-04 00:00:00,7.9,360,-9.97472,-68.81,1.934941942652818e-15,-7.9
2012-06-04 01:00:00,8.0,352,-9.97472,-68.81,1.113384807680527,-7.922144549932562
2012-06-04 02:00:00,7.3,340,-9.97472,-68.81,2.4967470462773806,-6.859756131737131
2012-06-04 03:00:00,7.8,338,-9.97472,-68.81,2.921931428644116,-7.232034065620941
2012-06-04 04:00:00,7.8,338,-9.97472,-68.81,2.921931428644116,-7.232034065620941
2012-06-04 05:00:00,8.2,337,-9.97472,-68.81,3.2039952536120455,-7.548139798310009
2012-06-04 06:00:00,8.2,331,-9.97472,-68.81,3.9754388860199623,-7.171881598543045
2012-06-04 07:00:00,8.4,329,-9.97472,-68.81,4.326319829244458,-7.200205325897742
2012-06-04 08:00:00,8.1,328,-9.97472,-68.81,4.292346040288961,-6.86918957886705
2012-06-04 09:00:00,7.6,335,-9.97472,-68.81,3.211898789229314,-6.88793918147854
2012-06-04 10:00:00,7.6,335,-9.97472,-68.81,3.211898789229314,-6.88793918147854
2012-06-04 11:00:00,8.9,333,-9.97472,-68.81,4.040515447681968,-7.929958065276474
2012-06-04 12:00:00,11.3,329,-9.97472,-68.81,5.819930246483616,-9.685990497933867
2012-06-04 13:00:00,12.2,326,-9.97472,-68.81,6.822153422343108,-10.11425838517151
2012-06-04 14:00:00,11.7,326,-9.97472,-68.81,6.542556970607735,-9.69973959889399
2012-06-04 15:00:00,10.3,331,-9.97472,-68.81,4.99353908853727,-9.008582983535778
2012-06-04 16:00:00,9.4,337,-9.97472,-68.81,3.6728726077991745,-8.652745622452938
2012-06-04 17:00:00,6.1,310,-9.97472,-68.81,4.672871103025766,-3.921004419087889
2012-06-04 18:00:00,4.0,360,-9.97472,-68.81,9.797174393178826e-16,-4.0
2012-06-04 19:00:00,4.0,355,-9.97472,-68.81,0.3486229709906333,-3.984778792366982
2012-06-04 20:00:00,6.3,347,-9.97472,-68.81,1.4171916423663515,-6.1385314081469815
2012-06-04 21:00:00,7.8,347,-9.97472,-68.81,1.7546182238821495,-7.600086505324834
2012-06-04 22:00:00,7.6,335,-9.97472,-68.81,3.211898789229314,-6.88793918147854
2012-06-04 23:00:00,7.3,327,-9.97472,-68.81,3.9758649556096968,-6.122295146001595
2012-06-05 00:00:00,6.8,328,-9.97472,-68.81,3.603450996785794,-5.766727053863696
2012-06-05 01:00:00,6.8,328,-9.97472,-68.81,3.603450996785794,-5.766727053863696
2012-06-05 02:00:00,6.6,338,-9.97472,-68.81,2.4724035165450213,-6.119413440140796
2012-06-05 03:00:00,7.3,340,-9.97472,-68.81,2.4967470462773806,-6.859756131737131
2012-06-05 04:00:00,7.2,342,-9.97472,-68.81,2.224922359499623,-6.8476069173251055
2012-06-05 05:00:00,7.0,339,-9.97472,-68.81,2.508575646817105,-6.535062985480411
2012-06-05 06:00:00,6.1,332,-9.97472,-68.81,2.8637765329939335,-5.385980316439453
2012-06-05 07:00:00,7.6,335,-9.97472,-68.81,3.211898789229314,-6.88793918147854
2012-06-05 08:00:00,8.0,333,-9.97472,-68.81,3.6319239979163758,-7.128052193506942
2012-06-05 09:00:00,7.4,337,-9.97472,-68.81,2.891410350820627,-6.811735915548058
2012-06-05 10:00:00,6.8,342,-9.97472,-68.81,2.1013155617496437,-6.467184310807044
2012-06-05 11:00:00,7.6,341,-9.97472,-68.81,2.474317973874391,-7.185941174554808
2012-06-05 12:00:00,8.7,336,-9.97472,-68.81,3.538608794759461,-7.947845481490628
2012-06-05 13:00:00,9.5,331,-9.97472,-68.81,4.6056913923402005,-8.30888721782426
2012-06-05 14:00:00,8.9,328,-9.97472,-68.81,4.716281451675525,-7.547628055792192
2012-06-05 15:00:00,8.0,342,-9.97472,-68.81,2.472135954999581,-7.608452130361228
2012-06-05 16:00:00,6.1,332,-9.97472,-68.81,2.8637765329939335,-5.385980316439453
2012-06-05 17:00:00,3.3,354,-9.97472,-68.81,0.34494392878325625,-3.2819222547153015
2012-06-05 18:00:00,2.4,297,-9.97472,-68.81,2.1384156580520832,-1.089577199374912
2012-06-05 19:00:00,1.9,158,-9.97472,-68.81,-0.7117525274902332,1.7616493236768958
2012-06-05 20:00:00,2.6,146,-9.97472,-68.81,-1.453901549023942,2.1554976886431083
2012-06-05 21:00:00,4.9,126,-9.97472,-68.81,-3.9641832724372428,2.880147736233118
2012-06-05 22:00:00,4.4,145,-9.97472,-68.81,-2.5237363199446023,3.6042689948715645
2012-06-05 23:00:00,5.3,118,-9.97472,-68.81,-4.679622242152313,2.4881992827652217
2012-06-06 00:00:00,5.5,113,-9.97472,-68.81,-5.062776693988422,2.149021206691006
2012-06-06 01:00:00,4.1,128,-9.97472,-68.81,-3.23084408978756,2.524212048835199
2012-06-06 02:00:00,4.1,128,-9.97472,-68.81,-3.23084408978756,2.524212048835199
2012-06-06 03:00:00,5.4,138,-9.97472,-68.81,-3.613305274337835,4.012982057577928
2012-06-06 04:00:00,6.6,151,-9.97472,-68.81,-3.1997434936258253,5.772490067120011
2012-06-06 05:00:00,6.5,146,-9.97472,-68.81,-3.634753872559855,5.38874422160777
2012-06-06 06:00:00,7.0,125,-9.97472,-68.81,-5.734064310022942,4.015035054457323
2012-06-06 07:00:00,6.1,93,-9.97472,-68.81,-6.0916401620029,0.3192493330819574
2012-06-06 08:00:00,4.8,103,-9.97472,-68.81,-4.676976310969129,1.079765060850552
2012-06-06 09:00:00,6.2,111,-9.97472,-68.81,-5.788198644282651,2.2218812871808615
2012-06-06 10:00:00,5.4,110,-9.97472,-68.81,-5.074340152243906,1.8469087739586112
2012-06-06 11:00:00,4.4,99,-9.97472,-68.81,-4.3458286986186065,0.6883116461770157
2012-06-06 12:00:00,4.0,85,-9.97472,-68.81,-3.984778792366982,-0.34862297099063255
2012-06-06 13:00:00,3.0,76,-9.97472,-68.81,-2.9108871788279895,-0.725765686799003
2012-06-06 14:00:00,2.6,74,-9.97472,-68.81,-2.499280409439629,-0.7166571251241979
2012-06-06 15:00:00,5.2,56,-9.97472,-68.81,-4.3109953772862175,-2.9078030980478835
2012-06-06 16:00:00,3.8,73,-9.97472,-68.81,-3.6339580726595346,-1.1110124779463997
2012-06-06 17:00:00,2.4,153,-9.97472,-68.81,-1.0895771993749124,2.138415658052083
2012-06-06 18:00:00,3.1,135,-9.97472,-68.81,-2.1920310216782974,2.192031021678297
2012-06-06 19:00:00,4.1,142,-9.97472,-68.81,-2.5242120488351993,3.2308440897875594
2012-06-06 20:00:00,4.4,125,-9.97472,-68.81,-3.6042689948715636,2.5237363199446032
2012-06-06 21:00:00,6.5,124,-9.97472,-68.81,-5.388744221607771,3.6347538725598536
2012-06-06 22:00:00,7.4,133,-9.97472,-68.81,-5.412017391981863,5.046787864462488
2012-06-06 23:00:00,7.5,125,-9.97472,-68.81,-6.143640332167438,4.301823272632846
2012-06-07 00:00:00,7.5,125,-9.97472,-68.81,-6.143640332167438,4.301823272632846
2012-06-07 01:00:00,7.1,135,-9.97472,-68.81,-5.020458146424487,5.020458146424486
2012-06-07 02:00:00,7.5,145,-9.97472,-68.81,-4.301823272632845,6.14364033216744
2012-06-07 03:00:00,8.2,142,-9.97472,-68.81,-5.048424097670399,6.461688179575119
2012-06-07 04:00:00,9.3,144,-9.97472,-68.81,-5.466402846320002,7.5238580476870105
2012-06-07 05:00:00,9.2,141,-9.97472,-68.81,-5.789747597658503,7.149742845404131
2012-06-07 06:00:00,10.2,141,-9.97472,-68.81,-6.419067988708341,7.926888806861102
2012-06-07 07:00:00,10.2,141,-9.97472,-68.81,-6.419067988708341,7.926888806861102
2012-06-07 08:00:00,10.5,149,-9.97472,-68.81,-5.407899786555571,9.000256657372178
2012-06-07 09:00:00,11.4,152,-9.97472,-68.81,-5.351975815759154,10.065602558591769
2012-06-07 10:00:00,13.6,148,-9.97472,-68.81,-7.206901993571586,11.533454107727392
2012-06-07 11:00:00,14.7,152,-9.97472,-68.81,-6.901231972952593,12.979329615026225
2012-06-07 12:00:00,17.3,157,-9.97472,-68.81,-6.7596485228644365,15.924733964727219
2012-06-07 13:00:00,16.6,156,-9.97472,-68.81,-6.751828275058288,15.164854596867174
2012-06-07 14:00:00,19.6,154,-9.97472,-68.81,-8.592074477065916,17.616363307463676
2012-06-07 15:00:00,17.7,153,-9.97472,-68.81,-8.035631845389979,15.770815478134109
2012-06-07 16:00:00,16.8,152,-9.97472,-68.81,-7.887122254802964,14.833519560029973
2012-06-07 17:00:00,17.1,150,-9.97472,-68.81,-8.549999999999999,14.809034404713904
2012-06-07 18:00:00,15.6,151,-9.97472,-68.81,-7.5630300758428595,13.644067431374573
2012-06-07 19:00:00,14.7,152,-9.97472,-68.81,-6.901231972952593,12.979329615026225
2012-06-07 20:00:00,14.5,153,-9.97472,-68.81,-6.58286224622343,12.919594600731333
2012-06-07 21:00:00,14.5,150,-9.97472,-68.81,-7.249999999999999,12.557368354874361
2012-06-07 22:00:00,13.6,148,-9.97472,-68.81,-7.206901993571586,11.533454107727392
2012-06-07 23:00:00,12.7,151,-9.97472,-68.81,-6.157082177128482,11.107670280670325
2012-06-08 00:00:00,12.4,154,-9.97472,-68.81,-5.435802220184558,11.145046174109671
2012-06-08 01:00:00,11.6,150,-9.97472,-68.81,-5.799999999999999,10.045894683899489
2012-06-08 02:00:00,11.2,147,-9.97472,-68.81,-6.099957192168305,9.393110360988748
2012-06-08 03:00:00,10.2,148,-9.97472,-68.81,-5.40517649517869,8.650090580795544
2012-06-08 04:00:00,9.7,149,-9.97472,-68.81,-4.995869326627527,8.314522816810488
2012-06-08 05:00:00,8.7,150,-9.97472,-68.81,-4.349999999999999,7.534421012924616
2012-06-08 06:00:00,7.7,152,-9.97472,-68.81,-3.6149310334513585,6.798696465013738
2012-06-08 07:00:00,8.7,150,-9.97472,-68.81,-4.349999999999999,7.534421012924616
2012-06-08 08:00:00,8.4,149,-9.97472,-68.81,-4.326319829244457,7.200205325897743
2012-06-08 09:00:00,8.7,150,-9.97472,-68.81,-4.349999999999999,7.534421012924616
2012-06-08 10:00:00,8.9,148,-9.97472,-68.81,-4.716281451675524,7.547628055792192
2012-06-08 11:00:00,8.1,148,-9.97472,-68.81,-4.29234604028896,6.86918957886705
2012-06-08 12:00:00,7.2,153,-9.97472,-68.81,-3.2687315981247376,6.415246974156248
2012-06-08 13:00:00,6.6,151,-9.97472,-68.81,-3.1997434936258253,5.772490067120011
2012-06-08 14:00:00,6.2,159,-9.97472,-68.81,-2.2218812871808615,5.788198644282651
2012-06-08 15:00:00,6.2,159,-9.97472,-68.81,-2.2218812871808615,5.788198644282651
2012-06-08 16:00:00,6.0,147,-9.97472,-68.81,-3.2678342100901636,5.032023407672543
2012-06-08 17:00:00,5.6,140,-9.97472,-68.81,-3.5996106142446207,4.289848881466276
2012-06-08 18:00:00,5.9,137,-9.97472,-68.81,-4.023790324368742,4.314986839553106
2012-06-08 19:00:00,5.2,155,-9.97472,-68.81,-2.1976149610516376,4.7128004925905795
2012-06-08 20:00:00,6.1,152,-9.97472,-68.81,-2.863776532993933,5.385980316439454
2012-06-08 21:00:00,7.1,150,-9.97472,-68.81,-3.5499999999999994,6.148780366869515
2012-06-08 22:00:00,7.6,149,-9.97472,-68.81,-3.914289369316413,6.514471485336053
2012-06-08 23:00:00,8.2,151,-9.97472,-68.81,-3.9754388860199645,7.171881598543044
2012-06-09 00:00:00,8.9,153,-9.97472,-68.81,-4.040515447681967,7.929958065276474
2012-06-09 01:00:00,9.0,157,-9.97472,-68.81,-3.5165801564034638,8.284543681071963
2012-06-09 02:00:00,8.7,156,-9.97472,-68.81,-3.5386087947594635,7.947845481490626
2012-06-09 03:00:00,7.6,155,-9.97472,-68.81,-3.211898789229316,6.887939181478539
2012-06-09 04:00:00,6.3,156,-9.97472,-68.81,-2.5624408513775427,5.755336383148385
2012-06-09 05:00:00,5.6,153,-9.97472,-68.81,-2.542346798541462,4.989636535454859
2012-06-09 06:00:00,5.8,150,-9.97472,-68.81,-2.8999999999999995,5.022947341949744
2012-06-09 07:00:00,7.6,155,-9.97472,-68.81,-3.211898789229316,6.887939181478539
2012-06-09 08:00:00,7.8,146,-9.97472,-68.81,-4.361704647071826,6.466493065929325
2012-06-09 09:00:00,7.6,149,-9.97472,-68.81,-3.914289369316413,6.514471485336053
2012-06-09 10:00:00,8.2,151,-9.97472,-68.81,-3.9754388860199645,7.171881598543044
2012-06-09 11:00:00,9.7,149,-9.97472,-68.81,-4.995869326627527,8.314522816810488
2012-06-09 12:00:00,10.7,132,-9.97472,-68.81,-7.951649632608118,7.159697488039782
2012-06-09 13:00:00,9.0,127,-9.97472,-68.81,-7.187719590425634,5.4163352083684355
2012-06-09 14:00:00,7.1,131,-9.97472,-68.81,-5.358438019581682,4.658019105832601
2012-06-09 15:00:00,6.1,140,-9.97472,-68.81,-3.9210044190878905,4.672871103025765
2012-06-09 16:00:00,6.3,149,-9.97472,-68.81,-3.2447398719333425,5.400153994423307
2012-06-09 17:00:00,5.8,158,-9.97472,-68.81,-2.172718241812291,5.377666356487366
2012-06-09 18:00:00,5.2,168,-9.97472,-68.81,-1.0811407922523484,5.08636752381579
2012-06-09 19:00:00,5.8,173,-9.97472,-68.81,-0.7068421917498557,5.756767679519667
2012-06-09 20:00:00,6.2,173,-9.97472,-68.81,-0.7555899291119148,6.153786140176196
2012-06-09 21:00:00,5.8,184,-9.97472,-68.81,0.4045875477159266,5.78587149150698
2012-06-09 22:00:00,5.4,188,-9.97472,-68.81,0.7515347451843538,5.34744757120448
2012-06-09 23:00:00,5.5,191,-9.97472,-68.81,1.049449474570996,5.3989495089621515
2012-06-10 00:00:00,5.5,191,-9.97472,-68.81,1.049449474570996,5.3989495089621515
2012-06-10 01:00:00,5.7,198,-9.97472,-68.81,1.7613968679371996,5.421022142882376
2012-06-10 02:00:00,5.2,196,-9.97472,-68.81,1.4333142502483949,4.998560818879258
2012-06-10 03:00:00,4.1,195,-9.97472,-68.81,1.0611580849203353,3.96029588778518
2012-06-10 04:00:00,4.0,207,-9.97472,-68.81,1.8159619989581868,3.5640260967534716
2012-06-10 05:00:00,3.8,221,-9.97472,-68.81,2.4930243101639267,2.867896404846534
2012-06-10 06:00:00,3.9,236,-9.97472,-68.81,3.233246532964663,2.1808523235359116
2012-06-10 07:00:00,3.6,233,-9.97472,-68.81,2.875087836170254,2.166534083347374
2012-06-10 08:00:00,3.2,243,-9.97472,-68.81,2.851220877402777,1.4527695991665501
2012-06-10 09:00:00,2.7,247,-9.97472,-68.81,2.4853631043215887,1.0549740469210394
2012-06-10 10:00:00,2.8,230,-9.97472,-68.81,2.144924440733138,1.7998053071223103
2012-06-10 11:00:00,2.9,277,-9.97472,-68.81,2.8783838397598336,-0.35342109587492826
2012-06-10 12:00:00,3.8,287,-9.97472,-68.81,3.6339580726595346,-1.1110124779463995
2012-06-10 13:00:00,3.9,304,-9.97472,-68.81,3.2332465329646625,-2.1808523235359134
2012-06-10 14:00:00,4.1,315,-9.97472,-68.81,2.8991378028648453,-2.899137802864844
2012-06-10 15:00:00,3.9,326,-9.97472,-68.81,2.1808523235359116,-3.233246532964663
2012-06-10 16:00:00,3.4,342,-9.97472,-68.81,1.0506577808748219,-3.233592155403522
2012-06-10 17:00:00,3.7,349,-9.97472,-68.81,0.7059932828932153,-3.632020578756357
2012-06-10 18:00:00,3.0,346,-9.97472,-68.81,0.7257656867990037,-2.9108871788279895
2012-06-10 19:00:00,3.3,6,-9.97472,-68.81,-0.3449439287832564,-3.2819222547153015
2012-06-10 20:00:00,3.2,360,-9.97472,-68.81,7.837739514543061e-16,-3.2
2012-06-10 21:00:00,2.3,309,-9.97472,-68.81,1.7874357113510326,-1.447436899414626
2012-06-10 22:00:00,3.3,311,-9.97472,-68.81,2.4905416147351485,-2.1649947956686733
2012-06-10 23:00:00,4.2,301,-9.97472,-68.81,3.600102662948872,-2.1631599146222276
2012-06-11 00:00:00,4.3,318,-9.97472,-68.81,2.87726160734309,-3.195522749552795
2012-06-11 01:00:00,3.2,333,-9.97472,-68.81,1.4527695991665504,-2.851220877402777
2012-06-11 02:00:00,1.5,225,-9.97472,-68.81,1.0606601717798212,1.0606601717798214
2012-06-11 03:00:00,2.6,214,-9.97472,-68.81,1.4539015490239415,2.1554976886431088
2012-06-11 04:00:00,3.7,209,-9.97472,-68.81,1.7937955949114468,3.236092916415765
2012-06-11 05:00:00,3.2,207,-9.97472,-68.81,1.4527695991665495,2.8512208774027776
2012-06-11 06:00:00,2.9,210,-9.97472,-68.81,1.4500000000000002,2.5114736709748717
2012-06-11 07:00:00,4.5,209,-9.97472,-68.81,2.181643291108516,3.9357886821272814
2012-06-11 08:00:00,5.2,214,-9.97472,-68.81,2.907803098047883,4.3109953772862175
2012-06-11 09:00:00,3.8,221,-9.97472,-68.81,2.4930243101639267,2.867896404846534
2012-06-11 10:00:00,1.8,233,-9.97472,-68.81,1.437543918085127,1.083267041673687
2012-06-11 11:00:00,2.6,236,-9.97472,-68.81,2.1554976886431088,1.453901549023941
2012-06-11 12:00:00,2.9,240,-9.97472,-68.81,2.5114736709748713,1.4500000000000013
2012-06-11 13:00:00,2.7,247,-9.97472,-68.81,2.4853631043215887,1.0549740469210394
2012-06-11 14:00:00,2.3,288,-9.97472,-68.81,2.187429987478853,-0.7107390870623785
2012-06-11 15:00:00,2.5,315,-9.97472,-68.81,1.7677669529663693,-1.7677669529663684
2012-06-11 16:00:00,2.6,304,-9.97472,-68.81,2.1554976886431083,-1.4539015490239422
2012-06-11 17:00:00,1.9,292,-9.97472,-68.81,1.761649323676896,-0.7117525274902327
2012-06-11 18:00:00,0.8,243,-9.97472,-68.81,0.7128052193506943,0.36319239979163753
2012-06-11 19:00:00,0.7,270,-9.97472,-68.81,0.7,1.2858791391047207e-16
2012-06-11 20:00:00,1.5,45,-9.97472,-68.81,-1.0606601717798212,-1.0606601717798214
2012-06-11 21:00:00,4.3,42,-9.97472,-68.81,-2.8772616073430903,-3.195522749552795
2012-06-11 22:00:00,4.9,36,-9.97472,-68.81,-2.8801477362331185,-3.9641832724372428
2012-06-11 23:00:00,4.1,45,-9.97472,-68.81,-2.8991378028648445,-2.899137802864845
2012-06-12 00:00:00,3.9,56,-9.97472,-68.81,-3.233246532964663,-2.1808523235359125
2012-06-12 01:00:00,3.9,56,-9.97472,-68.81,-3.233246532964663,-2.1808523235359125
2012-06-12 02:00:00,4.3,48,-9.97472,-68.81,-3.195522749552795,-2.8772616073430903
2012-06-12 03:00:00,5.0,30,-9.97472,-68.81,-2.4999999999999996,-4.330127018922194
2012-06-12 04:00:00,4.7,9,-9.97472,-68.81,-0.7352419856890852,-4.6421352007971475
2012-06-12 05:00:00,3.9,338,-9.97472,-68.81,1.460965714322058,-3.6160170328104706
2012-06-12 06:00:00,2.2,279,-9.97472,-68.81,2.1729143493093033,-0.3441558230885075
2012-06-12 07:00:00,2.5,262,-9.97472,-68.81,2.475670171853926,0.3479327524001646
2012-06-12 08:00:00,1.0,225,-9.97472,-68.81,0.7071067811865475,0.7071067811865477
2012-06-12 09:00:00,0.4,360,-9.97472,-68.81,9.797174393178826e-17,-0.4
2012-06-12 10:00:00,0.4,270,-9.97472,-68.81,0.4,7.347880794884119e-17
2012-06-12 11:00:00,0.7,270,-9.97472,-68.81,0.7,1.2858791391047207e-16
2012-06-12 12:00:00,1.3,214,-9.97472,-68.81,0.7269507745119708,1.0777488443215544
2012-06-12 13:00:00,1.8,191,-9.97472,-68.81,0.3434561916777805,1.7669289302057951
2012-06-12 14:00:00,1.1,180,-9.97472,-68.81,-1.3471114790620887e-16,1.1
2012-06-12 15:00:00,0.8,63,-9.97472,-68.81,-0.7128052193506943,-0.3631923997916375
2012-06-12 16:00:00,1.8,79,-9.97472,-68.81,-1.7669289302057951,-0.34345619167778085
2012-06-12 17:00:00,2.2,99,-9.97472,-68.81,-2.1729143493093033,0.34415582308850784
2012-06-12 18:00:00,2.6,106,-9.97472,-68.81,-2.499280409439629,0.7166571251241975
2012-06-12 19:00:00,3.0,104,-9.97472,-68.81,-2.9108871788279895,0.7257656867990033
2012-06-12 20:00:00,3.4,148,-9.97472,-68.81,-1.8017254983928965,2.883363526931848
2012-06-12 21:00:00,2.3,162,-9.97472,-68.81,-0.7107390870623792,2.1874299874788528
2012-06-12 22:00:00,1.1,198,-9.97472,-68.81,0.33991869381244205,1.046162167924669
2012-06-12 23:00:00,2.6,214,-9.97472,-68.81,1.4539015490239415,2.1554976886431088
2012-06-13 00:00:00,3.1,201,-9.97472,-68.81,1.1109406435904314,2.8940993221413254
2012-06-13 01:00:00,2.2,189,-9.97472,-68.81,0.3441558230885076,2.1729143493093033
2012-06-13 02:00:00,2.2,189,-9.97472,-68.81,0.3441558230885076,2.1729143493093033
2012-06-13 03:00:00,2.2,180,-9.97472,-68.81,-2.6942229581241775e-16,2.2
2012-06-13 04:00:00,1.8,169,-9.97472,-68.81,-0.34345619167778096,1.7669289302057951
2012-06-13 05:00:00,1.1,90,-9.97472,-68.81,-1.1,-6.735557395310444e-17
2012-06-13 06:00:00,0.4,180,-9.97472,-68.81,-4.898587196589413e-17,0.4
2012-06-13 07:00:00,1.6,243,-9.97472,-68.81,1.4256104387013886,0.7263847995832751
2012-06-13 08:00:00,2.3,231,-9.97472,-68.81,1.7874357113510322,1.447436899414627
2012-06-13 09:00:00,2.5,225,-9.97472,-68.81,1.7677669529663687,1.7677669529663693
2012-06-13 10:00:00,1.1,198,-9.97472,-68.81,0.33991869381244205,1.046162167924669
2012-06-13 11:00:00,1.8,180,-9.97472,-68.81,-2.2043642384652358e-16,1.8
2012-06-13 12:00:00,2.9,180,-9.97472,-68.81,-3.5514757175273243e-16,2.9
2012-06-13 13:00:00,2.9,180,-9.97472,-68.81,-3.5514757175273243e-16,2.9
2012-06-13 14:00:00,2.2,180,-9.97472,-68.81,-2.6942229581241775e-16,2.2
2012-06-13 15:00:00,1.1,162,-9.97472,-68.81,-0.3399186938124423,1.0461621679246689
2012-06-13 16:00:00,1.1,108,-9.97472,-68.81,-1.046162167924669,0.3399186938124421
2012-06-13 17:00:00,2.2,90,-9.97472,-68.81,-2.2,-1.3471114790620887e-16
2012-06-13 18:00:00,1.8,127,-9.97472,-68.81,-1.4375439180851268,1.0832670416736871
2012-06-13 19:00:00,2.3,162,-9.97472,-68.81,-0.7107390870623792,2.1874299874788528
2012-06-13 20:00:00,3.5,156,-9.97472,-68.81,-1.4235782507653014,3.197409101749103
2012-06-13 21:00:00,3.3,167,-9.97472,-68.81,-0.7423384793347552,3.215421213791276
2012-06-13 22:00:00,5.2,146,-9.97472,-68.81,-2.907803098047884,4.310995377286217
2012-06-13 23:00:00,4.9,144,-9.97472,-68.81,-2.880147736233119,3.9641832724372423
2012-06-14 00:00:00,4.5,151,-9.97472,-68.81,-2.181643291108517,3.935788682127281
2012-06-14 01:00:00,5.5,148,-9.97472,-68.81,-2.914555953282627,4.664264528860342
2012-06-14 02:00:00,5.4,138,-9.97472,-68.81,-3.613305274337835,4.012982057577928
2012-06-14 03:00:00,3.8,139,-9.97472,-68.81,-2.4930243101639276,2.8678964048465336
2012-06-14 04:00:00,1.6,153,-9.97472,-68.81,-0.7263847995832751,1.4256104387013886
2012-06-14 05:00:00,2.1,59,-9.97472,-68.81,-1.800051331474436,-1.0815799573111138
2012-06-14 06:00:00,1.8,53,-9.97472,-68.81,-1.437543918085127,-1.0832670416736871
2012-06-14 07:00:00,2.5,82,-9.97472,-68.81,-2.475670171853926,-0.34793275240016364
2012-06-14 08:00:00,2.5,82,-9.97472,-68.81,-2.475670171853926,-0.34793275240016364
2012-06-14 09:00:00,1.8,90,-9.97472,-68.81,-1.8,-1.1021821192326179e-16
2012-06-14 10:00:00,1.1,90,-9.97472,-68.81,-1.1,-6.735557395310444e-17
2012-06-14 11:00:00,1.6,63,-9.97472,-68.81,-1.4256104387013886,-0.726384799583275
2012-06-14 12:00:00,2.9,60,-9.97472,-68.81,-2.5114736709748717,-1.4500000000000002
2012-06-14 13:00:00,4.3,42,-9.97472,-68.81,-2.8772616073430903,-3.195522749552795
2012-06-14 14:00:00,4.7,23,-9.97472,-68.81,-1.8364363038995868,-4.32637281122647
2012-06-14 15:00:00,3.9,22,-9.97472,-68.81,-1.460965714322057,-3.616017032810471
2012-06-14 16:00:00,2.8,40,-9.97472,-68.81,-1.7998053071223097,-2.1449244407331385
2012-06-14 17:00:00,2.1,59,-9.97472,-68.81,-1.800051331474436,-1.0815799573111138
2012-06-14 18:00:00,1.6,207,-9.97472,-68.81,0.7263847995832747,1.4256104387013888
2012-06-14 19:00:00,3.1,315,-9.97472,-68.81,2.192031021678298,-2.192031021678297
2012-06-14 20:00:00,3.1,306,-9.97472,-68.81,2.5079526825623377,-1.8221342821066662
2012-06-14 21:00:00,4.1,322,-9.97472,-68.81,2.5242120488351985,-3.23084408978756
2012-06-14 22:00:00,3.9,326,-9.97472,-68.81,2.1808523235359116,-3.233246532964663
2012-06-14 23:00:00,3.3,311,-9.97472,-68.81,2.4905416147351485,-2.1649947956686733
2012-06-15 00:00:00,4.4,305,-9.97472,-68.81,3.604268994871564,-2.523736319944603
2012-06-15 01:00:00,4.7,328,-9.97472,-68.81,2.490620541896064,-3.9858260519352022
2012-06-15 02:00:00,4.4,325,-9.97472,-68.81,2.5237363199446046,-3.604268994871563
2012-06-15 03:00:00,3.7,299,-9.97472,-68.81,3.236092916415764,-1.7937955949114481
2012-06-15 04:00:00,3.5,294,-9.97472,-68.81,3.1974091017491038,-1.4235782507652992
2012-06-15 05:00:00,3.6,323,-9.97472,-68.81,2.166534083347374,-2.875087836170254
2012-06-15 06:00:00,2.7,337,-9.97472,-68.81,1.0549740469210396,-2.4853631043215887
2012-06-15 07:00:00,3.0,346,-9.97472,-68.81,0.7257656867990037,-2.9108871788279895
2012-06-15 08:00:00,2.3,321,-9.97472,-68.81,1.447436899414627,-1.7874357113510322
2012-06-15 09:00:00,2.6,326,-9.97472,-68.81,1.453901549023941,-2.1554976886431088
2012-06-15 10:00:00,2.7,337,-9.97472,-68.81,1.0549740469210396,-2.4853631043215887
2012-06-15 11:00:00,5.4,340,-9.97472,-68.81,1.8469087739586105,-5.074340152243906
2012-06-15 12:00:00,7.3,349,-9.97472,-68.81,1.392905666248776,-7.165878439167947
2012-06-15 13:00:00,6.9,351,-9.97472,-68.81,1.0793978087775948,-6.81504955010645
2012-06-15 14:00:00,6.2,350,-9.97472,-68.81,1.0766187015349684,-6.10580806867569
2012-06-15 15:00:00,4.6,342,-9.97472,-68.81,1.4214781741247589,-4.3748599749577055
2012-06-15 16:00:00,3.9,326,-9.97472,-68.81,2.1808523235359116,-3.233246532964663
2012-06-15 17:00:00,3.3,319,-9.97472,-68.81,2.164994795668674,-2.490541614735147
2012-06-15 18:00:00,1.6,333,-9.97472,-68.81,0.7263847995832752,-1.4256104387013886
2012-06-15 19:00:00,3.6,143,-9.97472,-68.81,-2.1665340833473734,2.8750878361702545
2012-06-15 20:00:00,3.2,153,-9.97472,-68.81,-1.4527695991665501,2.851220877402777
2012-06-15 21:00:00,2.9,150,-9.97472,-68.81,-1.4499999999999997,2.511473670974872
2012-06-15 22:00:00,3.4,148,-9.97472,-68.81,-1.8017254983928965,2.883363526931848
2012-06-15 23:00:00,3.4,108,-9.97472,-68.81,-3.2335921554035223,1.050657780874821
2012-06-16 00:00:00,2.5,45,-9.97472,-68.81,-1.7677669529663687,-1.7677669529663689
2012-06-16 01:00:00,4.1,15,-9.97472,-68.81,-1.061158084920335,-3.96029588778518
2012-06-16 02:00:00,4.7,360,-9.97472,-68.81,1.1511679911985121e-15,-4.7
2012-06-16 03:00:00,4.0,360,-9.97472,-68.81,9.797174393178826e-16,-4.0
2012-06-16 04:00:00,4.0,355,-9.97472,-68.81,0.3486229709906333,-3.984778792366982
2012-06-16 05:00:00,4.3,355,-9.97472,-68.81,0.37476969381493075,-4.283637201794505
2012-06-16 06:00:00,4.3,360,-9.97472,-68.81,1.0531962472667237e-15,-4.3
2012-06-16 07:00:00,4.2,31,-9.97472,-68.81,-2.1631599146222276,-3.600102662948872
2012-06-16 08:00:00,3.9,22,-9.97472,-68.81,-1.460965714322057,-3.616017032810471
2012-06-16 09:00:00,4.5,14,-9.97472,-68.81,-1.0886485301985047,-4.366330768241984
2012-06-16 10:00:00,2.9,360,-9.97472,-68.81,7.102951435054649e-16,-2.9
2012-06-16 11:00:00,4.0,355,-9.97472,-68.81,0.3486229709906333,-3.984778792366982
2012-06-16 12:00:00,5.8,353,-9.97472,-68.81,0.7068421917498539,-5.756767679519668
2012-06-16 13:00:00,7.7,349,-9.97472,-68.81,1.469229264399394,-7.558529312547013
2012-06-16 14:00:00,7.0,348,-9.97472,-68.81,1.4553818357243191,-6.847033205136639
2012-06-16 15:00:00,6.3,347,-9.97472,-68.81,1.4171916423663515,-6.1385314081469815
2012-06-16 16:00:00,5.7,342,-9.97472,-68.81,1.7613968679372014,-5.421022142882375
2012-06-16 17:00:00,4.6,315,-9.97472,-68.81,3.2526911934581193,-3.2526911934581175
2012-06-16 18:00:00,1.6,297,-9.97472,-68.81,1.4256104387013888,-0.7263847995832746
2012-06-16 19:00:00,4.0,27,-9.97472,-68.81,-1.815961998958187,-3.5640260967534716
2012-06-16 20:00:00,1.8,349,-9.97472,-68.81,0.3434561916777804,-1.7669289302057951
2012-06-16 21:00:00,3.7,241,-9.97472,-68.81,3.2360929164157652,1.7937955949114464
2012-06-16 22:00:00,3.7,241,-9.97472,-68.81,3.2360929164157652,1.7937955949114464
2012-06-16 23:00:00,4.0,243,-9.97472,-68.81,3.564026096753471,1.8159619989581877
2012-06-17 00:00:00,0.5,315,-9.97472,-68.81,0.35355339059327384,-0.3535533905932737
2012-06-17 01:00:00,4.3,24,-9.97472,-68.81,-1.7489675652259409,-3.9282454678631837
2012-06-17 02:00:00,5.9,14,-9.97472,-68.81,-1.4273391840380396,-5.7247447850283795
2012-06-17 03:00:00,5.8,360,-9.97472,-68.81,1.4205902870109297e-15,-5.8
2012-06-17 04:00:00,5.4,352,-9.97472,-68.81,0.7515347451843558,-5.34744757120448
2012-06-17 05:00:00,5.1,352,-9.97472,-68.81,0.709782814896336,-5.050367150582008
2012-06-17 06:00:00,4.5,346,-9.97472,-68.81,1.0886485301985054,-4.366330768241984
2012-06-17 07:00:00,5.8,360,-9.97472,-68.81,1.4205902870109297e-15,-5.8
2012-06-17 08:00:00,7.2,6,-9.97472,-68.81,-0.7526049355271051,-7.160557646651568
2012-06-17 09:00:00,7.6,360,-9.97472,-68.81,1.8614631347039767e-15,-7.6
2012-06-17 10:00:00,5.8,353,-9.97472,-68.81,0.7068421917498539,-5.756767679519668
2012-06-17 11:00:00,4.9,343,-9.97472,-68.81,1.4326213531414123,-4.685893304218873
2012-06-17 12:00:00,4.7,337,-9.97472,-68.81,1.8364363038995872,-4.326372811226469
2012-06-17 13:00:00,5.0,339,-9.97472,-68.81,1.7918397477265038,-4.667902132486008
2012-06-17 14:00:00,5.8,338,-9.97472,-68.81,2.1727182418122917,-5.377666356487366
2012-06-17 15:00:00,5.8,330,-9.97472,-68.81,2.9000000000000026,-5.022947341949743
2012-06-17 16:00:00,5.1,321,-9.97472,-68.81,3.2095339943541727,-3.96344440343055
2012-06-17 17:00:00,3.1,306,-9.97472,-68.81,2.5079526825623377,-1.8221342821066662
2012-06-17 18:00:00,3.7,349,-9.97472,-68.81,0.7059932828932153,-3.632020578756357
2012-06-17 19:00:00,3.3,13,-9.97472,-68.81,-0.7423384793347545,-3.2154212137912763
2012-06-17 20:00:00,5.6,27,-9.97472,-68.81,-2.5423467985414616,-4.98963653545486
2012-06-17 21:00:00,5.7,18,-9.97472,-68.81,-1.7613968679372003,-5.421022142882375
2012-06-17 22:00:00,6.9,6,-9.97472,-68.81,-0.721246396546809,-6.862201078041086
2012-06-17 23:00:00,8.0,352,-9.97472,-68.81,1.113384807680527,-7.922144549932562
2012-06-18 00:00:00,7.8,347,-9.97472,-68.81,1.7546182238821495,-7.600086505324834
2012-06-18 01:00:00,7.9,344,-9.97472,-68.81,2.1775351109542918,-7.59396739791272
2012-06-18 02:00:00,7.6,341,-9.97472,-68.81,2.474317973874391,-7.185941174554808
2012-06-18 03:00:00,6.6,331,-9.97472,-68.81,3.199743493625823,-5.772490067120012
2012-06-18 04:00:00,6.8,328,-9.97472,-68.81,3.603450996785794,-5.766727053863696
2012-06-18 05:00:00,7.4,331,-9.97472,-68.81,3.587591189822893,-6.47218583283153
2012-06-18 06:00:00,7.7,332,-9.97472,-68.81,3.6149310334513594,-6.798696465013737
2012-06-18 07:00:00,7.9,336,-9.97472,-68.81,3.213219480298821,-7.217009115376548
2012-06-18 08:00:00,7.8,338,-9.97472,-68.81,2.921931428644116,-7.232034065620941
2012-06-18 09:00:00,9.7,333,-9.97472,-68.81,4.403707847473605,-8.642763284627167
2012-06-18 10:00:00,10.0,330,-9.97472,-68.81,5.000000000000004,-8.660254037844384
2012-06-18 11:00:00,10.3,331,-9.97472,-68.81,4.99353908853727,-9.008582983535778
2012-06-18 12:00:00,8.4,329,-9.97472,-68.81,4.326319829244458,-7.200205325897742
2012-06-18 13:00:00,8.1,328,-9.97472,-68.81,4.292346040288961,-6.86918957886705
2012-06-18 14:00:00,7.9,330,-9.97472,-68.81,3.9500000000000037,-6.841600689897064
2012-06-18 15:00:00,9.2,334,-9.97472,-68.81,4.033014550459515,-8.268905225952334
2012-06-18 16:00:00,8.8,351,-9.97472,-68.81,1.376623292354034,-8.691657397237211
2012-06-18 17:00:00,8.8,348,-9.97472,-68.81,1.829622879196287,-8.60769888645749
2012-06-18 18:00:00,8.2,319,-9.97472,-68.81,5.37968403772216,-6.188618557826729
2012-06-18 19:00:00,5.2,344,-9.97472,-68.81,1.4333142502483947,-4.998560818879258
2012-06-18 20:00:00,4.2,20,-9.97472,-68.81,-1.4364846019678086,-3.9467090073008158
2012-06-18 21:00:00,5.1,4,-9.97472,-68.81,-0.35575801609503904,-5.087576656325103
2012-06-18 22:00:00,4.6,321,-9.97472,-68.81,2.894873798829254,-3.5748714227020644
2012-06-18 23:00:00,5.3,298,-9.97472,-68.81,4.6796222421523135,-2.488199282765219
2012-06-19 00:00:00,6.7,306,-9.97472,-68.81,5.420413862312149,-3.9381611903595686
2012-06-19 01:00:00,6.9,313,-9.97472,-68.81,5.046340541172276,-4.705788684431241
2012-06-19 02:00:00,7.6,329,-9.97472,-68.81,3.914289369316414,-6.514471485336052
2012-06-19 03:00:00,7.7,332,-9.97472,-68.81,3.6149310334513594,-6.798696465013737
2012-06-19 04:00:00,7.6,329,-9.97472,-68.81,3.914289369316414,-6.514471485336052
2012-06-19 05:00:00,7.6,329,-9.97472,-68.81,3.914289369316414,-6.514471485336052
2012-06-19 06:00:00,7.1,330,-9.97472,-68.81,3.550000000000003,-6.148780366869512
2012-06-19 07:00:00,8.0,333,-9.97472,-68.81,3.6319239979163758,-7.128052193506942
2012-06-19 08:00:00,7.9,336,-9.97472,-68.81,3.213219480298821,-7.217009115376548
2012-06-19 09:00:00,7.3,340,-9.97472,-68.81,2.4967470462773806,-6.859756131737131
2012-06-19 10:00:00,8.4,340,-9.97472,-68.81,2.8729692039356163,-7.8934180146016315
2012-06-19 11:00:00,14.0,337,-9.97472,-68.81,5.470235798849834,-12.887067948334163
2012-06-19 12:00:00,14.7,335,-9.97472,-68.81,6.212488447588278,-13.322724469438755
2012-06-19 13:00:00,14.3,332,-9.97472,-68.81,6.713443347838239,-12.626150577882655
2012-06-19 14:00:00,13.1,328,-9.97472,-68.81,6.941942361454985,-11.10943005964918
2012-06-19 15:00:00,12.3,328,-9.97472,-68.81,6.518006950068422,-10.43099158272404
2012-06-19 16:00:00,11.3,333,-9.97472,-68.81,5.130092647056881,-10.068373723328557
2012-06-19 17:00:00,9.5,331,-9.97472,-68.81,4.6056913923402005,-8.30888721782426
2012-06-19 18:00:00,6.2,324,-9.97472,-68.81,3.644268564213335,-5.015905365124674
2012-06-19 19:00:00,6.4,344,-9.97472,-68.81,1.7640790772287933,-6.1520748540052415
2012-06-19 20:00:00,7.3,327,-9.97472,-68.81,3.9758649556096968,-6.122295146001595
2012-06-19 21:00:00,5.8,330,-9.97472,-68.81,2.9000000000000026,-5.022947341949743
2012-06-19 22:00:00,6.4,344,-9.97472,-68.81,1.7640790772287933,-6.1520748540052415
2012-06-19 23:00:00,7.8,338,-9.97472,-68.81,2.921931428644116,-7.232034065620941
2012-06-20 00:00:00,7.4,331,-9.97472,-68.81,3.587591189822893,-6.47218583283153
2012-06-20 01:00:00,8.6,338,-9.97472,-68.81,3.221616703376846,-7.97378114927437
2012-06-20 02:00:00,9.6,340,-9.97472,-68.81,3.2833933759264187,-9.02104915954472
2012-06-20 03:00:00,8.6,338,-9.97472,-68.81,3.221616703376846,-7.97378114927437
2012-06-20 04:00:00,9.2,334,-9.97472,-68.81,4.033014550459515,-8.268905225952334
2012-06-20 05:00:00,9.7,333,-9.97472,-68.81,4.403707847473605,-8.642763284627167
2012-06-20 06:00:00,8.5,332,-9.97472,-68.81,3.990508283680072,-7.505054539300878
2012-06-20 07:00:00,9.2,334,-9.97472,-68.81,4.033014550459515,-8.268905225952334
2012-06-20 08:00:00,8.4,335,-9.97472,-68.81,3.5499933986218735,-7.612985411107861
2012-06-20 09:00:00,7.2,333,-9.97472,-68.81,3.2687315981247385,-6.415246974156248
2012-06-20 10:00:00,8.5,332,-9.97472,-68.81,3.990508283680072,-7.505054539300878
2012-06-20 11:00:00,8.7,330,-9.97472,-68.81,4.350000000000003,-7.534421012924613
2012-06-20 12:00:00,10.5,329,-9.97472,-68.81,5.407899786555572,-9.000256657372177
2012-06-20 13:00:00,12.0,327,-9.97472,-68.81,6.535668420180324,-10.064046815345089
2012-06-20 14:00:00,12.9,330,-9.97472,-68.81,6.4500000000000055,-11.171727708819255
2012-06-20 15:00:00,12.9,330,-9.97472,-68.81,6.4500000000000055,-11.171727708819255
2012-06-20 16:00:00,12.7,331,-9.97472,-68.81,6.157082177128478,-11.107670280670327
2012-06-20 17:00:00,10.2,337,-9.97472,-68.81,3.985457510590593,-9.38914950521489
2012-06-20 18:00:00,8.1,328,-9.97472,-68.81,4.292346040288961,-6.86918957886705
2012-06-20 19:00:00,10.0,330,-9.97472,-68.81,5.000000000000004,-8.660254037844384
2012-06-20 20:00:00,8.8,305,-9.97472,-68.81,7.208537989743128,-5.047472639889206
2012-06-20 21:00:00,8.9,297,-9.97472,-68.81,7.929958065276476,-4.040515447681965
2012-06-20 22:00:00,6.8,288,-9.97472,-68.81,6.467184310807045,-2.101315561749641
2012-06-20 23:00:00,6.6,315,-9.97472,-68.81,4.666904755831214,-4.6669047558312124
2012-06-21 00:00:00,8.5,332,-9.97472,-68.81,3.990508283680072,-7.505054539300878
2012-06-21 01:00:00,9.2,334,-9.97472,-68.81,4.033014550459515,-8.268905225952334
2012-06-21 02:00:00,9.3,332,-9.97472,-68.81,4.366085533908785,-8.21141261358802
2012-06-21 03:00:00,9.3,332,-9.97472,-68.81,4.366085533908785,-8.21141261358802
2012-06-21 04:00:00,9.5,331,-9.97472,-68.81,4.6056913923402005,-8.30888721782426
2012-06-21 05:00:00,8.9,328,-9.97472,-68.81,4.716281451675525,-7.547628055792192
2012-06-21 06:00:00,8.4,329,-9.97472,-68.81,4.326319829244458,-7.200205325897742
2012-06-21 07:00:00,8.4,329,-9.97472,-68.81,4.326319829244458,-7.200205325897742
2012-06-21 08:00:00,8.0,324,-9.97472,-68.81,4.702282018339787,-6.472135954999579
2012-06-21 09:00:00,7.0,325,-9.97472,-68.81,4.015035054457325,-5.734064310022941
2012-06-21 10:00:00,7.8,326,-9.97472,-68.81,4.361704647071823,-6.466493065929326
2012-06-21 11:00:00,8.5,324,-9.97472,-68.81,4.9961746444860236,-6.876644452187052
2012-06-21 12:00:00,11.0,322,-9.97472,-68.81,6.77227622858224,-8.668118289673941
2012-06-21 13:00:00,11.3,323,-9.97472,-68.81,6.800509761618146,-9.02458126353441
2012-06-21 14:00:00,11.3,323,-9.97472,-68.81,6.800509761618146,-9.02458126353441
2012-06-21 15:00:00,10.4,326,-9.97472,-68.81,5.815606196095764,-8.621990754572435
2012-06-21 16:00:00,9.5,331,-9.97472,-68.81,4.6056913923402005,-8.30888721782426
2012-06-21 17:00:00,6.1,332,-9.97472,-68.81,2.8637765329939335,-5.385980316439453
2012-06-21 18:00:00,2.5,315,-9.97472,-68.81,1.7677669529663693,-1.7677669529663684
2012-06-21 19:00:00,5.4,323,-9.97472,-68.81,3.2498011250210608,-4.312631754255381
2012-06-21 20:00:00,7.0,339,-9.97472,-68.81,2.508575646817105,-6.535062985480411
2012-06-21 21:00:00,7.1,330,-9.97472,-68.81,3.550000000000003,-6.148780366869512
2012-06-21 22:00:00,5.6,315,-9.97472,-68.81,3.9597979746446668,-3.959797974644665
2012-06-21 23:00:00,4.6,309,-9.97472,-68.81,3.5748714227020653,-2.894873798829252
2012-06-22 00:00:00,4.3,312,-9.97472,-68.81,3.1955227495527967,-2.8772616073430886
2012-06-22 01:00:00,4.7,293,-9.97472,-68.81,4.32637281122647,-1.8364363038995855
2012-06-22 02:00:00,5.6,285,-9.97472,-68.81,5.4091846272187825,-1.4493866525741135
2012-06-22 03:00:00,5.1,266,-9.97472,-68.81,5.087576656325103,0.35575801609504043
2012-06-22 04:00:00,4.2,250,-9.97472,-68.81,3.9467090073008158,1.436484601967808
2012-06-22 05:00:00,4.5,256,-9.97472,-68.81,4.366330768241984,1.088648530198505
2012-06-22 06:00:00,4.0,270,-9.97472,-68.81,4.0,7.347880794884119e-16
2012-06-22 07:00:00,3.7,299,-9.97472,-68.81,3.236092916415764,-1.7937955949114481
2012-06-22 08:00:00,3.9,304,-9.97472,-68.81,3.2332465329646625,-2.1808523235359134
2012-06-22 09:00:00,3.4,302,-9.97472,-68.81,2.883363526931849,-1.8017254983928959
2012-06-22 10:00:00,2.8,310,-9.97472,-68.81,2.1449244407331385,-1.7998053071223097
2012-06-22 11:00:00,4.3,318,-9.97472,-68.81,2.87726160734309,-3.195522749552795
2012-06-22 12:00:00,7.3,327,-9.97472,-68.81,3.9758649556096968,-6.122295146001595
2012-06-22 13:00:00,7.7,323,-9.97472,-68.81,4.6339756782707715,-6.149493427364155
2012-06-22 14:00:00,6.7,324,-9.97472,-68.81,3.9381611903595717,-5.420413862312147
2012-06-22 15:00:00,5.8,330,-9.97472,-68.81,2.9000000000000026,-5.022947341949743
2012-06-22 16:00:00,6.3,336,-9.97472,-68.81,2.562440851377541,-5.755336383148386
2012-06-22 17:00:00,4.3,336,-9.97472,-68.81,1.7489675652259407,-3.928245467863184
2012-06-22 18:00:00,1.8,233,-9.97472,-68.81,1.437543918085127,1.083267041673687
2012-06-22 19:00:00,1.3,34,-9.97472,-68.81,-0.726950774511971,-1.0777488443215542
2012-06-22 20:00:00,2.6,164,-9.97472,-68.81,-0.716657125124198,2.499280409439629
2012-06-22 21:00:00,5.0,159,-9.97472,-68.81,-1.7918397477265011,4.667902132486009
2012-06-22 22:00:00,6.0,147,-9.97472,-68.81,-3.2678342100901636,5.032023407672543
2012-06-22 23:00:00,6.3,156,-9.97472,-68.81,-2.5624408513775427,5.755336383148385
2012-06-23 00:00:00,7.0,145,-9.97472,-68.81,-4.0150350544573215,5.734064310022943
2012-06-23 01:00:00,7.4,141,-9.97472,-68.81,-4.656970893768797,5.750880114781585
2012-06-23 02:00:00,6.9,133,-9.97472,-68.81,-5.0463405411722775,4.705788684431239
2012-06-23 03:00:00,6.1,130,-9.97472,-68.81,-4.6728711030257655,3.92100441908789
2012-06-23 04:00:00,6.9,133,-9.97472,-68.81,-5.0463405411722775,4.705788684431239
2012-06-23 05:00:00,8.6,147,-9.97472,-68.81,-4.683895701129234,7.212566884330646
2012-06-23 06:00:00,9.0,151,-9.97472,-68.81,-4.363286582217034,7.871577364254562
2012-06-23 07:00:00,8.5,152,-9.97472,-68.81,-3.9905082836800707,7.505054539300879
2012-06-23 08:00:00,9.6,160,-9.97472,-68.81,-3.2833933759264213,9.02104915954472
2012-06-23 09:00:00,13.7,157,-9.97472,-68.81,-5.35301646030305,12.610916492298433
2012-06-23 10:00:00,13.0,146,-9.97472,-68.81,-7.26950774511971,10.77748844321554
2012-06-23 11:00:00,11.3,143,-9.97472,-68.81,-6.8005097616181445,9.024581263534412
2012-06-23 12:00:00,9.0,143,-9.97472,-68.81,-5.416335208368434,7.187719590425637
2012-06-23 13:00:00,7.4,151,-9.97472,-68.81,-3.5875911898228954,6.472185832831529
2012-06-23 14:00:00,6.3,156,-9.97472,-68.81,-2.5624408513775427,5.755336383148385
2012-06-23 15:00:00,6.7,164,-9.97472,-68.81,-1.8467702839738949,6.440453362786736
2012-06-23 16:00:00,6.7,164,-9.97472,-68.81,-1.8467702839738949,6.440453362786736
2012-06-23 17:00:00,7.7,169,-9.97472,-68.81,-1.4692292643993963,7.558529312547013
2012-06-23 18:00:00,6.5,146,-9.97472,-68.81,-3.634753872559855,5.38874422160777
2012-06-23 19:00:00,6.2,97,-9.97472,-68.81,-6.153786140176197,0.7555899291119137
2012-06-23 20:00:00,5.5,101,-9.97472,-68.81,-5.3989495089621515,1.0494494745709964
2012-06-23 21:00:00,6.0,107,-9.97472,-68.81,-5.737828535778213,1.75423022833642
2012-06-23 22:00:00,6.5,109,-9.97472,-68.81,-6.1458707413955596,2.116193003971518
2012-06-23 23:00:00,6.4,106,-9.97472,-68.81,-6.1520748540052415,1.764079077228794
2012-06-24 00:00:00,6.5,124,-9.97472,-68.81,-5.388744221607771,3.6347538725598536
2012-06-24 01:00:00,6.9,137,-9.97472,-68.81,-4.705788684431241,5.046340541172277
2012-06-24 02:00:00,7.3,147,-9.97472,-68.81,-3.9758649556096994,6.122295146001594
2012-06-24 03:00:00,7.9,141,-9.97472,-68.81,-4.971631089293716,6.139453095510071
2012-06-24 04:00:00,7.7,143,-9.97472,-68.81,-4.633975678270771,6.149493427364156
2012-06-24 05:00:00,8.1,148,-9.97472,-68.81,-4.29234604028896,6.86918957886705
2012-06-24 06:00:00,8.7,150,-9.97472,-68.81,-4.349999999999999,7.534421012924616
2012-06-24 07:00:00,7.5,145,-9.97472,-68.81,-4.301823272632845,6.14364033216744
2012-06-24 08:00:00,7.1,150,-9.97472,-68.81,-3.5499999999999994,6.148780366869515
2012-06-24 09:00:00,9.3,144,-9.97472,-68.81,-5.466402846320002,7.5238580476870105
2012-06-24 10:00:00,9.2,135,-9.97472,-68.81,-6.505382386916237,6.505382386916236
2012-06-24 11:00:00,9.4,122,-9.97472,-68.81,-7.971652103870405,4.981241083792125
2012-06-24 12:00:00,7.7,118,-9.97472,-68.81,-6.798696465013737,3.6149310334513602
2012-06-24 13:00:00,6.2,126,-9.97472,-68.81,-5.0159053651246746,3.644268564213333
2012-06-24 14:00:00,5.1,141,-9.97472,-68.81,-3.2095339943541705,3.963444403430551
2012-06-24 15:00:00,4.4,145,-9.97472,-68.81,-2.5237363199446023,3.6042689948715645
2012-06-24 16:00:00,4.8,153,-9.97472,-68.81,-2.1791543987498248,4.276831316104166
2012-06-24 17:00:00,4.6,141,-9.97472,-68.81,-2.8948737988292517,3.5748714227020657
2012-06-24 18:00:00,3.7,151,-9.97472,-68.81,-1.7937955949114477,3.2360929164157644
2012-06-24 19:00:00,3.9,146,-9.97472,-68.81,-2.180852323535913,3.2332465329646625
2012-06-24 20:00:00,3.1,135,-9.97472,-68.81,-2.1920310216782974,2.192031021678297
2012-06-24 21:00:00,3.6,143,-9.97472,-68.81,-2.1665340833473734,2.8750878361702545
2012-06-24 22:00:00,4.1,128,-9.97472,-68.81,-3.23084408978756,2.524212048835199
2012-06-24 23:00:00,4.8,117,-9.97472,-68.81,-4.276831316104166,2.179154398749824
2012-06-25 00:00:00,5.2,102,-9.97472,-68.81,-5.08636752381579,1.0811407922523486
2012-06-25 01:00:00,4.8,117,-9.97472,-68.81,-4.276831316104166,2.179154398749824
2012-06-25 02:00:00,4.7,122,-9.97472,-68.81,-3.9858260519352027,2.4906205418960625
2012-06-25 03:00:00,4.8,103,-9.97472,-68.81,-4.676976310969129,1.079765060850552
2012-06-25 04:00:00,4.3,85,-9.97472,-68.81,-4.283637201794505,-0.37476969381492997
2012-06-25 05:00:00,4.0,90,-9.97472,-68.81,-4.0,-2.4492935982947064e-16
2012-06-25 06:00:00,3.7,101,-9.97472,-68.81,-3.632020578756357,0.7059932828932158
2012-06-25 07:00:00,2.6,146,-9.97472,-68.81,-1.453901549023942,2.1554976886431083
2012-06-25 08:00:00,1.8,169,-9.97472,-68.81,-0.34345619167778096,1.7669289302057951
2012-06-25 09:00:00,2.2,171,-9.97472,-68.81,-0.3441558230885082,2.172914349309303
2012-06-25 10:00:00,2.6,164,-9.97472,-68.81,-0.716657125124198,2.499280409439629
2012-06-25 11:00:00,4.7,157,-9.97472,-68.81,-1.8364363038995868,4.32637281122647
2012-06-25 12:00:00,7.1,139,-9.97472,-68.81,-4.658019105832602,5.358438019581681
2012-06-25 13:00:00,6.1,135,-9.97472,-68.81,-4.31335136523794,4.313351365237939
2012-06-25 14:00:00,5.4,132,-9.97472,-68.81,-4.012982057577929,3.6133052743378347
2012-06-25 15:00:00,4.8,138,-9.97472,-68.81,-3.21182691052252,3.567095162291491
2012-06-25 16:00:00,5.0,159,-9.97472,-68.81,-1.7918397477265011,4.667902132486009
2012-06-25 17:00:00,5.2,115,-9.97472,-68.81,-4.71280049259058,2.1976149610516367
2012-06-25 18:00:00,6.5,109,-9.97472,-68.81,-6.1458707413955596,2.116193003971518
2012-06-25 19:00:00,5.4,98,-9.97472,-68.81,-5.34744757120448,0.7515347451843529
2012-06-25 20:00:00,5.4,86,-9.97472,-68.81,-5.386845871403051,-0.3766849582182763
2012-06-25 21:00:00,5.8,94,-9.97472,-68.81,-5.78587149150698,0.4045875477159269
2012-06-25 22:00:00,5.1,94,-9.97472,-68.81,-5.087576656325103,0.35575801609503915
2012-06-25 23:00:00,5.6,135,-9.97472,-68.81,-3.9597979746446663,3.9597979746446654
2012-06-26 00:00:00,6.2,144,-9.97472,-68.81,-3.644268564213334,5.015905365124674
2012-06-26 01:00:00,6.6,151,-9.97472,-68.81,-3.1997434936258253,5.772490067120011
2012-06-26 02:00:00,7.0,159,-9.97472,-68.81,-2.5085756468171017,6.535062985480412
2012-06-26 03:00:00,6.8,162,-9.97472,-68.81,-2.101315561749643,6.467184310807044
2012-06-26 04:00:00,6.8,162,-9.97472,-68.81,-2.101315561749643,6.467184310807044
2012-06-26 05:00:00,6.3,156,-9.97472,-68.81,-2.5624408513775427,5.755336383148385
2012-06-26 06:00:00,6.4,153,-9.97472,-68.81,-2.9055391983331003,5.702441754805554
2012-06-26 07:00:00,7.1,150,-9.97472,-68.81,-3.5499999999999994,6.148780366869515
2012-06-26 08:00:00,8.0,162,-9.97472,-68.81,-2.47213595499958,7.608452130361228
2012-06-26 09:00:00,7.9,156,-9.97472,-68.81,-3.2132194802988234,7.2170091153765465
2012-06-26 10:00:00,10.0,150,-9.97472,-68.81,-4.999999999999999,8.660254037844387
2012-06-26 11:00:00,10.3,144,-9.97472,-68.81,-6.0541880986124745,8.332875042061959
2012-06-26 12:00:00,8.4,140,-9.97472,-68.81,-5.3994159213669315,6.434773322199415
2012-06-26 13:00:00,7.7,139,-9.97472,-68.81,-5.051654523226906,5.811263767715345
2012-06-26 14:00:00,6.6,139,-9.97472,-68.81,-4.329989591337347,4.981083229470295
2012-06-26 15:00:00,7.1,120,-9.97472,-68.81,-6.148780366869515,3.549999999999998
2012-06-26 16:00:00,7.7,127,-9.97472,-68.81,-6.149493427364154,4.633975678270772
2012-06-26 17:00:00,7.2,108,-9.97472,-68.81,-6.847606917325106,2.224922359499621
2012-06-26 18:00:00,5.5,101,-9.97472,-68.81,-5.3989495089621515,1.0494494745709964
2012-06-26 19:00:00,5.6,135,-9.97472,-68.81,-3.9597979746446663,3.9597979746446654
2012-06-26 20:00:00,4.9,126,-9.97472,-68.81,-3.9641832724372428,2.880147736233118
2012-06-26 21:00:00,4.7,122,-9.97472,-68.81,-3.9858260519352027,2.4906205418960625
2012-06-26 22:00:00,3.1,111,-9.97472,-68.81,-2.8940993221413254,1.1109406435904308
2012-06-26 23:00:00,4.4,99,-9.97472,-68.81,-4.3458286986186065,0.6883116461770157
2012-06-27 00:00:00,5.2,102,-9.97472,-68.81,-5.08636752381579,1.0811407922523486
2012-06-27 01:00:00,5.3,118,-9.97472,-68.81,-4.679622242152313,2.4881992827652217
2012-06-27 02:00:00,4.8,132,-9.97472,-68.81,-3.5670951622914924,3.2118269105225195
2012-06-27 03:00:00,4.0,170,-9.97472,-68.81,-0.6945927106677211,3.939231012048832
2012-06-27 04:00:00,4.1,195,-9.97472,-68.81,1.0611580849203353,3.96029588778518
2012-06-27 05:00:00,5.2,196,-9.97472,-68.81,1.4333142502483949,4.998560818879258
2012-06-27 06:00:00,5.2,196,-9.97472,-68.81,1.4333142502483949,4.998560818879258
2012-06-27 07:00:00,4.8,193,-9.97472,-68.81,1.0797650608505518,4.676976310969129
2012-06-27 08:00:00,4.6,198,-9.97472,-68.81,1.4214781741247573,4.374859974957706
2012-06-27 09:00:00,3.8,197,-9.97472,-68.81,1.1110124779463997,3.6339580726595346
2012-06-27 10:00:00,2.2,180,-9.97472,-68.81,-2.6942229581241775e-16,2.2
2012-06-27 11:00:00,3.0,166,-9.97472,-68.81,-0.7257656867990032,2.9108871788279895
2012-06-27 12:00:00,3.6,143,-9.97472,-68.81,-2.1665340833473734,2.8750878361702545
2012-06-27 13:00:00,3.6,127,-9.97472,-68.81,-2.8750878361702537,2.1665340833473743
2012-06-27 14:00:00,2.5,135,-9.97472,-68.81,-1.7677669529663689,1.7677669529663687
2012-06-27 15:00:00,2.1,149,-9.97472,-68.81,-1.0815799573111142,1.8000513314744357
2012-06-27 16:00:00,2.3,141,-9.97472,-68.81,-1.4474368994146258,1.7874357113510329
2012-06-27 17:00:00,2.2,171,-9.97472,-68.81,-0.3441558230885082,2.172914349309303
2012-06-27 18:00:00,0.7,180,-9.97472,-68.81,-8.572527594031472e-17,0.7
2012-06-27 19:00:00,3.8,343,-9.97472,-68.81,1.1110124779464012,-3.633958072659534
2012-06-27 20:00:00,3.3,354,-9.97472,-68.81,0.34494392878325625,-3.2819222547153015
2012-06-27 21:00:00,3.2,360,-9.97472,-68.81,7.837739514543061e-16,-3.2
2012-06-27 22:00:00,3.2,360,-9.97472,-68.81,7.837739514543061e-16,-3.2
2012-06-27 23:00:00,4.3,360,-9.97472,-68.81,1.0531962472667237e-15,-4.3
2012-06-28 00:00:00,4.3,5,-9.97472,-68.81,-0.3747696938149301,-4.283637201794505
2012-06-28 01:00:00,4.7,356,-9.97472,-68.81,0.3278554265973905,-4.688551036221174
2012-06-28 02:00:00,4.0,355,-9.97472,-68.81,0.3486229709906333,-3.984778792366982
2012-06-28 03:00:00,4.1,345,-9.97472,-68.81,1.0611580849203348,-3.96029588778518
2012-06-28 04:00:00,3.9,338,-9.97472,-68.81,1.460965714322058,-3.6160170328104706
2012-06-28 05:00:00,3.6,323,-9.97472,-68.81,2.166534083347374,-2.875087836170254
2012-06-28 06:00:00,3.3,311,-9.97472,-68.81,2.4905416147351485,-2.1649947956686733
2012-06-28 07:00:00,2.9,300,-9.97472,-68.81,2.5114736709748717,-1.4500000000000002
2012-06-28 08:00:00,3.7,299,-9.97472,-68.81,3.236092916415764,-1.7937955949114481
2012-06-28 09:00:00,3.8,319,-9.97472,-68.81,2.493024310163928,-2.867896404846533
2012-06-28 10:00:00,3.4,328,-9.97472,-68.81,1.801725498392897,-2.883363526931848
2012-06-28 11:00:00,3.9,326,-9.97472,-68.81,2.1808523235359116,-3.233246532964663
2012-06-28 12:00:00,5.0,330,-9.97472,-68.81,2.500000000000002,-4.330127018922192
2012-06-28 13:00:00,5.2,326,-9.97472,-68.81,2.907803098047882,-4.3109953772862175
2012-06-28 14:00:00,4.9,324,-9.97472,-68.81,2.88014773623312,-3.9641832724372423
2012-06-28 15:00:00,3.8,311,-9.97472,-68.81,2.8678964048465345,-2.4930243101639267
2012-06-28 16:00:00,4.6,315,-9.97472,-68.81,3.2526911934581193,-3.2526911934581175
2012-06-28 17:00:00,6.0,303,-9.97472,-68.81,5.032023407672545,-3.26783421009016
2012-06-28 18:00:00,4.2,329,-9.97472,-68.81,2.163159914622229,-3.600102662948871
2012-06-28 19:00:00,5.1,352,-9.97472,-68.81,0.709782814896336,-5.050367150582008
2012-06-28 20:00:00,4.7,328,-9.97472,-68.81,2.490620541896064,-3.9858260519352022
2012-06-28 21:00:00,3.8,343,-9.97472,-68.81,1.1110124779464012,-3.633958072659534
2012-06-28 22:00:00,3.8,17,-9.97472,-68.81,-1.1110124779463997,-3.6339580726595346
2012-06-28 23:00:00,5.6,27,-9.97472,-68.81,-2.5423467985414616,-4.98963653545486
2012-06-29 00:00:00,6.6,22,-9.97472,-68.81,-2.472403516545019,-6.1194134401407965
2012-06-29 01:00:00,6.7,16,-9.97472,-68.81,-1.8467702839738944,-6.440453362786736
2012-06-29 02:00:00,6.8,360,-9.97472,-68.81,1.6655196468404002e-15,-6.8
2012-06-29 03:00:00,7.3,349,-9.97472,-68.81,1.392905666248776,-7.165878439167947
2012-06-29 04:00:00,7.2,342,-9.97472,-68.81,2.224922359499623,-6.8476069173251055
2012-06-29 05:00:00,6.2,339,-9.97472,-68.81,2.2218812871808646,-5.78819864428265
2012-06-29 06:00:00,5.7,342,-9.97472,-68.81,1.7613968679372014,-5.421022142882375
2012-06-29 07:00:00,6.5,341,-9.97472,-68.81,2.1161930039715187,-6.1458707413955596
2012-06-29 08:00:00,6.3,336,-9.97472,-68.81,2.562440851377541,-5.755336383148386
2012-06-29 09:00:00,5.2,335,-9.97472,-68.81,2.1976149610516362,-4.71280049259058
2012-06-29 10:00:00,5.2,335,-9.97472,-68.81,2.1976149610516362,-4.71280049259058
2012-06-29 11:00:00,7.1,336,-9.97472,-68.81,2.887830165838181,-6.486172749262467
2012-06-29 12:00:00,5.6,333,-9.97472,-68.81,2.542346798541463,-4.989636535454859
2012-06-29 13:00:00,5.2,335,-9.97472,-68.81,2.1976149610516362,-4.71280049259058
2012-06-29 14:00:00,5.4,340,-9.97472,-68.81,1.8469087739586105,-5.074340152243906
2012-06-29 15:00:00,5.8,338,-9.97472,-68.81,2.1727182418122917,-5.377666356487366
2012-06-29 16:00:00,4.3,336,-9.97472,-68.81,1.7489675652259407,-3.928245467863184
2012-06-29 17:00:00,4.1,345,-9.97472,-68.81,1.0611580849203348,-3.96029588778518
2012-06-29 18:00:00,3.4,342,-9.97472,-68.81,1.0506577808748219,-3.233592155403522
2012-06-29 19:00:00,0.8,27,-9.97472,-68.81,-0.3631923997916374,-0.7128052193506944
2012-06-29 20:00:00,2.1,59,-9.97472,-68.81,-1.800051331474436,-1.0815799573111138
2012-06-29 21:00:00,2.0,45,-9.97472,-68.81,-1.414213562373095,-1.4142135623730951
2012-06-29 22:00:00,3.4,18,-9.97472,-68.81,-1.0506577808748212,-3.233592155403522
2012-06-29 23:00:00,4.7,9,-9.97472,-68.81,-0.7352419856890852,-4.6421352007971475
2012-06-30 00:00:00,5.1,8,-9.97472,-68.81,-0.7097828148963337,-5.050367150582009
2012-06-30 01:00:00,6.2,353,-9.97472,-68.81,0.7555899291119128,-6.153786140176197
2012-06-30 02:00:00,5.9,346,-9.97472,-68.81,1.4273391840380405,-5.7247447850283795
2012-06-30 03:00:00,5.2,344,-9.97472,-68.81,1.4333142502483947,-4.998560818879258
2012-06-30 04:00:00,4.5,346,-9.97472,-68.81,1.0886485301985054,-4.366330768241984
2012-06-30 05:00:00,4.6,342,-9.97472,-68.81,1.4214781741247589,-4.3748599749577055
2012-06-30 06:00:00,4.2,340,-9.97472,-68.81,1.4364846019678081,-3.9467090073008158
2012-06-30 07:00:00,4.5,346,-9.97472,-68.81,1.0886485301985054,-4.366330768241984
2012-06-30 08:00:00,4.4,351,-9.97472,-68.81,0.688311646177017,-4.345828698618606
2012-06-30 09:00:00,3.8,343,-9.97472,-68.81,1.1110124779464012,-3.633958072659534
2012-06-30 10:00:00,2.5,352,-9.97472,-68.81,0.3479327524001647,-2.475670171853926
2012-06-30 11:00:00,3.8,343,-9.97472,-68.81,1.1110124779464012,-3.633958072659534
2012-06-30 12:00:00,4.2,340,-9.97472,-68.81,1.4364846019678081,-3.9467090073008158
2012-06-30 13:00:00,4.1,345,-9.97472,-68.81,1.0611580849203348,-3.96029588778518
2012-06-30 14:00:00,4.5,346,-9.97472,-68.81,1.0886485301985054,-4.366330768241984
2012-06-30 15:00:00,5.2,348,-9.97472,-68.81,1.0811407922523513,-5.086367523815789
2012-06-30 16:00:00,4.0,350,-9.97472,-68.81,0.6945927106677215,-3.939231012048832
2012-06-30 17:00:00,2.6,56,-9.97472,-68.81,-2.1554976886431088,-1.4539015490239418
2012-06-30 18:00:00,3.3,6,-9.97472,-68.81,-0.3449439287832564,-3.2819222547153015
2012-06-30 19:00:00,3.7,331,-9.97472,-68.81,1.7937955949114466,-3.236092916415765
2012-06-30 20:00:00,4.5,331,-9.97472,-68.81,2.181643291108516,-3.9357886821272814
2012-06-30 21:00:00,4.6,321,-9.97472,-68.81,2.894873798829254,-3.5748714227020644
2012-06-30 22:00:00,5.1,352,-9.97472,-68.81,0.709782814896336,-5.050367150582008
2012-06-30 23:00:00,5.2,348,-9.97472,-68.81,1.0811407922523513,-5.086367523815789
2012-07-01 00:00:00,4.9,343,-9.97472,-68.81,1.4326213531414123,-4.685893304218873
2012-07-01 01:00:00,5.5,328,-9.97472,-68.81,2.9145559532826275,-4.664264528860342
2012-07-01 02:00:00,5.8,338,-9.97472,-68.81,2.1727182418122917,-5.377666356487366
2012-07-01 03:00:00,5.0,330,-9.97472,-68.81,2.500000000000002,-4.330127018922192
2012-07-01 04:00:00,4.1,315,-9.97472,-68.81,2.8991378028648453,-2.899137802864844
2012-07-01 05:00:00,4.1,308,-9.97472,-68.81,3.230844089787559,-2.5242120488352
2012-07-01 06:00:00,3.9,304,-9.97472,-68.81,3.2332465329646625,-2.1808523235359134
2012-07-01 07:00:00,4.3,318,-9.97472,-68.81,2.87726160734309,-3.195522749552795
2012-07-01 08:00:00,4.3,312,-9.97472,-68.81,3.1955227495527967,-2.8772616073430886
2012-07-01 09:00:00,3.8,311,-9.97472,-68.81,2.8678964048465345,-2.4930243101639267
2012-07-01 10:00:00,2.9,300,-9.97472,-68.81,2.5114736709748717,-1.4500000000000002
2012-07-01 11:00:00,3.2,297,-9.97472,-68.81,2.8512208774027776,-1.4527695991665492
2012-07-01 12:00:00,4.4,305,-9.97472,-68.81,3.604268994871564,-2.523736319944603
2012-07-01 13:00:00,4.3,318,-9.97472,-68.81,2.87726160734309,-3.195522749552795
2012-07-01 14:00:00,3.9,326,-9.97472,-68.81,2.1808523235359116,-3.233246532964663
2012-07-01 15:00:00,4.5,331,-9.97472,-68.81,2.181643291108516,-3.9357886821272814
2012-07-01 16:00:00,4.5,331,-9.97472,-68.81,2.181643291108516,-3.9357886821272814
2012-07-01 17:00:00,4.2,340,-9.97472,-68.81,1.4364846019678081,-3.9467090073008158
2012-07-01 18:00:00,3.0,346,-9.97472,-68.81,0.7257656867990037,-2.9108871788279895
2012-07-01 19:00:00,1.9,68,-9.97472,-68.81,-1.761649323676896,-0.7117525274902327
2012-07-01 20:00:00,3.1,45,-9.97472,-68.81,-2.192031021678297,-2.1920310216782974
2012-07-01 21:00:00,4.1,38,-9.97472,-68.81,-2.524212048835199,-3.2308440897875594
2012-07-01 22:00:00,4.0,10,-9.97472,-68.81,-0.6945927106677213,-3.939231012048832
2012-07-01 23:00:00,5.8,4,-9.97472,-68.81,-0.40458754771592675,-5.78587149150698
2012-07-02 00:00:00,6.8,3,-9.97472,-68.81,-0.3558845024520181,-6.790680836331102
2012-07-02 01:00:00,7.6,3,-9.97472,-68.81,-0.3977532674463731,-7.589584464134761
2012-07-02 02:00:00,7.2,357,-9.97472,-68.81,0.37681888494919946,-7.190132650232932
2012-07-02 03:00:00,6.5,341,-9.97472,-68.81,2.1161930039715187,-6.1458707413955596
2012-07-02 04:00:00,6.1,315,-9.97472,-68.81,4.31335136523794,-4.3133513652379385
2012-07-02 05:00:00,6.0,303,-9.97472,-68.81,5.032023407672545,-3.26783421009016
2012-07-02 06:00:00,5.7,305,-9.97472,-68.81,4.669166652447253,-3.2693856872009626
2012-07-02 07:00:00,5.6,310,-9.97472,-68.81,4.289848881466277,-3.5996106142446194
2012-07-02 08:00:00,5.4,312,-9.97472,-68.81,4.012982057577931,-3.6133052743378324
2012-07-02 09:00:00,5.9,308,-9.97472,-68.81,4.649263446279659,-3.6324027044213856
2012-07-02 10:00:00,3.9,304,-9.97472,-68.81,3.2332465329646625,-2.1808523235359134
2012-07-02 11:00:00,4.0,297,-9.97472,-68.81,3.564026096753472,-1.8159619989581866
2012-07-02 12:00:00,4.1,308,-9.97472,-68.81,3.230844089787559,-2.5242120488352
2012-07-02 13:00:00,4.2,329,-9.97472,-68.81,2.163159914622229,-3.600102662948871
2012-07-02 14:00:00,4.6,342,-9.97472,-68.81,1.4214781741247589,-4.3748599749577055
2012-07-02 15:00:00,5.5,349,-9.97472,-68.81,1.0494494745709957,-5.3989495089621515
2012-07-02 16:00:00,5.2,348,-9.97472,-68.81,1.0811407922523513,-5.086367523815789
2012-07-02 17:00:00,4.4,351,-9.97472,-68.81,0.688311646177017,-4.345828698618606
2012-07-02 18:00:00,3.4,18,-9.97472,-68.81,-1.0506577808748212,-3.233592155403522
2012-07-02 19:00:00,4.1,38,-9.97472,-68.81,-2.524212048835199,-3.2308440897875594
2012-07-02 20:00:00,3.3,41,-9.97472,-68.81,-2.1649947956686737,-2.4905416147351476
2012-07-02 21:00:00,5.2,65,-9.97472,-68.81,-4.7128004925905795,-2.197614961051637
2012-07-02 22:00:00,4.8,63,-9.97472,-68.81,-4.276831316104166,-2.1791543987498248
2012-07-02 23:00:00,4.6,45,-9.97472,-68.81,-3.252691193458118,-3.2526911934581184
2012-07-03 00:00:00,5.1,39,-9.97472,-68.81,-3.2095339943541705,-3.963444403430551
2012-07-03 01:00:00,5.7,35,-9.97472,-68.81,-3.2693856872009626,-4.669166652447253
2012-07-03 02:00:00,5.0,30,-9.97472,-68.81,-2.4999999999999996,-4.330127018922194
2012-07-03 03:00:00,5.0,21,-9.97472,-68.81,-1.7918397477265013,-4.667902132486009
2012-07-03 04:00:00,5.1,8,-9.97472,-68.81,-0.7097828148963337,-5.050367150582009
2012-07-03 05:00:00,5.4,360,-9.97472,-68.81,1.3226185430791415e-15,-5.4
2012-07-03 06:00:00,5.4,360,-9.97472,-68.81,1.3226185430791415e-15,-5.4
2012-07-03 07:00:00,5.8,4,-9.97472,-68.81,-0.40458754771592675,-5.78587149150698
2012-07-03 08:00:00,5.4,4,-9.97472,-68.81,-0.37668495821827663,-5.386845871403051
2012-07-03 09:00:00,5.8,7,-9.97472,-68.81,-0.7068421917498553,-5.756767679519667
2012-07-03 10:00:00,3.7,11,-9.97472,-68.81,-0.7059932828932158,-3.632020578756357
2012-07-03 11:00:00,5.7,18,-9.97472,-68.81,-1.7613968679372003,-5.421022142882375
2012-07-03 12:00:00,7.0,21,-9.97472,-68.81,-2.5085756468171017,-6.535062985480412
2012-07-03 13:00:00,6.2,21,-9.97472,-68.81,-2.2218812871808615,-5.788198644282651
2012-07-03 14:00:00,5.5,23,-9.97472,-68.81,-2.149021206691006,-5.062776693988422
2012-07-03 15:00:00,4.3,24,-9.97472,-68.81,-1.7489675652259409,-3.9282454678631837
2012-07-03 16:00:00,5.0,30,-9.97472,-68.81,-2.4999999999999996,-4.330127018922194
2012-07-03 17:00:00,4.9,36,-9.97472,-68.81,-2.8801477362331185,-3.9641832724372428
2012-07-03 18:00:00,3.6,53,-9.97472,-68.81,-2.875087836170254,-2.1665340833473743
2012-07-03 19:00:00,3.6,37,-9.97472,-68.81,-2.166534083347374,-2.875087836170254
2012-07-03 20:00:00,4.4,35,-9.97472,-68.81,-2.523736319944603,-3.604268994871564
2012-07-03 21:00:00,4.8,77,-9.97472,-68.81,-4.676976310969129,-1.0797650608505516
2012-07-03 22:00:00,4.4,81,-9.97472,-68.81,-4.3458286986186065,-0.6883116461770161
2012-07-03 23:00:00,4.5,76,-9.97472,-68.81,-4.366330768241984,-1.0886485301985045
2012-07-04 00:00:00,4.7,86,-9.97472,-68.81,-4.688551036221174,-0.3278554265973886
2012-07-04 01:00:00,4.7,94,-9.97472,-68.81,-4.688551036221174,0.3278554265973891
2012-07-04 02:00:00,4.0,95,-9.97472,-68.81,-3.984778792366982,0.34862297099063294
2012-07-04 03:00:00,4.3,85,-9.97472,-68.81,-4.283637201794505,-0.37476969381492997
2012-07-04 04:00:00,4.5,76,-9.97472,-68.81,-4.366330768241984,-1.0886485301985045
2012-07-04 05:00:00,4.2,59,-9.97472,-68.81,-3.600102662948872,-2.1631599146222276
2012-07-04 06:00:00,4.1,52,-9.97472,-68.81,-3.23084408978756,-2.524212048835199
2012-07-04 07:00:00,4.0,350,-9.97472,-68.81,0.6945927106677215,-3.939231012048832
2012-07-04 08:00:00,3.8,319,-9.97472,-68.81,2.493024310163928,-2.867896404846533
2012-07-04 09:00:00,3.9,304,-9.97472,-68.81,3.2332465329646625,-2.1808523235359134
2012-07-04 10:00:00,2.3,309,-9.97472,-68.81,1.7874357113510326,-1.447436899414626
2012-07-04 11:00:00,3.4,328,-9.97472,-68.81,1.801725498392897,-2.883363526931848
2012-07-04 12:00:00,4.4,351,-9.97472,-68.81,0.688311646177017,-4.345828698618606
2012-07-04 13:00:00,5.4,8,-9.97472,-68.81,-0.7515347451843534,-5.34744757120448
2012-07-04 14:00:00,6.5,6,-9.97472,-68.81,-0.6794350112397476,-6.4643923198937765
2012-07-04 15:00:00,6.8,3,-9.97472,-68.81,-0.3558845024520181,-6.790680836331102
2012-07-04 16:00:00,7.2,357,-9.97472,-68.81,0.37681888494919946,-7.190132650232932
2012-07-04 17:00:00,7.6,357,-9.97472,-68.81,0.3977532674463772,-7.589584464134761
2012-07-04 18:00:00,6.9,354,-9.97472,-68.81,0.7212463965468086,-6.862201078041086
2012-07-04 19:00:00,6.6,351,-9.97472,-68.81,1.0324674692655254,-6.5187430479279085
2012-07-04 20:00:00,5.5,349,-9.97472,-68.81,1.0494494745709957,-5.3989495089621515
2012-07-04 21:00:00,4.4,351,-9.97472,-68.81,0.688311646177017,-4.345828698618606
2012-07-04 22:00:00,5.2,348,-9.97472,-68.81,1.0811407922523513,-5.086367523815789
2012-07-04 23:00:00,5.6,345,-9.97472,-68.81,1.4493866525741157,-5.4091846272187825
2012-07-05 00:00:00,7.2,342,-9.97472,-68.81,2.224922359499623,-6.8476069173251055
2012-07-05 01:00:00,7.6,335,-9.97472,-68.81,3.211898789229314,-6.88793918147854
2012-07-05 02:00:00,6.8,328,-9.97472,-68.81,3.603450996785794,-5.766727053863696
2012-07-05 03:00:00,5.9,317,-9.97472,-68.81,4.02379032436874,-4.314986839553107
2012-07-05 04:00:00,5.2,304,-9.97472,-68.81,4.310995377286217,-2.9078030980478844
2012-07-05 05:00:00,4.5,299,-9.97472,-68.81,3.9357886821272805,-2.181643291108518
2012-07-05 06:00:00,5.0,300,-9.97472,-68.81,4.330127018922193,-2.5000000000000004
2012-07-05 07:00:00,4.1,308,-9.97472,-68.81,3.230844089787559,-2.5242120488352
2012-07-05 08:00:00,4.1,315,-9.97472,-68.81,2.8991378028648453,-2.899137802864844
2012-07-05 09:00:00,5.7,325,-9.97472,-68.81,3.2693856872009652,-4.669166652447252
2012-07-05 10:00:00,3.5,336,-9.97472,-68.81,1.4235782507653005,-3.1974091017491033
2012-07-05 11:00:00,5.2,344,-9.97472,-68.81,1.4333142502483947,-4.998560818879258
2012-07-05 12:00:00,7.2,342,-9.97472,-68.81,2.224922359499623,-6.8476069173251055
2012-07-05 13:00:00,8.0,342,-9.97472,-68.81,2.472135954999581,-7.608452130361228
2012-07-05 14:00:00,8.2,337,-9.97472,-68.81,3.2039952536120455,-7.548139798310009
2012-07-05 15:00:00,8.4,335,-9.97472,-68.81,3.5499933986218735,-7.612985411107861
2012-07-05 16:00:00,8.7,336,-9.97472,-68.81,3.538608794759461,-7.947845481490628
2012-07-05 17:00:00,8.0,333,-9.97472,-68.81,3.6319239979163758,-7.128052193506942
2012-07-05 18:00:00,6.3,329,-9.97472,-68.81,3.2447398719333433,-5.400153994423306
2012-07-05 19:00:00,5.3,332,-9.97472,-68.81,2.4881992827652213,-4.679622242152313
2012-07-05 20:00:00,6.4,344,-9.97472,-68.81,1.7640790772287933,-6.1520748540052415
2012-07-05 21:00:00,7.6,341,-9.97472,-68.81,2.474317973874391,-7.185941174554808
2012-07-05 22:00:00,8.6,338,-9.97472,-68.81,3.221616703376846,-7.97378114927437
2012-07-05 23:00:00,8.4,335,-9.97472,-68.81,3.5499933986218735,-7.612985411107861
2012-07-06 00:00:00,8.4,340,-9.97472,-68.81,2.8729692039356163,-7.8934180146016315
2012-07-06 01:00:00,7.7,349,-9.97472,-68.81,1.469229264399394,-7.558529312547013
2012-07-06 02:00:00,7.4,346,-9.97472,-68.81,1.7902220274375422,-7.180188374442374
2012-07-06 03:00:00,7.4,346,-9.97472,-68.81,1.7902220274375422,-7.180188374442374
2012-07-06 04:00:00,7.5,343,-9.97472,-68.81,2.1927877854205287,-7.172285669722765
2012-07-06 05:00:00,7.0,348,-9.97472,-68.81,1.4553818357243191,-6.847033205136639
2012-07-06 06:00:00,6.5,3,-9.97472,-68.81,-0.3401837155791349,-6.49109197590473
2012-07-06 07:00:00,5.1,4,-9.97472,-68.81,-0.35575801609503904,-5.087576656325103
2012-07-06 08:00:00,4.7,351,-9.97472,-68.81,0.7352419856890863,-4.6421352007971475
2012-07-06 09:00:00,6.4,322,-9.97472,-68.81,3.9402334420842124,-5.043268823083022
2012-07-06 10:00:00,3.7,331,-9.97472,-68.81,1.7937955949114466,-3.236092916415765
2012-07-06 11:00:00,4.7,337,-9.97472,-68.81,1.8364363038995872,-4.326372811226469
2012-07-06 12:00:00,5.4,340,-9.97472,-68.81,1.8469087739586105,-5.074340152243906
2012-07-06 13:00:00,5.6,333,-9.97472,-68.81,2.542346798541463,-4.989636535454859
2012-07-06 14:00:00,5.5,328,-9.97472,-68.81,2.9145559532826275,-4.664264528860342
2012-07-06 15:00:00,5.5,328,-9.97472,-68.81,2.9145559532826275,-4.664264528860342
2012-07-06 16:00:00,4.8,318,-9.97472,-68.81,3.211826910522519,-3.5670951622914924
2012-07-06 17:00:00,3.7,299,-9.97472,-68.81,3.236092916415764,-1.7937955949114481
2012-07-06 18:00:00,4.2,340,-9.97472,-68.81,1.4364846019678081,-3.9467090073008158
2012-07-06 19:00:00,5.5,328,-9.97472,-68.81,2.9145559532826275,-4.664264528860342
2012-07-06 20:00:00,6.2,350,-9.97472,-68.81,1.0766187015349684,-6.10580806867569
2012-07-06 21:00:00,6.1,360,-9.97472,-68.81,1.4940690949597709e-15,-6.1
2012-07-06 22:00:00,6.2,7,-9.97472,-68.81,-0.7555899291119144,-6.153786140176196
2012-07-06 23:00:00,6.2,10,-9.97472,-68.81,-1.0766187015349682,-6.10580806867569
2012-07-07 00:00:00,6.2,10,-9.97472,-68.81,-1.0766187015349682,-6.10580806867569
2012-07-07 01:00:00,6.2,10,-9.97472,-68.81,-1.0766187015349682,-6.10580806867569
2012-07-07 02:00:00,5.4,8,-9.97472,-68.81,-0.7515347451843534,-5.34744757120448
2012-07-07 03:00:00,4.7,9,-9.97472,-68.81,-0.7352419856890852,-4.6421352007971475
2012-07-07 04:00:00,3.7,11,-9.97472,-68.81,-0.7059932828932158,-3.632020578756357
2012-07-07 05:00:00,3.6,6,-9.97472,-68.81,-0.37630246776355253,-3.580278823325784
2012-07-07 06:00:00,3.9,338,-9.97472,-68.81,1.460965714322058,-3.6160170328104706
2012-07-07 07:00:00,2.2,270,-9.97472,-68.81,2.2,4.0413344371862655e-16
2012-07-07 08:00:00,2.8,220,-9.97472,-68.81,1.7998053071223097,2.1449244407331385
2012-07-07 09:00:00,2.5,225,-9.97472,-68.81,1.7677669529663687,1.7677669529663693
2012-07-07 10:00:00,1.3,236,-9.97472,-68.81,1.0777488443215544,0.7269507745119705
2012-07-07 11:00:00,2.4,207,-9.97472,-68.81,1.089577199374912,2.138415658052083
2012-07-07 12:00:00,4.7,184,-9.97472,-68.81,0.3278554265973888,4.688551036221174
2012-07-07 13:00:00,5.8,180,-9.97472,-68.81,-7.102951435054649e-16,5.8
2012-07-07 14:00:00,6.8,180,-9.97472,-68.81,-8.327598234202001e-16,6.8
2012-07-07 15:00:00,6.7,196,-9.97472,-68.81,1.8467702839738933,6.440453362786736
2012-07-07 16:00:00,4.9,163,-9.97472,-68.81,-1.4326213531414094,4.685893304218874
2012-07-07 17:00:00,9.6,146,-9.97472,-68.81,-5.36825187331917,7.958760696528399
2012-07-07 18:00:00,10.0,131,-9.97472,-68.81,-7.547095802227721,6.560590289905072
2012-07-07 19:00:00,9.2,116,-9.97472,-68.81,-8.268905225952334,4.033014550459513
2012-07-07 20:00:00,10.4,124,-9.97472,-68.81,-8.621990754572435,5.815606196095766
2012-07-07 21:00:00,11.5,134,-9.97472,-68.81,-8.272407703894487,7.988571260278469
2012-07-07 22:00:00,12.0,134,-9.97472,-68.81,-8.632077604063813,8.335900445507969
2012-07-07 23:00:00,12.3,140,-9.97472,-68.81,-7.906287599144436,9.422346650363428
2012-07-08 00:00:00,13.4,144,-9.97472,-68.81,-7.876322380719142,10.840827724624294
2012-07-08 01:00:00,13.5,146,-9.97472,-68.81,-7.549104196855083,11.192007229493061
2012-07-08 02:00:00,13.7,150,-9.97472,-68.81,-6.849999999999999,11.864548031846809
2012-07-08 03:00:00,14.0,151,-9.97472,-68.81,-6.78733468344872,12.24467589995154
2012-07-08 04:00:00,13.9,149,-9.97472,-68.81,-7.159029241249756,11.91462547975936
2012-07-08 05:00:00,14.0,145,-9.97472,-68.81,-8.030070108914643,11.468128620045887
2012-07-08 06:00:00,13.7,145,-9.97472,-68.81,-7.857997178009329,11.22238300675919
2012-07-08 07:00:00,13.5,146,-9.97472,-68.81,-7.549104196855083,11.192007229493061
2012-07-08 08:00:00,13.4,149,-9.97472,-68.81,-6.901510203794729,11.486041829408304
2012-07-08 09:00:00,14.3,152,-9.97472,-68.81,-6.713443347838237,12.626150577882656
2012-07-08 10:00:00,14.3,152,-9.97472,-68.81,-6.713443347838237,12.626150577882656
2012-07-08 11:00:00,14.5,150,-9.97472,-68.81,-7.249999999999999,12.557368354874361
2012-07-08 12:00:00,14.9,148,-9.97472,-68.81,-7.895797037074753,12.635916632730748
2012-07-08 13:00:00,12.5,147,-9.97472,-68.81,-6.807987937687841,10.483382099317799
2012-07-08 14:00:00,11.8,149,-9.97472,-68.81,-6.077449283938642,10.114574148284925
2012-07-08 15:00:00,10.7,147,-9.97472,-68.81,-5.827637674660791,8.973775077016036
2012-07-08 16:00:00,10.4,146,-9.97472,-68.81,-5.815606196095768,8.621990754572433
2012-07-08 17:00:00,9.8,144,-9.97472,-68.81,-5.760295472466238,7.928366544874485
2012-07-08 18:00:00,8.9,148,-9.97472,-68.81,-4.716281451675524,7.547628055792192
2012-07-08 19:00:00,7.2,143,-9.97472,-68.81,-4.333068166694747,5.750175672340509
2012-07-08 20:00:00,7.6,155,-9.97472,-68.81,-3.211898789229316,6.887939181478539
2012-07-08 21:00:00,8.0,162,-9.97472,-68.81,-2.47213595499958,7.608452130361228
2012-07-08 22:00:00,7.5,163,-9.97472,-68.81,-2.1927877854205247,7.172285669722767
2012-07-08 23:00:00,7.4,166,-9.97472,-68.81,-1.7902220274375413,7.180188374442374
2012-07-09 00:00:00,7.3,169,-9.97472,-68.81,-1.3929056662487782,7.165878439167947
2012-07-09 01:00:00,7.3,171,-9.97472,-68.81,-1.1419715947936862,7.210124886344505
2012-07-09 02:00:00,6.8,177,-9.97472,-68.81,-0.35588450245201786,6.790680836331102
2012-07-09 03:00:00,6.9,174,-9.97472,-68.81,-0.7212463965468108,6.862201078041086
2012-07-09 04:00:00,7.0,168,-9.97472,-68.81,-1.4553818357243151,6.84703320513664
2012-07-09 05:00:00,6.6,167,-9.97472,-68.81,-1.4846769586695103,6.430842427582552
2012-07-09 06:00:00,6.6,171,-9.97472,-68.81,-1.0324674692655245,6.5187430479279085
2012-07-09 07:00:00,5.8,173,-9.97472,-68.81,-0.7068421917498557,5.756767679519667
2012-07-09 08:00:00,5.1,184,-9.97472,-68.81,0.3557580160950389,5.087576656325103
2012-07-09 09:00:00,3.6,174,-9.97472,-68.81,-0.37630246776355347,3.580278823325784
2012-07-09 10:00:00,2.1,149,-9.97472,-68.81,-1.0815799573111142,1.8000513314744357
2012-07-09 11:00:00,1.8,127,-9.97472,-68.81,-1.4375439180851268,1.0832670416736871
2012-07-09 12:00:00,1.8,79,-9.97472,-68.81,-1.7669289302057951,-0.34345619167778085
2012-07-09 13:00:00,2.9,60,-9.97472,-68.81,-2.5114736709748717,-1.4500000000000002
2012-07-09 14:00:00,3.8,49,-9.97472,-68.81,-2.8678964048465336,-2.4930243101639276
2012-07-09 15:00:00,4.3,42,-9.97472,-68.81,-2.8772616073430903,-3.195522749552795
2012-07-09 16:00:00,4.4,35,-9.97472,-68.81,-2.523736319944603,-3.604268994871564
2012-07-09 17:00:00,5.0,30,-9.97472,-68.81,-2.4999999999999996,-4.330127018922194
2012-07-09 18:00:00,5.3,28,-9.97472,-68.81,-2.4881992827652213,-4.679622242152313
2012-07-09 19:00:00,3.9,34,-9.97472,-68.81,-2.180852323535913,-3.2332465329646625
2012-07-09 20:00:00,4.9,36,-9.97472,-68.81,-2.8801477362331185,-3.9641832724372428
2012-07-09 21:00:00,5.2,34,-9.97472,-68.81,-2.907803098047884,-4.310995377286217
2012-07-09 22:00:00,4.7,32,-9.97472,-68.81,-2.490620541896063,-3.9858260519352022
2012-07-09 23:00:00,5.4,20,-9.97472,-68.81,-1.8469087739586112,-5.074340152243906
2012-07-10 00:00:00,5.1,8,-9.97472,-68.81,-0.7097828148963337,-5.050367150582009
2012-07-10 01:00:00,4.4,351,-9.97472,-68.81,0.688311646177017,-4.345828698618606
2012-07-10 02:00:00,3.9,326,-9.97472,-68.81,2.1808523235359116,-3.233246532964663
2012-07-10 03:00:00,5.4,307,-9.97472,-68.81,4.312631754255383,-3.249801125021059
2012-07-10 04:00:00,5.0,300,-9.97472,-68.81,4.330127018922193,-2.5000000000000004
2012-07-10 05:00:00,4.6,288,-9.97472,-68.81,4.374859974957706,-1.421478174124757
2012-07-10 06:00:00,5.5,281,-9.97472,-68.81,5.3989495089621515,-1.0494494745709981
2012-07-10 07:00:00,3.6,315,-9.97472,-68.81,2.545584412271572,-2.5455844122715705
2012-07-10 08:00:00,3.7,11,-9.97472,-68.81,-0.7059932828932158,-3.632020578756357
2012-07-10 09:00:00,4.9,17,-9.97472,-68.81,-1.4326213531414103,-4.685893304218874
2012-07-10 10:00:00,3.8,17,-9.97472,-68.81,-1.1110124779463997,-3.6339580726595346
2012-07-10 11:00:00,5.5,23,-9.97472,-68.81,-2.149021206691006,-5.062776693988422
2012-07-10 12:00:00,5.0,30,-9.97472,-68.81,-2.4999999999999996,-4.330127018922194
2012-07-10 13:00:00,4.2,31,-9.97472,-68.81,-2.1631599146222276,-3.600102662948872
2012-07-10 14:00:00,4.3,24,-9.97472,-68.81,-1.7489675652259409,-3.9282454678631837
2012-07-10 15:00:00,4.5,14,-9.97472,-68.81,-1.0886485301985047,-4.366330768241984
2012-07-10 16:00:00,4.4,9,-9.97472,-68.81,-0.6883116461770159,-4.3458286986186065
2012-07-10 17:00:00,4.9,17,-9.97472,-68.81,-1.4326213531414103,-4.685893304218874
2012-07-10 18:00:00,5.0,21,-9.97472,-68.81,-1.7918397477265013,-4.667902132486009
2012-07-10 19:00:00,6.0,25,-9.97472,-68.81,-2.5357095704441965,-5.437846722219899
2012-07-10 20:00:00,4.7,9,-9.97472,-68.81,-0.7352419856890852,-4.6421352007971475
2012-07-10 21:00:00,5.4,356,-9.97472,-68.81,0.37668495821827847,-5.386845871403051
2012-07-10 22:00:00,5.6,345,-9.97472,-68.81,1.4493866525741157,-5.4091846272187825
2012-07-10 23:00:00,5.2,335,-9.97472,-68.81,2.1976149610516362,-4.71280049259058
2012-07-11 00:00:00,5.9,322,-9.97472,-68.81,3.6324027044213834,-4.64926344627966
2012-07-11 01:00:00,6.6,311,-9.97472,-68.81,4.981083229470297,-4.3299895913373465
2012-07-11 02:00:00,6.5,304,-9.97472,-68.81,5.38874422160777,-3.6347538725598554
2012-07-11 03:00:00,6.0,303,-9.97472,-68.81,5.032023407672545,-3.26783421009016
2012-07-11 04:00:00,5.3,298,-9.97472,-68.81,4.6796222421523135,-2.488199282765219
2012-07-11 05:00:00,4.7,302,-9.97472,-68.81,3.985826051935203,-2.490620541896062
2012-07-11 06:00:00,5.0,300,-9.97472,-68.81,4.330127018922193,-2.5000000000000004
2012-07-11 07:00:00,5.2,295,-9.97472,-68.81,4.7128004925905795,-2.197614961051638
2012-07-11 08:00:00,5.4,274,-9.97472,-68.81,5.386845871403052,-0.3766849582182762
2012-07-11 09:00:00,3.5,246,-9.97472,-68.81,3.1974091017491033,1.4235782507653003
2012-07-11 10:00:00,0.8,243,-9.97472,-68.81,0.7128052193506943,0.36319239979163753
2012-07-11 11:00:00,0.4,270,-9.97472,-68.81,0.4,7.347880794884119e-17
2012-07-11 12:00:00,2.5,172,-9.97472,-68.81,-0.3479327524001633,2.475670171853926
2012-07-11 13:00:00,3.5,156,-9.97472,-68.81,-1.4235782507653014,3.197409101749103
2012-07-11 14:00:00,2.9,150,-9.97472,-68.81,-1.4499999999999997,2.511473670974872
2012-07-11 15:00:00,2.5,135,-9.97472,-68.81,-1.7677669529663689,1.7677669529663687
2012-07-11 16:00:00,2.3,108,-9.97472,-68.81,-2.187429987478853,0.7107390870623789
2012-07-11 17:00:00,1.8,101,-9.97472,-68.81,-1.7669289302057951,0.34345619167778063
2012-07-11 18:00:00,1.5,76,-9.97472,-68.81,-1.4554435894139948,-0.3628828433995015
2012-07-11 19:00:00,3.2,27,-9.97472,-68.81,-1.4527695991665497,-2.8512208774027776
2012-07-11 20:00:00,4.0,355,-9.97472,-68.81,0.3486229709906333,-3.984778792366982
2012-07-11 21:00:00,4.4,351,-9.97472,-68.81,0.688311646177017,-4.345828698618606
2012-07-11 22:00:00,4.7,356,-9.97472,-68.81,0.3278554265973905,-4.688551036221174
2012-07-11 23:00:00,5.8,356,-9.97472,-68.81,0.4045875477159287,-5.78587149150698
2012-07-12 00:00:00,7.2,357,-9.97472,-68.81,0.37681888494919946,-7.190132650232932
2012-07-12 01:00:00,7.6,357,-9.97472,-68.81,0.3977532674463772,-7.589584464134761
2012-07-12 02:00:00,7.6,352,-9.97472,-68.81,1.0577155672965006,-7.526037322435934
2012-07-12 03:00:00,7.3,349,-9.97472,-68.81,1.392905666248776,-7.165878439167947
2012-07-12 04:00:00,7.3,349,-9.97472,-68.81,1.392905666248776,-7.165878439167947
2012-07-12 05:00:00,7.1,345,-9.97472,-68.81,1.8376152202278968,-6.858073366652385
2012-07-12 06:00:00,6.6,338,-9.97472,-68.81,2.4724035165450213,-6.119413440140796
2012-07-12 07:00:00,6.3,336,-9.97472,-68.81,2.562440851377541,-5.755336383148386
2012-07-12 08:00:00,6.9,332,-9.97472,-68.81,3.2393537832226467,-6.092338390726596
2012-07-12 09:00:00,6.0,327,-9.97472,-68.81,3.267834210090162,-5.032023407672544
2012-07-12 10:00:00,3.4,342,-9.97472,-68.81,1.0506577808748219,-3.233592155403522
2012-07-12 11:00:00,4.8,347,-9.97472,-68.81,1.0797650608505536,-4.6769763109691285
2012-07-12 12:00:00,6.0,343,-9.97472,-68.81,1.7542302283364228,-5.7378285357782115
2012-07-12 13:00:00,5.3,332,-9.97472,-68.81,2.4881992827652213,-4.679622242152313
2012-07-12 14:00:00,4.9,343,-9.97472,-68.81,1.4326213531414123,-4.685893304218873
2012-07-12 15:00:00,5.4,352,-9.97472,-68.81,0.7515347451843558,-5.34744757120448
2012-07-12 16:00:00,5.8,356,-9.97472,-68.81,0.4045875477159287,-5.78587149150698
2012-07-12 17:00:00,6.1,357,-9.97472,-68.81,0.31924933308196063,-6.0916401620029
2012-07-12 18:00:00,5.8,4,-9.97472,-68.81,-0.40458754771592675,-5.78587149150698
2012-07-12 19:00:00,4.8,347,-9.97472,-68.81,1.0797650608505536,-4.6769763109691285
2012-07-12 20:00:00,4.9,343,-9.97472,-68.81,1.4326213531414123,-4.685893304218873
2012-07-12 21:00:00,4.5,331,-9.97472,-68.81,2.181643291108516,-3.9357886821272814
2012-07-12 22:00:00,3.1,324,-9.97472,-68.81,1.8221342821066675,-2.507952682562337
2012-07-12 23:00:00,2.1,329,-9.97472,-68.81,1.0815799573111144,-1.8000513314744355
2012-07-13 00:00:00,1.5,256,-9.97472,-68.81,1.4554435894139948,0.36288284339950166
2012-07-13 01:00:00,2.3,231,-9.97472,-68.81,1.7874357113510322,1.447436899414627
2012-07-13 02:00:00,2.4,207,-9.97472,-68.81,1.089577199374912,2.138415658052083
2012-07-13 03:00:00,2.3,198,-9.97472,-68.81,0.7107390870623786,2.187429987478853
2012-07-13 04:00:00,2.2,180,-9.97472,-68.81,-2.6942229581241775e-16,2.2
2012-07-13 05:00:00,1.8,191,-9.97472,-68.81,0.3434561916777805,1.7669289302057951
2012-07-13 06:00:00,2.3,198,-9.97472,-68.81,0.7107390870623786,2.187429987478853
2012-07-13 07:00:00,1.9,202,-9.97472,-68.81,0.7117525274902328,1.761649323676896
2012-07-13 08:00:00,0.8,207,-9.97472,-68.81,0.36319239979163737,0.7128052193506944
2012-07-13 09:00:00,0.7,360,-9.97472,-68.81,1.7145055188062944e-16,-0.7
2012-07-13 10:00:00,1.4,360,-9.97472,-68.81,3.429011037612589e-16,-1.4
2012-07-13 11:00:00,2.4,27,-9.97472,-68.81,-1.0895771993749122,-2.138415658052083
2012-07-13 12:00:00,3.6,37,-9.97472,-68.81,-2.166534083347374,-2.875087836170254
2012-07-13 13:00:00,4.1,15,-9.97472,-68.81,-1.061158084920335,-3.96029588778518
2012-07-13 14:00:00,4.3,5,-9.97472,-68.81,-0.3747696938149301,-4.283637201794505
2012-07-13 15:00:00,4.3,355,-9.97472,-68.81,0.37476969381493075,-4.283637201794505
2012-07-13 16:00:00,4.4,351,-9.97472,-68.81,0.688311646177017,-4.345828698618606
2012-07-13 17:00:00,3.6,354,-9.97472,-68.81,0.3763024677635523,-3.580278823325784
2012-07-13 18:00:00,2.7,23,-9.97472,-68.81,-1.0549740469210394,-2.485363104321589
2012-07-13 19:00:00,2.9,60,-9.97472,-68.81,-2.5114736709748717,-1.4500000000000002
2012-07-13 20:00:00,3.8,49,-9.97472,-68.81,-2.8678964048465336,-2.4930243101639276
2012-07-13 21:00:00,4.8,63,-9.97472,-68.81,-4.276831316104166,-2.1791543987498248
2012-07-13 22:00:00,3.9,68,-9.97472,-68.81,-3.616017032810471,-1.4609657143220567
2012-07-13 23:00:00,6.2,69,-9.97472,-68.81,-5.788198644282651,-2.2218812871808624
2012-07-14 00:00:00,6.9,62,-9.97472,-68.81,-6.092338390726596,-3.239353783222647
2012-07-14 01:00:00,6.9,51,-9.97472,-68.81,-5.3623071340531,-4.342310698243879
2012-07-14 02:00:00,6.4,43,-9.97472,-68.81,-4.36478950439999,-4.6806636903626915
2012-07-14 03:00:00,4.7,32,-9.97472,-68.81,-2.490620541896063,-3.9858260519352022
2012-07-14 04:00:00,1.1,18,-9.97472,-68.81,-0.33991869381244216,-1.0461621679246689
2012-07-14 05:00:00,4.3,185,-9.97472,-68.81,0.37476969381492914,4.283637201794505
2012-07-14 06:00:00,7.9,177,-9.97472,-68.81,-0.4134540543192561,7.889173324561134
2012-07-14 07:00:00,8.6,165,-9.97472,-68.81,-2.2258437878816806,8.306962106085987
2012-07-14 08:00:00,7.5,163,-9.97472,-68.81,-2.1927877854205247,7.172285669722767
2012-07-14 09:00:00,5.8,158,-9.97472,-68.81,-2.172718241812291,5.377666356487366
2012-07-14 10:00:00,4.4,145,-9.97472,-68.81,-2.5237363199446023,3.6042689948715645
2012-07-14 11:00:00,3.3,131,-9.97472,-68.81,-2.490541614735148,2.1649947956686737
2012-07-14 12:00:00,3.1,111,-9.97472,-68.81,-2.8940993221413254,1.1109406435904308
2012-07-14 13:00:00,3.4,72,-9.97472,-68.81,-3.233592155403522,-1.0506577808748212
2012-07-14 14:00:00,3.6,53,-9.97472,-68.81,-2.875087836170254,-2.1665340833473743
2012-07-14 15:00:00,3.6,37,-9.97472,-68.81,-2.166534083347374,-2.875087836170254
2012-07-14 16:00:00,2.7,23,-9.97472,-68.81,-1.0549740469210394,-2.485363104321589
2012-07-14 17:00:00,1.1,18,-9.97472,-68.81,-0.33991869381244216,-1.0461621679246689
2012-07-14 18:00:00,0.7,180,-9.97472,-68.81,-8.572527594031472e-17,0.7
2012-07-14 19:00:00,2.5,180,-9.97472,-68.81,-3.061616997868383e-16,2.5
2012-07-14 20:00:00,4.3,180,-9.97472,-68.81,-5.265981236333618e-16,4.3
2012-07-14 21:00:00,5.2,168,-9.97472,-68.81,-1.0811407922523484,5.08636752381579
2012-07-14 22:00:00,5.5,148,-9.97472,-68.81,-2.914555953282627,4.664264528860342
2012-07-14 23:00:00,5.2,115,-9.97472,-68.81,-4.71280049259058,2.1976149610516367
2012-07-15 00:00:00,5.4,110,-9.97472,-68.81,-5.074340152243906,1.8469087739586112
2012-07-15 01:00:00,5.1,86,-9.97472,-68.81,-5.087576656325103,-0.35575801609503865
2012-07-15 02:00:00,5.8,83,-9.97472,-68.81,-5.756767679519667,-0.7068421917498554
2012-07-15 03:00:00,4.8,77,-9.97472,-68.81,-4.676976310969129,-1.0797650608505516
2012-07-15 04:00:00,4.0,117,-9.97472,-68.81,-3.5640260967534716,1.8159619989581868
2012-07-15 05:00:00,4.8,153,-9.97472,-68.81,-2.1791543987498248,4.276831316104166
2012-07-15 06:00:00,7.8,167,-9.97472,-68.81,-1.7546182238821486,7.600086505324834
2012-07-15 07:00:00,8.8,168,-9.97472,-68.81,-1.829622879196282,8.607698886457491
2012-07-15 08:00:00,9.1,173,-9.97472,-68.81,-1.1090110249868426,9.032169979936029
2012-07-15 09:00:00,8.1,167,-9.97472,-68.81,-1.822103540185308,7.892397524760404
2012-07-15 10:00:00,6.8,155,-9.97472,-68.81,-2.8738041798367564,6.162892951849219
2012-07-15 11:00:00,6.8,148,-9.97472,-68.81,-3.603450996785793,5.766727053863696
2012-07-15 12:00:00,6.9,141,-9.97472,-68.81,-4.342310698243878,5.3623071340531
2012-07-15 13:00:00,6.1,135,-9.97472,-68.81,-4.31335136523794,4.313351365237939
2012-07-15 14:00:00,4.0,85,-9.97472,-68.81,-3.984778792366982,-0.34862297099063255
2012-07-15 15:00:00,3.4,58,-9.97472,-68.81,-2.883363526931848,-1.8017254983928965
2012-07-15 16:00:00,2.1,59,-9.97472,-68.81,-1.800051331474436,-1.0815799573111138
2012-07-15 17:00:00,1.8,143,-9.97472,-68.81,-1.0832670416736867,1.4375439180851273
2012-07-15 18:00:00,2.5,135,-9.97472,-68.81,-1.7677669529663689,1.7677669529663687
2012-07-15 19:00:00,4.1,165,-9.97472,-68.81,-1.0611580849203361,3.9602958877851795
2012-07-15 20:00:00,4.7,148,-9.97472,-68.81,-2.490620541896063,3.9858260519352022
2012-07-15 21:00:00,6.9,137,-9.97472,-68.81,-4.705788684431241,5.046340541172277
2012-07-15 22:00:00,7.9,114,-9.97472,-68.81,-7.217009115376547,3.213219480298822
2012-07-15 23:00:00,9.0,106,-9.97472,-68.81,-8.65135526344487,2.4807362023529915
2012-07-16 00:00:00,9.5,99,-9.97472,-68.81,-9.38303923565381,1.4861274178821928
2012-07-16 01:00:00,9.0,92,-9.97472,-68.81,-8.994517443171862,0.3140954703225086
2012-07-16 02:00:00,8.4,97,-9.97472,-68.81,-8.337387673787106,1.0237024846032379
2012-07-16 03:00:00,8.1,103,-9.97472,-68.81,-7.892397524760405,1.8221035401853067
2012-07-16 04:00:00,8.3,108,-9.97472,-68.81,-7.893769085249776,2.564841053312063
2012-07-16 05:00:00,9.0,113,-9.97472,-68.81,-8.284543681071963,3.5165801564034638
2012-07-16 06:00:00,9.1,124,-9.97472,-68.81,-7.5442419102508795,5.088655421583795
2012-07-16 07:00:00,9.4,137,-9.97472,-68.81,-6.410784584587487,6.874724795220202
2012-07-16 08:00:00,8.6,147,-9.97472,-68.81,-4.683895701129234,7.212566884330646
2012-07-16 09:00:00,8.0,153,-9.97472,-68.81,-3.631923997916375,7.128052193506942
2012-07-16 10:00:00,8.9,148,-9.97472,-68.81,-4.716281451675524,7.547628055792192
2012-07-16 11:00:00,10.4,136,-9.97472,-68.81,-7.224447052773571,7.4811339235219725
2012-07-16 12:00:00,9.5,127,-9.97472,-68.81,-7.587037345449281,5.717242719944459
2012-07-16 13:00:00,8.9,122,-9.97472,-68.81,-7.547628055792193,4.716281451675523
2012-07-16 14:00:00,8.1,111,-9.97472,-68.81,-7.5620014546273335,2.902780391316932
2012-07-16 15:00:00,7.3,99,-9.97472,-68.81,-7.210124886344506,1.1419715947936848
2012-07-16 16:00:00,5.4,127,-9.97472,-68.81,-4.312631754255381,3.2498011250210617
2012-07-16 17:00:00,7.9,156,-9.97472,-68.81,-3.2132194802988234,7.2170091153765465
2012-07-16 18:00:00,11.6,154,-9.97472,-68.81,-5.085105302753297,10.426010937070338
2012-07-16 19:00:00,10.2,148,-9.97472,-68.81,-5.40517649517869,8.650090580795544
2012-07-16 20:00:00,11.8,142,-9.97472,-68.81,-7.264805408842769,9.29852689255932
2012-07-16 21:00:00,12.1,143,-9.97472,-68.81,-7.281961780139783,9.663489671572245
2012-07-16 22:00:00,11.9,145,-9.97472,-68.81,-6.825559592577447,9.747909327039004
2012-07-16 23:00:00,12.8,148,-9.97472,-68.81,-6.782966582185023,10.855015630802253
2012-07-17 00:00:00,13.7,150,-9.97472,-68.81,-6.849999999999999,11.864548031846809
2012-07-17 01:00:00,13.9,149,-9.97472,-68.81,-7.159029241249756,11.91462547975936
2012-07-17 02:00:00,14.7,149,-9.97472,-68.81,-7.571059701177799,12.600359320321049
2012-07-17 03:00:00,14.7,149,-9.97472,-68.81,-7.571059701177799,12.600359320321049
2012-07-17 04:00:00,14.7,149,-9.97472,-68.81,-7.571059701177799,12.600359320321049
2012-07-17 05:00:00,14.7,149,-9.97472,-68.81,-7.571059701177799,12.600359320321049
2012-07-17 06:00:00,14.5,150,-9.97472,-68.81,-7.249999999999999,12.557368354874361
2012-07-17 07:00:00,15.4,147,-9.97472,-68.81,-8.38744113923142,12.915526746359529
2012-07-17 08:00:00,15.4,147,-9.97472,-68.81,-8.38744113923142,12.915526746359529
2012-07-17 09:00:00,14.4,148,-9.97472,-68.81,-7.630837404958151,12.211892584652533
2012-07-17 10:00:00,17.2,147,-9.97472,-68.81,-9.367791402258469,14.425133768661292
2012-07-17 11:00:00,16.8,145,-9.97472,-68.81,-9.636084130697572,13.761754344055065
2012-07-17 12:00:00,15.7,143,-9.97472,-68.81,-9.448495863487155,12.538577507742499
2012-07-17 13:00:00,14.3,146,-9.97472,-68.81,-7.996458519631681,11.855237287537095
2012-07-17 14:00:00,13.6,148,-9.97472,-68.81,-7.206901993571586,11.533454107727392
2012-07-17 15:00:00,13.3,147,-9.97472,-68.81,-7.243699165699864,11.15431855367414
2012-07-17 16:00:00,13.6,148,-9.97472,-68.81,-7.206901993571586,11.533454107727392
2012-07-17 17:00:00,14.1,148,-9.97472,-68.81,-7.471861625688189,11.957478155805605
2012-07-17 18:00:00,12.8,148,-9.97472,-68.81,-6.782966582185023,10.855015630802253
2012-07-17 19:00:00,12.0,147,-9.97472,-68.81,-6.535668420180327,10.064046815345087
2012-07-17 20:00:00,12.3,148,-9.97472,-68.81,-6.518006950068421,10.43099158272404
2012-07-17 21:00:00,12.6,153,-9.97472,-68.81,-5.720280296718291,11.226682204773434
2012-07-17 22:00:00,13.0,156,-9.97472,-68.81,-5.2875763599854055,11.87609094935381
2012-07-17 23:00:00,13.2,158,-9.97472,-68.81,-4.944807033090041,12.238826880281591
2012-07-18 00:00:00,13.6,158,-9.97472,-68.81,-5.094649670456406,12.609700422108308
2012-07-18 01:00:00,13.6,158,-9.97472,-68.81,-5.094649670456406,12.609700422108308
2012-07-18 02:00:00,13.4,156,-9.97472,-68.81,-5.450271017215726,12.241509132410851
2012-07-18 03:00:00,13.0,156,-9.97472,-68.81,-5.2875763599854055,11.87609094935381
2012-07-18 04:00:00,12.7,155,-9.97472,-68.81,-5.367251924106883,11.510108895365454
2012-07-18 05:00:00,12.4,154,-9.97472,-68.81,-5.435802220184558,11.145046174109671
2012-07-18 06:00:00,12.1,153,-9.97472,-68.81,-5.493285046848517,10.781178942679249
2012-07-18 07:00:00,13.2,154,-9.97472,-68.81,-5.78649913761582,11.864081411149003
2012-07-18 08:00:00,13.2,154,-9.97472,-68.81,-5.78649913761582,11.864081411149003
2012-07-18 09:00:00,12.6,153,-9.97472,-68.81,-5.720280296718291,11.226682204773434
2012-07-18 10:00:00,13.5,151,-9.97472,-68.81,-6.544929873325552,11.807366046381842
2012-07-18 11:00:00,15.6,146,-9.97472,-68.81,-8.723409294143652,12.93298613185865
2012-07-18 12:00:00,15.7,143,-9.97472,-68.81,-9.448495863487155,12.538577507742499
2012-07-18 13:00:00,14.7,144,-9.97472,-68.81,-8.640443208699356,11.892549817311725
2012-07-18 14:00:00,14.0,145,-9.97472,-68.81,-8.030070108914643,11.468128620045887
2012-07-18 15:00:00,13.5,146,-9.97472,-68.81,-7.549104196855083,11.192007229493061
2012-07-18 16:00:00,13.0,146,-9.97472,-68.81,-7.26950774511971,10.77748844321554
2012-07-18 17:00:00,12.7,145,-9.97472,-68.81,-7.284420741658283,10.403230962470197
2012-07-18 18:00:00,10.9,146,-9.97472,-68.81,-6.095202647831141,9.036509540849954
2012-07-18 19:00:00,9.3,144,-9.97472,-68.81,-5.466402846320002,7.5238580476870105
2012-07-18 20:00:00,9.9,147,-9.97472,-68.81,-5.39192644664877,8.302838622659698
2012-07-18 21:00:00,10.9,153,-9.97472,-68.81,-4.948496447161061,9.71197111365321
2012-07-18 22:00:00,11.3,153,-9.97472,-68.81,-5.1300926470568795,10.068373723328557
2012-07-18 23:00:00,11.8,153,-9.97472,-68.81,-5.357087896926653,10.51387698542274
2012-07-19 00:00:00,11.8,153,-9.97472,-68.81,-5.357087896926653,10.51387698542274
2012-07-19 01:00:00,11.6,154,-9.97472,-68.81,-5.085105302753297,10.426010937070338
2012-07-19 02:00:00,11.8,157,-9.97472,-68.81,-4.610627316173431,10.861957270738797
2012-07-19 03:00:00,11.6,158,-9.97472,-68.81,-4.345436483624582,10.755332712974733
2012-07-19 04:00:00,11.3,158,-9.97472,-68.81,-4.233054505599808,10.477177556604698
2012-07-19 05:00:00,11.0,157,-9.97472,-68.81,-4.298042413382012,10.125553387976844
2012-07-19 06:00:00,10.8,159,-9.97472,-68.81,-3.8703738550892424,10.08266860616978
2012-07-19 07:00:00,11.3,158,-9.97472,-68.81,-4.233054505599808,10.477177556604698
2012-07-19 08:00:00,11.2,159,-9.97472,-68.81,-4.013721034907362,10.45610077676866
2012-07-19 09:00:00,10.2,157,-9.97472,-68.81,-3.9854575105905923,9.389149505214892
2012-07-19 10:00:00,9.5,155,-9.97472,-68.81,-4.014873486536645,8.609923976848174
2012-07-19 11:00:00,10.5,149,-9.97472,-68.81,-5.407899786555571,9.000256657372178
2012-07-19 12:00:00,10.1,145,-9.97472,-68.81,-5.793122007145564,8.273435647318818
2012-07-19 13:00:00,9.0,143,-9.97472,-68.81,-5.416335208368434,7.187719590425637
2012-07-19 14:00:00,8.4,140,-9.97472,-68.81,-5.3994159213669315,6.434773322199415
2012-07-19 15:00:00,7.4,137,-9.97472,-68.81,-5.04678786446249,5.412017391981862
2012-07-19 16:00:00,6.1,130,-9.97472,-68.81,-4.6728711030257655,3.92100441908789
2012-07-19 17:00:00,5.4,127,-9.97472,-68.81,-4.312631754255381,3.2498011250210617
2012-07-19 18:00:00,5.0,120,-9.97472,-68.81,-4.330127018922194,2.499999999999999
2012-07-19 19:00:00,4.7,99,-9.97472,-68.81,-4.6421352007971475,0.7352419856890848
2012-07-19 20:00:00,4.8,103,-9.97472,-68.81,-4.676976310969129,1.079765060850552
2012-07-19 21:00:00,6.0,115,-9.97472,-68.81,-5.4378467222199,2.535709570444196
2012-07-19 22:00:00,6.7,126,-9.97472,-68.81,-5.420413862312148,3.9381611903595695
2012-07-19 23:00:00,7.1,131,-9.97472,-68.81,-5.358438019581682,4.658019105832601
2012-07-20 00:00:00,6.4,137,-9.97472,-68.81,-4.364789504399991,4.6806636903626915
2012-07-20 01:00:00,5.5,148,-9.97472,-68.81,-2.914555953282627,4.664264528860342
2012-07-20 02:00:00,6.4,164,-9.97472,-68.81,-1.764079077228795,6.1520748540052415
2012-07-20 03:00:00,7.6,177,-9.97472,-68.81,-0.3977532674463729,7.589584464134761
2012-07-20 04:00:00,7.9,183,-9.97472,-68.81,0.4134540543192542,7.889173324561134
2012-07-20 05:00:00,7.9,180,-9.97472,-68.81,-9.67470971326409e-16,7.9
2012-07-20 06:00:00,7.6,172,-9.97472,-68.81,-1.0577155672964964,7.5260373224359345
2012-07-20 07:00:00,7.1,156,-9.97472,-68.81,-2.887830165838183,6.486172749262465
2012-07-20 08:00:00,7.4,151,-9.97472,-68.81,-3.5875911898228954,6.472185832831529
2012-07-20 09:00:00,6.9,152,-9.97472,-68.81,-3.2393537832226458,6.092338390726597
2012-07-20 10:00:00,4.1,142,-9.97472,-68.81,-2.5242120488351993,3.2308440897875594
2012-07-20 11:00:00,4.6,135,-9.97472,-68.81,-3.2526911934581184,3.252691193458118
2012-07-20 12:00:00,4.8,132,-9.97472,-68.81,-3.5670951622914924,3.2118269105225195
2012-07-20 13:00:00,3.6,135,-9.97472,-68.81,-2.5455844122715714,2.545584412271571
2012-07-20 14:00:00,1.8,143,-9.97472,-68.81,-1.0832670416736867,1.4375439180851273
2012-07-20 15:00:00,0.8,117,-9.97472,-68.81,-0.7128052193506944,0.36319239979163737
2012-07-20 16:00:00,1.6,27,-9.97472,-68.81,-0.7263847995832748,-1.4256104387013888
2012-07-20 17:00:00,2.4,27,-9.97472,-68.81,-1.0895771993749122,-2.138415658052083
2012-07-20 18:00:00,2.3,18,-9.97472,-68.81,-0.710739087062379,-2.1874299874788528
2012-07-20 19:00:00,4.0,27,-9.97472,-68.81,-1.815961998958187,-3.5640260967534716
2012-07-20 20:00:00,5.8,30,-9.97472,-68.81,-2.8999999999999995,-5.022947341949744
2012-07-20 21:00:00,4.4,35,-9.97472,-68.81,-2.523736319944603,-3.604268994871564
2012-07-20 22:00:00,3.4,32,-9.97472,-68.81,-1.8017254983928965,-2.883363526931848
2012-07-20 23:00:00,2.1,329,-9.97472,-68.81,1.0815799573111144,-1.8000513314744355
2012-07-21 00:00:00,2.3,288,-9.97472,-68.81,2.187429987478853,-0.7107390870623785
2012-07-21 01:00:00,3.0,284,-9.97472,-68.81,2.9108871788279895,-0.7257656867990023
2012-07-21 02:00:00,3.3,283,-9.97472,-68.81,3.2154212137912763,-0.7423384793347542
2012-07-21 03:00:00,4.5,284,-9.97472,-68.81,4.366330768241984,-1.0886485301985036
2012-07-21 04:00:00,5.6,285,-9.97472,-68.81,5.4091846272187825,-1.4493866525741135
2012-07-21 05:00:00,5.2,282,-9.97472,-68.81,5.086367523815789,-1.081140792252349
2012-07-21 06:00:00,4.7,279,-9.97472,-68.81,4.6421352007971475,-0.7352419856890842
2012-07-21 07:00:00,5.1,278,-9.97472,-68.81,5.050367150582009,-0.7097828148963339
2012-07-21 08:00:00,5.4,270,-9.97472,-68.81,5.4,9.919639073093561e-16
2012-07-21 09:00:00,6.5,264,-9.97472,-68.81,6.464392319893777,0.6794350112397468
2012-07-21 10:00:00,2.9,263,-9.97472,-68.81,2.878383839759834,0.35342109587492676
2012-07-21 11:00:00,2.5,270,-9.97472,-68.81,2.5,4.592425496802574e-16
2012-07-21 12:00:00,3.2,270,-9.97472,-68.81,3.2,5.878304635907295e-16
2012-07-21 13:00:00,3.4,302,-9.97472,-68.81,2.883363526931849,-1.8017254983928959
2012-07-21 14:00:00,4.1,322,-9.97472,-68.81,2.5242120488351985,-3.23084408978756
2012-07-21 15:00:00,5.0,330,-9.97472,-68.81,2.500000000000002,-4.330127018922192
2012-07-21 16:00:00,5.4,340,-9.97472,-68.81,1.8469087739586105,-5.074340152243906
2012-07-21 17:00:00,5.2,348,-9.97472,-68.81,1.0811407922523513,-5.086367523815789
2012-07-21 18:00:00,5.0,360,-9.97472,-68.81,1.2246467991473533e-15,-5.0
2012-07-21 19:00:00,5.6,15,-9.97472,-68.81,-1.4493866525741161,-5.4091846272187825
2012-07-21 20:00:00,5.8,7,-9.97472,-68.81,-0.7068421917498553,-5.756767679519667
2012-07-21 21:00:00,5.4,352,-9.97472,-68.81,0.7515347451843558,-5.34744757120448
2012-07-21 22:00:00,6.3,347,-9.97472,-68.81,1.4171916423663515,-6.1385314081469815
2012-07-21 23:00:00,7.1,345,-9.97472,-68.81,1.8376152202278968,-6.858073366652385
2012-07-22 00:00:00,6.8,342,-9.97472,-68.81,2.1013155617496437,-6.467184310807044
2012-07-22 01:00:00,6.6,347,-9.97472,-68.81,1.4846769586695112,-6.430842427582552
2012-07-22 02:00:00,6.5,357,-9.97472,-68.81,0.3401837155791384,-6.49109197590473
2012-07-22 03:00:00,6.8,3,-9.97472,-68.81,-0.3558845024520181,-6.790680836331102
2012-07-22 04:00:00,7.2,3,-9.97472,-68.81,-0.37681888494919563,-7.190132650232932
2012-07-22 05:00:00,7.6,360,-9.97472,-68.81,1.8614631347039767e-15,-7.6
2012-07-22 06:00:00,7.0,348,-9.97472,-68.81,1.4553818357243191,-6.847033205136639
2012-07-22 07:00:00,6.8,328,-9.97472,-68.81,3.603450996785794,-5.766727053863696
2012-07-22 08:00:00,6.9,317,-9.97472,-68.81,4.705788684431238,-5.046340541172278
2012-07-22 09:00:00,5.9,322,-9.97472,-68.81,3.6324027044213834,-4.64926344627966
2012-07-22 10:00:00,3.9,326,-9.97472,-68.81,2.1808523235359116,-3.233246532964663
2012-07-22 11:00:00,4.2,329,-9.97472,-68.81,2.163159914622229,-3.600102662948871
2012-07-22 12:00:00,4.6,321,-9.97472,-68.81,2.894873798829254,-3.5748714227020644
2012-07-22 13:00:00,5.1,315,-9.97472,-68.81,3.606244584051393,-3.606244584051391
2012-07-22 14:00:00,5.7,325,-9.97472,-68.81,3.2693856872009652,-4.669166652447252
2012-07-22 15:00:00,5.5,328,-9.97472,-68.81,2.9145559532826275,-4.664264528860342
2012-07-22 16:00:00,4.9,324,-9.97472,-68.81,2.88014773623312,-3.9641832724372423
2012-07-22 17:00:00,3.8,311,-9.97472,-68.81,2.8678964048465345,-2.4930243101639267
2012-07-22 18:00:00,2.0,315,-9.97472,-68.81,1.4142135623730954,-1.4142135623730947
2012-07-22 19:00:00,1.5,346,-9.97472,-68.81,0.36288284339950183,-1.4554435894139948
2012-07-22 20:00:00,1.8,323,-9.97472,-68.81,1.083267041673687,-1.437543918085127
2012-07-22 21:00:00,2.1,329,-9.97472,-68.81,1.0815799573111144,-1.8000513314744355
2012-07-22 22:00:00,4.0,5,-9.97472,-68.81,-0.34862297099063266,-3.984778792366982
2012-07-22 23:00:00,4.7,356,-9.97472,-68.81,0.3278554265973905,-4.688551036221174
2012-07-23 00:00:00,5.0,360,-9.97472,-68.81,1.2246467991473533e-15,-5.0
2012-07-23 01:00:00,6.2,7,-9.97472,-68.81,-0.7555899291119144,-6.153786140176196
2012-07-23 02:00:00,6.1,3,-9.97472,-68.81,-0.31924933308195735,-6.0916401620029
2012-07-23 03:00:00,5.4,356,-9.97472,-68.81,0.37668495821827847,-5.386845871403051
2012-07-23 04:00:00,4.4,351,-9.97472,-68.81,0.688311646177017,-4.345828698618606
2012-07-23 05:00:00,4.6,342,-9.97472,-68.81,1.4214781741247589,-4.3748599749577055
2012-07-23 06:00:00,4.2,340,-9.97472,-68.81,1.4364846019678081,-3.9467090073008158
2012-07-23 07:00:00,4.8,347,-9.97472,-68.81,1.0797650608505536,-4.6769763109691285
2012-07-23 08:00:00,3.9,338,-9.97472,-68.81,1.460965714322058,-3.6160170328104706
2012-07-23 09:00:00,4.0,333,-9.97472,-68.81,1.8159619989581879,-3.564026096753471
2012-07-23 10:00:00,1.8,360,-9.97472,-68.81,4.4087284769304716e-16,-1.8
2012-07-23 11:00:00,2.3,18,-9.97472,-68.81,-0.710739087062379,-2.1874299874788528
2012-07-23 12:00:00,3.5,24,-9.97472,-68.81,-1.4235782507653008,-3.197409101749103
2012-07-23 13:00:00,3.7,11,-9.97472,-68.81,-0.7059932828932158,-3.632020578756357
2012-07-23 14:00:00,3.3,354,-9.97472,-68.81,0.34494392878325625,-3.2819222547153015
2012-07-23 15:00:00,4.2,340,-9.97472,-68.81,1.4364846019678081,-3.9467090073008158
2012-07-23 16:00:00,4.3,336,-9.97472,-68.81,1.7489675652259407,-3.928245467863184
2012-07-23 17:00:00,4.2,329,-9.97472,-68.81,2.163159914622229,-3.600102662948871
2012-07-23 18:00:00,2.3,231,-9.97472,-68.81,1.7874357113510322,1.447436899414627
2012-07-23 19:00:00,4.7,302,-9.97472,-68.81,3.985826051935203,-2.490620541896062
2012-07-23 20:00:00,4.3,294,-9.97472,-68.81,3.9282454678631846,-1.7489675652259389
2012-07-23 21:00:00,3.8,287,-9.97472,-68.81,3.6339580726595346,-1.1110124779463995
2012-07-23 22:00:00,3.8,343,-9.97472,-68.81,1.1110124779464012,-3.633958072659534
2012-07-23 23:00:00,4.0,5,-9.97472,-68.81,-0.34862297099063266,-3.984778792366982
2012-07-24 00:00:00,5.4,8,-9.97472,-68.81,-0.7515347451843534,-5.34744757120448
2012-07-24 01:00:00,6.8,360,-9.97472,-68.81,1.6655196468404002e-15,-6.8
2012-07-24 02:00:00,6.9,351,-9.97472,-68.81,1.0793978087775948,-6.81504955010645
2012-07-24 03:00:00,6.4,344,-9.97472,-68.81,1.7640790772287933,-6.1520748540052415
2012-07-24 04:00:00,4.7,337,-9.97472,-68.81,1.8364363038995872,-4.326372811226469
2012-07-24 05:00:00,4.3,336,-9.97472,-68.81,1.7489675652259407,-3.928245467863184
2012-07-24 06:00:00,5.6,333,-9.97472,-68.81,2.542346798541463,-4.989636535454859
2012-07-24 07:00:00,5.4,318,-9.97472,-68.81,3.613305274337834,-4.012982057577929
2012-07-24 08:00:00,5.9,308,-9.97472,-68.81,4.649263446279659,-3.6324027044213856
2012-07-24 09:00:00,5.1,309,-9.97472,-68.81,3.9634444034305507,-3.209533994354171
2012-07-24 10:00:00,4.3,318,-9.97472,-68.81,2.87726160734309,-3.195522749552795
2012-07-24 11:00:00,5.1,321,-9.97472,-68.81,3.2095339943541727,-3.96344440343055
2012-07-24 12:00:00,5.1,315,-9.97472,-68.81,3.606244584051393,-3.606244584051391
2012-07-24 13:00:00,4.2,329,-9.97472,-68.81,2.163159914622229,-3.600102662948871
2012-07-24 14:00:00,4.7,351,-9.97472,-68.81,0.7352419856890863,-4.6421352007971475
2012-07-24 15:00:00,4.7,356,-9.97472,-68.81,0.3278554265973905,-4.688551036221174
2012-07-24 16:00:00,3.6,354,-9.97472,-68.81,0.3763024677635523,-3.580278823325784
2012-07-24 17:00:00,5.6,345,-9.97472,-68.81,1.4493866525741157,-5.4091846272187825
2012-07-24 18:00:00,4.1,345,-9.97472,-68.81,1.0611580849203348,-3.96029588778518
2012-07-24 19:00:00,3.5,66,-9.97472,-68.81,-3.197409101749103,-1.4235782507653008
2012-07-24 20:00:00,1.9,68,-9.97472,-68.81,-1.761649323676896,-0.7117525274902327
2012-07-24 21:00:00,3.1,36,-9.97472,-68.81,-1.8221342821066668,-2.5079526825623373
2012-07-24 22:00:00,5.2,25,-9.97472,-68.81,-2.197614961051637,-4.7128004925905795
2012-07-24 23:00:00,4.8,13,-9.97472,-68.81,-1.079765060850552,-4.676976310969129
2012-07-25 00:00:00,5.4,8,-9.97472,-68.81,-0.7515347451843534,-5.34744757120448
2012-07-25 01:00:00,5.0,360,-9.97472,-68.81,1.2246467991473533e-15,-5.0
2012-07-25 02:00:00,5.0,360,-9.97472,-68.81,1.2246467991473533e-15,-5.0
2012-07-25 03:00:00,5.1,356,-9.97472,-68.81,0.3557580160950407,-5.087576656325103
2012-07-25 04:00:00,4.1,345,-9.97472,-68.81,1.0611580849203348,-3.96029588778518
2012-07-25 05:00:00,1.8,307,-9.97472,-68.81,1.4375439180851275,-1.0832670416736863
2012-07-25 06:00:00,1.4,270,-9.97472,-68.81,1.4,2.5717582782094415e-16
2012-07-25 07:00:00,3.6,307,-9.97472,-68.81,2.875087836170255,-2.1665340833473725
2012-07-25 08:00:00,3.6,323,-9.97472,-68.81,2.166534083347374,-2.875087836170254
2012-07-25 09:00:00,4.0,350,-9.97472,-68.81,0.6945927106677215,-3.939231012048832
2012-07-25 10:00:00,3.3,6,-9.97472,-68.81,-0.3449439287832564,-3.2819222547153015
2012-07-25 11:00:00,4.0,10,-9.97472,-68.81,-0.6945927106677213,-3.939231012048832
2012-07-25 12:00:00,5.0,21,-9.97472,-68.81,-1.7918397477265013,-4.667902132486009
2012-07-25 13:00:00,4.6,18,-9.97472,-68.81,-1.421478174124758,-4.3748599749577055
2012-07-25 14:00:00,4.1,15,-9.97472,-68.81,-1.061158084920335,-3.96029588778518
2012-07-25 15:00:00,4.0,355,-9.97472,-68.81,0.3486229709906333,-3.984778792366982
2012-07-25 16:00:00,5.9,346,-9.97472,-68.81,1.4273391840380405,-5.7247447850283795
2012-07-25 17:00:00,3.1,306,-9.97472,-68.81,2.5079526825623377,-1.8221342821066662
2012-07-25 18:00:00,4.0,270,-9.97472,-68.81,4.0,7.347880794884119e-16
2012-07-25 19:00:00,1.1,252,-9.97472,-68.81,1.0461621679246689,0.33991869381244233
2012-07-25 20:00:00,0.7,360,-9.97472,-68.81,1.7145055188062944e-16,-0.7
2012-07-25 21:00:00,1.1,342,-9.97472,-68.81,0.3399186938124424,-1.0461621679246689
2012-07-25 22:00:00,2.3,252,-9.97472,-68.81,2.1874299874788528,0.7107390870623793
2012-07-25 23:00:00,3.3,283,-9.97472,-68.81,3.2154212137912763,-0.7423384793347542
2012-07-26 00:00:00,4.3,294,-9.97472,-68.81,3.9282454678631846,-1.7489675652259389
2012-07-26 01:00:00,4.6,288,-9.97472,-68.81,4.374859974957706,-1.421478174124757
2012-07-26 02:00:00,5.0,291,-9.97472,-68.81,4.667902132486009,-1.791839747726502
2012-07-26 03:00:00,5.8,292,-9.97472,-68.81,5.377666356487367,-2.1727182418122895
2012-07-26 04:00:00,5.9,284,-9.97472,-68.81,5.72474478502838,-1.427339184038038
2012-07-26 05:00:00,5.8,274,-9.97472,-68.81,5.785871491506981,-0.40458754771592625
2012-07-26 06:00:00,5.4,262,-9.97472,-68.81,5.34744757120448,0.7515347451843555
2012-07-26 07:00:00,4.7,279,-9.97472,-68.81,4.6421352007971475,-0.7352419856890842
2012-07-26 08:00:00,5.1,278,-9.97472,-68.81,5.050367150582009,-0.7097828148963339
2012-07-26 09:00:00,4.3,270,-9.97472,-68.81,4.3,7.898971854500428e-16
2012-07-26 10:00:00,2.9,277,-9.97472,-68.81,2.8783838397598336,-0.35342109587492826
2012-07-26 11:00:00,3.7,299,-9.97472,-68.81,3.236092916415764,-1.7937955949114481
2012-07-26 12:00:00,4.2,329,-9.97472,-68.81,2.163159914622229,-3.600102662948871
2012-07-26 13:00:00,5.2,335,-9.97472,-68.81,2.1976149610516362,-4.71280049259058
2012-07-26 14:00:00,6.0,335,-9.97472,-68.81,2.535709570444195,-5.4378467222199
2012-07-26 15:00:00,6.6,338,-9.97472,-68.81,2.4724035165450213,-6.119413440140796
2012-07-26 16:00:00,6.1,332,-9.97472,-68.81,2.8637765329939335,-5.385980316439453
2012-07-26 17:00:00,3.3,319,-9.97472,-68.81,2.164994795668674,-2.490541614735147
2012-07-26 18:00:00,1.8,11,-9.97472,-68.81,-0.34345619167778063,-1.7669289302057951
2012-07-26 19:00:00,3.7,61,-9.97472,-68.81,-3.2360929164157644,-1.7937955949114475
2012-07-26 20:00:00,4.1,38,-9.97472,-68.81,-2.524212048835199,-3.2308440897875594
2012-07-26 21:00:00,5.5,23,-9.97472,-68.81,-2.149021206691006,-5.062776693988422
2012-07-26 22:00:00,6.5,19,-9.97472,-68.81,-2.1161930039715187,-6.1458707413955596
2012-07-26 23:00:00,7.1,15,-9.97472,-68.81,-1.8376152202278973,-6.858073366652385
2012-07-27 00:00:00,7.1,15,-9.97472,-68.81,-1.8376152202278973,-6.858073366652385
2012-07-27 01:00:00,6.6,9,-9.97472,-68.81,-1.0324674692655236,-6.518743047927909
2012-07-27 02:00:00,6.5,354,-9.97472,-68.81,0.6794350112397471,-6.4643923198937765
2012-07-27 03:00:00,6.2,339,-9.97472,-68.81,2.2218812871808646,-5.78819864428265
2012-07-27 04:00:00,5.9,322,-9.97472,-68.81,3.6324027044213834,-4.64926344627966
2012-07-27 05:00:00,5.4,307,-9.97472,-68.81,4.312631754255383,-3.249801125021059
2012-07-27 06:00:00,4.7,302,-9.97472,-68.81,3.985826051935203,-2.490620541896062
2012-07-27 07:00:00,4.7,302,-9.97472,-68.81,3.985826051935203,-2.490620541896062
2012-07-27 08:00:00,4.3,312,-9.97472,-68.81,3.1955227495527967,-2.8772616073430886
2012-07-27 09:00:00,3.3,319,-9.97472,-68.81,2.164994795668674,-2.490541614735147
2012-07-27 10:00:00,2.7,337,-9.97472,-68.81,1.0549740469210396,-2.4853631043215887
2012-07-27 11:00:00,4.4,351,-9.97472,-68.81,0.688311646177017,-4.345828698618606
2012-07-27 12:00:00,5.8,4,-9.97472,-68.81,-0.40458754771592675,-5.78587149150698
2012-07-27 13:00:00,5.8,360,-9.97472,-68.81,1.4205902870109297e-15,-5.8
2012-07-27 14:00:00,5.4,360,-9.97472,-68.81,1.3226185430791415e-15,-5.4
2012-07-27 15:00:00,5.8,4,-9.97472,-68.81,-0.40458754771592675,-5.78587149150698
2012-07-27 16:00:00,5.8,360,-9.97472,-68.81,1.4205902870109297e-15,-5.8
2012-07-27 17:00:00,5.0,360,-9.97472,-68.81,1.2246467991473533e-15,-5.0
2012-07-27 18:00:00,3.3,13,-9.97472,-68.81,-0.7423384793347545,-3.2154212137912763
2012-07-27 19:00:00,2.6,106,-9.97472,-68.81,-2.499280409439629,0.7166571251241975
2012-07-27 20:00:00,2.9,90,-9.97472,-68.81,-2.9,-1.7757378587636622e-16
2012-07-27 21:00:00,4.0,95,-9.97472,-68.81,-3.984778792366982,0.34862297099063294
2012-07-27 22:00:00,6.0,107,-9.97472,-68.81,-5.737828535778213,1.75423022833642
2012-07-27 23:00:00,6.6,119,-9.97472,-68.81,-5.772490067120012,3.199743493625824
2012-07-28 00:00:00,5.6,117,-9.97472,-68.81,-4.98963653545486,2.542346798541461
2012-07-28 01:00:00,4.5,119,-9.97472,-68.81,-3.9357886821272814,2.1816432911085166
2012-07-28 02:00:00,5.9,133,-9.97472,-68.81,-4.314986839553106,4.023790324368741
2012-07-28 03:00:00,6.6,151,-9.97472,-68.81,-3.1997434936258253,5.772490067120011
2012-07-28 04:00:00,7.2,162,-9.97472,-68.81,-2.224922359499622,6.8476069173251055
2012-07-28 05:00:00,7.7,169,-9.97472,-68.81,-1.4692292643993963,7.558529312547013
2012-07-28 06:00:00,7.8,167,-9.97472,-68.81,-1.7546182238821486,7.600086505324834
2012-07-28 07:00:00,6.6,158,-9.97472,-68.81,-2.4724035165450204,6.119413440140796
2012-07-28 08:00:00,6.4,164,-9.97472,-68.81,-1.764079077228795,6.1520748540052415
2012-07-28 09:00:00,5.5,169,-9.97472,-68.81,-1.0494494745709972,5.3989495089621515
2012-07-28 10:00:00,5.4,160,-9.97472,-68.81,-1.846908773958612,5.074340152243905
2012-07-28 11:00:00,4.1,142,-9.97472,-68.81,-2.5242120488351993,3.2308440897875594
2012-07-28 12:00:00,1.8,127,-9.97472,-68.81,-1.4375439180851268,1.0832670416736871
2012-07-28 13:00:00,0.0,270,-9.97472,-68.81,0.0,0.0
2012-07-28 14:00:00,0.5,315,-9.97472,-68.81,0.35355339059327384,-0.3535533905932737
2012-07-28 15:00:00,1.6,333,-9.97472,-68.81,0.7263847995832752,-1.4256104387013886
2012-07-28 16:00:00,2.3,342,-9.97472,-68.81,0.7107390870623794,-2.1874299874788528
2012-07-28 17:00:00,2.5,360,-9.97472,-68.81,6.123233995736766e-16,-2.5
2012-07-28 18:00:00,2.1,31,-9.97472,-68.81,-1.0815799573111138,-1.800051331474436
2012-07-28 19:00:00,3.8,49,-9.97472,-68.81,-2.8678964048465336,-2.4930243101639276
2012-07-28 20:00:00,4.7,32,-9.97472,-68.81,-2.490620541896063,-3.9858260519352022
2012-07-28 21:00:00,5.2,16,-9.97472,-68.81,-1.4333142502483958,-4.998560818879258
2012-07-28 22:00:00,5.1,4,-9.97472,-68.81,-0.35575801609503904,-5.087576656325103
2012-07-28 23:00:00,5.4,360,-9.97472,-68.81,1.3226185430791415e-15,-5.4
2012-07-29 00:00:00,5.4,352,-9.97472,-68.81,0.7515347451843558,-5.34744757120448
2012-07-29 01:00:00,5.5,337,-9.97472,-68.81,2.1490212066910064,-5.062776693988422
2012-07-29 02:00:00,6.7,324,-9.97472,-68.81,3.9381611903595717,-5.420413862312147
2012-07-29 03:00:00,7.1,319,-9.97472,-68.81,4.658019105832603,-5.35843801958168
2012-07-29 04:00:00,6.9,321,-9.97472,-68.81,4.342310698243882,-5.362307134053097
2012-07-29 05:00:00,6.6,319,-9.97472,-68.81,4.329989591337348,-4.981083229470294
2012-07-29 06:00:00,6.4,308,-9.97472,-68.81,5.04326882308302,-3.9402334420842147
2012-07-29 07:00:00,6.1,320,-9.97472,-68.81,3.9210044190878914,-4.672871103025765
2012-07-29 08:00:00,6.1,310,-9.97472,-68.81,4.672871103025766,-3.921004419087889
2012-07-29 09:00:00,5.4,307,-9.97472,-68.81,4.312631754255383,-3.249801125021059
2012-07-29 10:00:00,4.6,309,-9.97472,-68.81,3.5748714227020653,-2.894873798829252
2012-07-29 11:00:00,6.2,324,-9.97472,-68.81,3.644268564213335,-5.015905365124674
2012-07-29 12:00:00,7.2,342,-9.97472,-68.81,2.224922359499623,-6.8476069173251055
2012-07-29 13:00:00,7.3,349,-9.97472,-68.81,1.392905666248776,-7.165878439167947
2012-07-29 14:00:00,6.9,351,-9.97472,-68.81,1.0793978087775948,-6.81504955010645
2012-07-29 15:00:00,7.0,348,-9.97472,-68.81,1.4553818357243191,-6.847033205136639
2012-07-29 16:00:00,7.6,355,-9.97472,-68.81,0.6623836448822031,-7.571079705497266
2012-07-29 17:00:00,7.6,360,-9.97472,-68.81,1.8614631347039767e-15,-7.6
2012-07-29 18:00:00,7.3,9,-9.97472,-68.81,-1.1419715947936853,-7.210124886344506
2012-07-29 19:00:00,6.3,13,-9.97472,-68.81,-1.4171916423663495,-6.1385314081469815
2012-07-29 20:00:00,5.6,15,-9.97472,-68.81,-1.4493866525741161,-5.4091846272187825
2012-07-29 21:00:00,4.6,18,-9.97472,-68.81,-1.421478174124758,-4.3748599749577055
2012-07-29 22:00:00,4.6,18,-9.97472,-68.81,-1.421478174124758,-4.3748599749577055
2012-07-29 23:00:00,4.8,13,-9.97472,-68.81,-1.079765060850552,-4.676976310969129
2012-07-30 00:00:00,6.5,360,-9.97472,-68.81,1.592040838891559e-15,-6.5
2012-07-30 01:00:00,6.8,357,-9.97472,-68.81,0.3558845024520217,-6.790680836331102
2012-07-30 02:00:00,7.2,354,-9.97472,-68.81,0.7526049355271046,-7.160557646651568
2012-07-30 03:00:00,6.9,351,-9.97472,-68.81,1.0793978087775948,-6.81504955010645
2012-07-30 04:00:00,6.9,351,-9.97472,-68.81,1.0793978087775948,-6.81504955010645
2012-07-30 05:00:00,7.1,345,-9.97472,-68.81,1.8376152202278968,-6.858073366652385
2012-07-30 06:00:00,6.2,339,-9.97472,-68.81,2.2218812871808646,-5.78819864428265
2012-07-30 07:00:00,4.3,318,-9.97472,-68.81,2.87726160734309,-3.195522749552795
2012-07-30 08:00:00,3.6,276,-9.97472,-68.81,3.5802788233257843,-0.37630246776355075
2012-07-30 09:00:00,3.6,270,-9.97472,-68.81,3.6,6.613092715395707e-16
2012-07-30 10:00:00,2.2,261,-9.97472,-68.81,2.172914349309303,0.3441558230885083
2012-07-30 11:00:00,1.5,225,-9.97472,-68.81,1.0606601717798212,1.0606601717798214
2012-07-30 12:00:00,2.3,162,-9.97472,-68.81,-0.7107390870623792,2.1874299874788528
2012-07-30 13:00:00,3.9,124,-9.97472,-68.81,-3.233246532964663,2.180852323535912
2012-07-30 14:00:00,4.6,108,-9.97472,-68.81,-4.374859974957706,1.4214781741247577
2012-07-30 15:00:00,6.9,141,-9.97472,-68.81,-4.342310698243878,5.3623071340531
2012-07-30 16:00:00,10.4,166,-9.97472,-68.81,-2.5159877142365445,10.091075553270363
2012-07-30 17:00:00,10.8,180,-9.97472,-68.81,-1.3226185430791415e-15,10.8
2012-07-30 18:00:00,10.2,188,-9.97472,-68.81,1.4195656297926682,10.100734301164016
2012-07-30 19:00:00,7.5,145,-9.97472,-68.81,-4.301823272632845,6.14364033216744
2012-07-30 20:00:00,8.9,140,-9.97472,-68.81,-5.720809726210201,6.817795543758904
2012-07-30 21:00:00,9.7,141,-9.97472,-68.81,-6.104407793183422,7.538315826132617
2012-07-30 22:00:00,10.5,139,-9.97472,-68.81,-6.888619804400326,7.924450592339106
2012-07-30 23:00:00,10.2,138,-9.97472,-68.81,-6.825132184860355,7.580077219869419
2012-07-31 00:00:00,10.2,141,-9.97472,-68.81,-6.419067988708341,7.926888806861102
2012-07-31 01:00:00,11.0,148,-9.97472,-68.81,-5.829111906565254,9.328529057720685
2012-07-31 02:00:00,11.4,156,-9.97472,-68.81,-4.636797731064125,10.414418217125649
2012-07-31 03:00:00,11.3,158,-9.97472,-68.81,-4.233054505599808,10.477177556604698
2012-07-31 04:00:00,11.2,159,-9.97472,-68.81,-4.013721034907362,10.45610077676866
2012-07-31 05:00:00,10.7,160,-9.97472,-68.81,-3.659615533584657,10.054711042409219
2012-07-31 06:00:00,10.5,158,-9.97472,-68.81,-3.9333692308670787,9.735430472951267
2012-07-31 07:00:00,10.0,154,-9.97472,-68.81,-4.383711467890773,8.98794046299167
2012-07-31 08:00:00,9.0,157,-9.97472,-68.81,-3.5165801564034638,8.284543681071963
2012-07-31 09:00:00,9.1,162,-9.97472,-68.81,-2.812054648812022,8.654614298285896
2012-07-31 10:00:00,9.6,160,-9.97472,-68.81,-3.2833933759264213,9.02104915954472
2012-07-31 11:00:00,9.0,157,-9.97472,-68.81,-3.5165801564034638,8.284543681071963
2012-07-31 12:00:00,9.0,157,-9.97472,-68.81,-3.5165801564034638,8.284543681071963
2012-07-31 13:00:00,8.9,153,-9.97472,-68.81,-4.040515447681967,7.929958065276474
2012-07-31 14:00:00,8.0,153,-9.97472,-68.81,-3.631923997916375,7.128052193506942
2012-07-31 15:00:00,8.0,144,-9.97472,-68.81,-4.702282018339786,6.472135954999579
2012-07-31 16:00:00,7.4,141,-9.97472,-68.81,-4.656970893768797,5.750880114781585
2012-07-31 17:00:00,6.9,137,-9.97472,-68.81,-4.705788684431241,5.046340541172277
2012-07-31 18:00:00,6.6,139,-9.97472,-68.81,-4.329989591337347,4.981083229470295
2012-07-31 19:00:00,4.4,145,-9.97472,-68.81,-2.5237363199446023,3.6042689948715645
2012-07-31 20:00:00,5.6,165,-9.97472,-68.81,-1.4493866525741177,5.409184627218782
2012-07-31 21:00:00,6.9,171,-9.97472,-68.81,-1.0793978087775937,6.81504955010645
2012-07-31 22:00:00,7.6,175,-9.97472,-68.81,-0.6623836448822022,7.571079705497266
2012-07-31 23:00:00,7.9,177,-9.97472,-68.81,-0.4134540543192561,7.889173324561134
2012-08-01 00:00:00,7.9,180,-9.97472,-68.81,-9.67470971326409e-16,7.9
2012-08-01 01:00:00,8.3,185,-9.97472,-68.81,0.723392664805561,8.268415994161488
2012-08-01 02:00:00,8.9,194,-9.97472,-68.81,2.153104870837041,8.635631963856369
2012-08-01 03:00:00,9.2,201,-9.97472,-68.81,3.296985135816764,8.588939923774255
2012-08-01 04:00:00,9.2,201,-9.97472,-68.81,3.296985135816764,8.588939923774255
2012-08-01 05:00:00,9.0,196,-9.97472,-68.81,2.480736202352991,8.65135526344487
2012-08-01 06:00:00,9.1,189,-9.97472,-68.81,1.4235536318660995,8.987963899415753
2012-08-01 07:00:00,7.6,175,-9.97472,-68.81,-0.6623836448822022,7.571079705497266
2012-08-01 08:00:00,7.6,183,-9.97472,-68.81,0.3977532674463711,7.589584464134761
2012-08-01 09:00:00,6.5,180,-9.97472,-68.81,-7.960204194457795e-16,6.5
2012-08-01 10:00:00,6.2,170,-9.97472,-68.81,-1.0766187015349677,6.10580806867569
2012-08-01 11:00:00,7.0,159,-9.97472,-68.81,-2.5085756468171017,6.535062985480412
2012-08-01 12:00:00,7.0,159,-9.97472,-68.81,-2.5085756468171017,6.535062985480412
2012-08-01 13:00:00,5.0,150,-9.97472,-68.81,-2.4999999999999996,4.330127018922194
2012-08-01 14:00:00,4.1,135,-9.97472,-68.81,-2.899137802864845,2.8991378028648445
2012-08-01 15:00:00,4.2,110,-9.97472,-68.81,-3.9467090073008158,1.4364846019678086
2012-08-01 16:00:00,4.4,99,-9.97472,-68.81,-4.3458286986186065,0.6883116461770157
2012-08-01 17:00:00,4.0,95,-9.97472,-68.81,-3.984778792366982,0.34862297099063294
2012-08-01 18:00:00,4.3,85,-9.97472,-68.81,-4.283637201794505,-0.37476969381492997
2012-08-01 19:00:00,5.1,39,-9.97472,-68.81,-3.2095339943541705,-3.963444403430551
2012-08-01 20:00:00,5.9,43,-9.97472,-68.81,-4.023790324368742,-4.314986839553106
2012-08-01 21:00:00,6.1,50,-9.97472,-68.81,-4.6728711030257655,-3.92100441908789
2012-08-01 22:00:00,5.9,52,-9.97472,-68.81,-4.64926344627966,-3.6324027044213842
2012-08-01 23:00:00,5.1,45,-9.97472,-68.81,-3.606244584051392,-3.6062445840513924
2012-08-02 00:00:00,4.9,36,-9.97472,-68.81,-2.8801477362331185,-3.9641832724372428
2012-08-02 01:00:00,4.2,20,-9.97472,-68.81,-1.4364846019678086,-3.9467090073008158
2012-08-02 02:00:00,4.0,350,-9.97472,-68.81,0.6945927106677215,-3.939231012048832
2012-08-02 03:00:00,4.8,318,-9.97472,-68.81,3.211826910522519,-3.5670951622914924
2012-08-02 04:00:00,5.8,300,-9.97472,-68.81,5.0229473419497435,-2.9000000000000004
2012-08-02 05:00:00,6.0,287,-9.97472,-68.81,5.737828535778212,-1.7542302283364202
2012-08-02 06:00:00,6.6,279,-9.97472,-68.81,6.518743047927909,-1.0324674692655225
2012-08-02 07:00:00,5.4,278,-9.97472,-68.81,5.34744757120448,-0.7515347451843536
2012-08-02 08:00:00,5.5,281,-9.97472,-68.81,5.3989495089621515,-1.0494494745709981
2012-08-02 09:00:00,4.8,297,-9.97472,-68.81,4.2768313161041664,-2.179154398749824
2012-08-02 10:00:00,2.6,326,-9.97472,-68.81,1.453901549023941,-2.1554976886431088
2012-08-02 11:00:00,3.7,349,-9.97472,-68.81,0.7059932828932153,-3.632020578756357
2012-08-02 12:00:00,5.1,8,-9.97472,-68.81,-0.7097828148963337,-5.050367150582009
2012-08-02 13:00:00,5.8,360,-9.97472,-68.81,1.4205902870109297e-15,-5.8
2012-08-02 14:00:00,4.7,351,-9.97472,-68.81,0.7352419856890863,-4.6421352007971475
2012-08-02 15:00:00,3.8,343,-9.97472,-68.81,1.1110124779464012,-3.633958072659534
2012-08-02 16:00:00,3.4,342,-9.97472,-68.81,1.0506577808748219,-3.233592155403522
2012-08-02 17:00:00,3.4,342,-9.97472,-68.81,1.0506577808748219,-3.233592155403522
2012-08-02 18:00:00,3.3,347,-9.97472,-68.81,0.7423384793347556,-3.215421213791276
2012-08-02 19:00:00,5.0,21,-9.97472,-68.81,-1.7918397477265013,-4.667902132486009
2012-08-02 20:00:00,6.5,19,-9.97472,-68.81,-2.1161930039715187,-6.1458707413955596
2012-08-02 21:00:00,8.0,18,-9.97472,-68.81,-2.472135954999579,-7.608452130361228
2012-08-02 22:00:00,8.0,18,-9.97472,-68.81,-2.472135954999579,-7.608452130361228
2012-08-02 23:00:00,7.8,22,-9.97472,-68.81,-2.921931428644114,-7.232034065620942
2012-08-03 00:00:00,7.1,24,-9.97472,-68.81,-2.8878301658381815,-6.486172749262466
2012-08-03 01:00:00,6.6,22,-9.97472,-68.81,-2.472403516545019,-6.1194134401407965
2012-08-03 02:00:00,6.3,24,-9.97472,-68.81,-2.5624408513775414,-5.755336383148386
2012-08-03 03:00:00,6.4,16,-9.97472,-68.81,-1.7640790772287946,-6.1520748540052415
2012-08-03 04:00:00,6.6,13,-9.97472,-68.81,-1.484676958669509,-6.430842427582553
2012-08-03 05:00:00,7.6,5,-9.97472,-68.81,-0.662383644882202,-7.571079705497266
2012-08-03 06:00:00,7.9,357,-9.97472,-68.81,0.4134540543192605,-7.889173324561134
2012-08-03 07:00:00,8.6,358,-9.97472,-68.81,0.30013567164150706,-8.594761112364223
2012-08-03 08:00:00,9.3,347,-9.97472,-68.81,2.092044805397948,-9.061641602502688
2012-08-03 09:00:00,9.0,344,-9.97472,-68.81,2.4807362023529906,-8.65135526344487
2012-08-03 10:00:00,7.9,344,-9.97472,-68.81,2.1775351109542918,-7.59396739791272
2012-08-03 11:00:00,8.7,343,-9.97472,-68.81,2.543633831087813,-8.319851376878407
2012-08-03 12:00:00,10.0,345,-9.97472,-68.81,2.588190451025207,-9.659258262890683
2012-08-03 13:00:00,9.3,344,-9.97472,-68.81,2.5634274090980904,-8.939733772226367
2012-08-03 14:00:00,8.0,342,-9.97472,-68.81,2.472135954999581,-7.608452130361228
2012-08-03 15:00:00,6.8,342,-9.97472,-68.81,2.1013155617496437,-6.467184310807044
2012-08-03 16:00:00,5.6,345,-9.97472,-68.81,1.4493866525741157,-5.4091846272187825
2012-08-03 17:00:00,4.7,351,-9.97472,-68.81,0.7352419856890863,-4.6421352007971475
2012-08-03 18:00:00,4.3,360,-9.97472,-68.81,1.0531962472667237e-15,-4.3
2012-08-03 19:00:00,4.3,24,-9.97472,-68.81,-1.7489675652259409,-3.9282454678631837
2012-08-03 20:00:00,6.5,34,-9.97472,-68.81,-3.634753872559855,-5.38874422160777
2012-08-03 21:00:00,7.1,41,-9.97472,-68.81,-4.658019105832602,-5.358438019581681
2012-08-03 22:00:00,8.5,36,-9.97472,-68.81,-4.996174644486022,-6.876644452187053
2012-08-03 23:00:00,8.7,38,-9.97472,-68.81,-5.356254835333226,-6.85569355637848
2012-08-04 00:00:00,8.7,42,-9.97472,-68.81,-5.821436275322066,-6.46535998165333
2012-08-04 01:00:00,8.4,40,-9.97472,-68.81,-5.39941592136693,-6.4347733221994154
2012-08-04 02:00:00,7.8,34,-9.97472,-68.81,-4.361704647071826,-6.466493065929325
2012-08-04 03:00:00,6.6,22,-9.97472,-68.81,-2.472403516545019,-6.1194134401407965
2012-08-04 04:00:00,5.8,4,-9.97472,-68.81,-0.40458754771592675,-5.78587149150698
2012-08-04 05:00:00,5.6,345,-9.97472,-68.81,1.4493866525741157,-5.4091846272187825
2012-08-04 06:00:00,5.5,328,-9.97472,-68.81,2.9145559532826275,-4.664264528860342
2012-08-04 07:00:00,7.9,3,-9.97472,-68.81,-0.4134540543192563,-7.889173324561134
2012-08-04 08:00:00,7.6,360,-9.97472,-68.81,1.8614631347039767e-15,-7.6
2012-08-04 09:00:00,7.2,3,-9.97472,-68.81,-0.37681888494919563,-7.190132650232932
2012-08-04 10:00:00,5.2,12,-9.97472,-68.81,-1.0811407922523486,-5.08636752381579
2012-08-04 11:00:00,7.9,24,-9.97472,-68.81,-3.2132194802988217,-7.217009115376547
2012-08-04 12:00:00,8.9,27,-9.97472,-68.81,-4.040515447681966,-7.929958065276475
2012-08-04 13:00:00,6.6,29,-9.97472,-68.81,-3.1997434936258244,-5.772490067120011
2012-08-04 14:00:00,4.1,45,-9.97472,-68.81,-2.8991378028648445,-2.899137802864845
2012-08-04 15:00:00,3.4,58,-9.97472,-68.81,-2.883363526931848,-1.8017254983928965
2012-08-04 16:00:00,4.0,63,-9.97472,-68.81,-3.564026096753471,-1.8159619989581872
2012-08-04 17:00:00,4.5,76,-9.97472,-68.81,-4.366330768241984,-1.0886485301985045
2012-08-04 18:00:00,4.8,77,-9.97472,-68.81,-4.676976310969129,-1.0797650608505516
2012-08-04 19:00:00,5.6,63,-9.97472,-68.81,-4.989636535454859,-2.542346798541462
2012-08-04 20:00:00,6.2,80,-9.97472,-68.81,-6.10580806867569,-1.0766187015349686
2012-08-04 21:00:00,7.0,102,-9.97472,-68.81,-6.84703320513664,1.4553818357243153
2012-08-04 22:00:00,7.1,114,-9.97472,-68.81,-6.486172749262466,2.8878301658381815
2012-08-04 23:00:00,5.6,117,-9.97472,-68.81,-4.98963653545486,2.542346798541461
2012-08-05 00:00:00,5.0,120,-9.97472,-68.81,-4.330127018922194,2.499999999999999
2012-08-05 01:00:00,5.2,124,-9.97472,-68.81,-4.3109953772862175,2.907803098047883
2012-08-05 02:00:00,5.4,132,-9.97472,-68.81,-4.012982057577929,3.6133052743378347
2012-08-05 03:00:00,5.9,142,-9.97472,-68.81,-3.6324027044213847,4.64926344627966
2012-08-05 04:00:00,6.7,144,-9.97472,-68.81,-3.938161190359571,5.420413862312147
2012-08-05 05:00:00,7.7,143,-9.97472,-68.81,-4.633975678270771,6.149493427364156
2012-08-05 06:00:00,8.3,146,-9.97472,-68.81,-4.6413010988072,6.881011852206846
2012-08-05 07:00:00,8.7,142,-9.97472,-68.81,-5.356254835333227,6.85569355637848
2012-08-05 08:00:00,9.0,143,-9.97472,-68.81,-5.416335208368434,7.187719590425637
2012-08-05 09:00:00,7.1,139,-9.97472,-68.81,-4.658019105832602,5.358438019581681
2012-08-05 10:00:00,4.9,126,-9.97472,-68.81,-3.9641832724372428,2.880147736233118
2012-08-05 11:00:00,5.0,111,-9.97472,-68.81,-4.667902132486009,1.7918397477265013
2012-08-05 12:00:00,6.6,99,-9.97472,-68.81,-6.518743047927909,1.0324674692655234
2012-08-05 13:00:00,9.2,101,-9.97472,-68.81,-9.030970087718508,1.755442757464212
2012-08-05 14:00:00,12.4,126,-9.97472,-68.81,-10.031810730249349,7.288537128426666
2012-08-05 15:00:00,12.5,129,-9.97472,-68.81,-9.714324518212138,7.866504888122966
2012-08-05 16:00:00,12.0,131,-9.97472,-68.81,-9.056514962673266,7.8727083478860855
2012-08-05 17:00:00,11.2,132,-9.97472,-68.81,-8.323222045346816,7.494262791219212
2012-08-05 18:00:00,9.4,133,-9.97472,-68.81,-6.874724795220204,6.410784584587485
2012-08-05 19:00:00,8.1,135,-9.97472,-68.81,-5.727564927611035,5.727564927611034
2012-08-05 20:00:00,9.4,137,-9.97472,-68.81,-6.410784584587487,6.874724795220202
2012-08-05 21:00:00,10.9,134,-9.97472,-68.81,-7.840803823691297,7.571776238003071
2012-08-05 22:00:00,11.2,130,-9.97472,-68.81,-8.579697762932554,7.1992212284892405
2012-08-05 23:00:00,10.9,124,-9.97472,-68.81,-9.036509540849956,6.095202647831139
2012-08-06 00:00:00,10.5,121,-9.97472,-68.81,-9.00025665737218,5.40789978655557
2012-08-06 01:00:00,9.5,119,-9.97472,-68.81,-8.30888721782426,4.605691392340201
2012-08-06 02:00:00,8.5,126,-9.97472,-68.81,-6.876644452187053,4.996174644486021
2012-08-06 03:00:00,8.2,142,-9.97472,-68.81,-5.048424097670399,6.461688179575119
2012-08-06 04:00:00,9.0,157,-9.97472,-68.81,-3.5165801564034638,8.284543681071963
2012-08-06 05:00:00,9.9,161,-9.97472,-68.81,-3.2231247291258502,9.360633898433237
2012-08-06 06:00:00,9.7,158,-9.97472,-68.81,-3.6336839561343486,8.993683389297836
2012-08-06 07:00:00,9.7,149,-9.97472,-68.81,-4.995869326627527,8.314522816810488
2012-08-06 08:00:00,8.9,153,-9.97472,-68.81,-4.040515447681967,7.929958065276474
2012-08-06 09:00:00,8.0,162,-9.97472,-68.81,-2.47213595499958,7.608452130361228
2012-08-06 10:00:00,6.3,156,-9.97472,-68.81,-2.5624408513775427,5.755336383148385
2012-08-06 11:00:00,6.5,146,-9.97472,-68.81,-3.634753872559855,5.38874422160777
2012-08-06 12:00:00,6.9,133,-9.97472,-68.81,-5.0463405411722775,4.705788684431239
2012-08-06 13:00:00,6.6,119,-9.97472,-68.81,-5.772490067120012,3.199743493625824
2012-08-06 14:00:00,4.9,107,-9.97472,-68.81,-4.685893304218874,1.4326213531414098
2012-08-06 15:00:00,4.5,104,-9.97472,-68.81,-4.366330768241984,1.088648530198505
2012-08-06 16:00:00,4.1,105,-9.97472,-68.81,-3.96029588778518,1.0611580849203355
2012-08-06 17:00:00,3.9,112,-9.97472,-68.81,-3.616017032810471,1.4609657143220571
2012-08-06 18:00:00,3.9,124,-9.97472,-68.81,-3.233246532964663,2.180852323535912
2012-08-06 19:00:00,3.4,148,-9.97472,-68.81,-1.8017254983928965,2.883363526931848
2012-08-06 20:00:00,4.0,175,-9.97472,-68.81,-0.3486229709906328,3.984778792366982
2012-08-06 21:00:00,4.4,171,-9.97472,-68.81,-0.6883116461770163,4.345828698618606
2012-08-06 22:00:00,4.6,162,-9.97472,-68.81,-1.4214781741247584,4.3748599749577055
2012-08-06 23:00:00,5.5,157,-9.97472,-68.81,-2.149021206691006,5.062776693988422
2012-08-07 00:00:00,6.4,153,-9.97472,-68.81,-2.9055391983331003,5.702441754805554
2012-08-07 01:00:00,5.5,148,-9.97472,-68.81,-2.914555953282627,4.664264528860342
2012-08-07 02:00:00,3.4,148,-9.97472,-68.81,-1.8017254983928965,2.883363526931848
2012-08-07 03:00:00,1.8,349,-9.97472,-68.81,0.3434561916777804,-1.7669289302057951
2012-08-07 04:00:00,2.1,329,-9.97472,-68.81,1.0815799573111144,-1.8000513314744355
2012-08-07 05:00:00,2.9,300,-9.97472,-68.81,2.5114736709748717,-1.4500000000000002
2012-08-07 06:00:00,4.3,275,-9.97472,-68.81,4.283637201794505,-0.3747696938149289
2012-08-07 07:00:00,5.1,274,-9.97472,-68.81,5.087576656325104,-0.3557580160950386
2012-08-07 08:00:00,6.0,245,-9.97472,-68.81,5.4378467222199,2.5357095704441948
2012-08-07 09:00:00,6.4,227,-9.97472,-68.81,4.6806636903626915,4.364789504399991
2012-08-07 10:00:00,3.4,212,-9.97472,-68.81,1.8017254983928963,2.8833635269318485
2012-08-07 11:00:00,3.1,216,-9.97472,-68.81,1.8221342821066664,2.5079526825623377
2012-08-07 12:00:00,0.7,270,-9.97472,-68.81,0.7,1.2858791391047207e-16
2012-08-07 13:00:00,5.4,20,-9.97472,-68.81,-1.8469087739586112,-5.074340152243906
2012-08-07 14:00:00,5.0,21,-9.97472,-68.81,-1.7918397477265013,-4.667902132486009
2012-08-07 15:00:00,3.5,24,-9.97472,-68.81,-1.4235782507653008,-3.197409101749103
2012-08-07 16:00:00,2.4,27,-9.97472,-68.81,-1.0895771993749122,-2.138415658052083
2012-08-07 17:00:00,1.8,37,-9.97472,-68.81,-1.083267041673687,-1.437543918085127
2012-08-07 18:00:00,1.6,63,-9.97472,-68.81,-1.4256104387013886,-0.726384799583275
2012-08-07 19:00:00,1.9,68,-9.97472,-68.81,-1.761649323676896,-0.7117525274902327
2012-08-07 20:00:00,2.9,60,-9.97472,-68.81,-2.5114736709748717,-1.4500000000000002
2012-08-07 21:00:00,4.0,63,-9.97472,-68.81,-3.564026096753471,-1.8159619989581872
2012-08-07 22:00:00,4.1,52,-9.97472,-68.81,-3.23084408978756,-2.524212048835199
2012-08-07 23:00:00,4.8,42,-9.97472,-68.81,-3.2118269105225195,-3.5670951622914924
2012-08-08 00:00:00,4.8,27,-9.97472,-68.81,-2.1791543987498243,-4.276831316104166
2012-08-08 01:00:00,5.0,360,-9.97472,-68.81,1.2246467991473533e-15,-5.0
2012-08-08 02:00:00,4.3,336,-9.97472,-68.81,1.7489675652259407,-3.928245467863184
2012-08-08 03:00:00,4.2,329,-9.97472,-68.81,2.163159914622229,-3.600102662948871
2012-08-08 04:00:00,4.5,331,-9.97472,-68.81,2.181643291108516,-3.9357886821272814
2012-08-08 05:00:00,4.0,350,-9.97472,-68.81,0.6945927106677215,-3.939231012048832
2012-08-08 06:00:00,5.8,7,-9.97472,-68.81,-0.7068421917498553,-5.756767679519667
2012-08-08 07:00:00,4.5,29,-9.97472,-68.81,-2.1816432911085166,-3.935788682127281
2012-08-08 08:00:00,4.4,351,-9.97472,-68.81,0.688311646177017,-4.345828698618606
2012-08-08 09:00:00,5.0,330,-9.97472,-68.81,2.500000000000002,-4.330127018922192
2012-08-08 10:00:00,1.9,338,-9.97472,-68.81,0.7117525274902334,-1.7616493236768958
2012-08-08 11:00:00,2.5,8,-9.97472,-68.81,-0.3479327524001636,-2.475670171853926
2012-08-08 12:00:00,2.5,45,-9.97472,-68.81,-1.7677669529663687,-1.7677669529663689
2012-08-08 13:00:00,2.9,83,-9.97472,-68.81,-2.8783838397598336,-0.3534210958749277
2012-08-08 14:00:00,3.3,84,-9.97472,-68.81,-3.2819222547153015,-0.3449439287832564
2012-08-08 15:00:00,2.9,90,-9.97472,-68.81,-2.9,-1.7757378587636622e-16
2012-08-08 16:00:00,2.9,90,-9.97472,-68.81,-2.9,-1.7757378587636622e-16
2012-08-08 17:00:00,2.9,97,-9.97472,-68.81,-2.878383839759834,0.35342109587492737
2012-08-08 18:00:00,3.3,103,-9.97472,-68.81,-3.2154212137912763,0.7423384793347546
2012-08-08 19:00:00,1.8,90,-9.97472,-68.81,-1.8,-1.1021821192326179e-16
2012-08-08 20:00:00,2.2,180,-9.97472,-68.81,-2.6942229581241775e-16,2.2
2012-08-08 21:00:00,3.6,180,-9.97472,-68.81,-4.4087284769304716e-16,3.6
2012-08-08 22:00:00,4.0,185,-9.97472,-68.81,0.3486229709906318,3.984778792366982
2012-08-08 23:00:00,4.7,189,-9.97472,-68.81,0.7352419856890845,4.6421352007971475
2012-08-09 00:00:00,3.8,197,-9.97472,-68.81,1.1110124779463997,3.6339580726595346
2012-08-09 01:00:00,2.7,203,-9.97472,-68.81,1.0549740469210387,2.485363104321589
2012-08-09 02:00:00,1.8,259,-9.97472,-68.81,1.7669289302057951,0.3434561916777803
2012-08-09 03:00:00,1.1,288,-9.97472,-68.81,1.046162167924669,-0.339918693812442
2012-08-09 04:00:00,2.7,293,-9.97472,-68.81,2.4853631043215896,-1.0549740469210385
2012-08-09 05:00:00,4.0,297,-9.97472,-68.81,3.564026096753472,-1.8159619989581866
2012-08-09 06:00:00,4.8,283,-9.97472,-68.81,4.676976310969129,-1.0797650608505516
2012-08-09 07:00:00,5.1,225,-9.97472,-68.81,3.606244584051392,3.606244584051393
2012-08-09 08:00:00,8.6,195,-9.97472,-68.81,2.225843787881679,8.306962106085987
2012-08-09 09:00:00,8.3,182,-9.97472,-68.81,0.2896658226307575,8.294943864258496
2012-08-09 10:00:00,5.8,173,-9.97472,-68.81,-0.7068421917498557,5.756767679519667
2012-08-09 11:00:00,5.0,159,-9.97472,-68.81,-1.7918397477265011,4.667902132486009
2012-08-09 12:00:00,6.0,147,-9.97472,-68.81,-3.2678342100901636,5.032023407672543
2012-08-09 13:00:00,6.4,137,-9.97472,-68.81,-4.364789504399991,4.6806636903626915
2012-08-09 14:00:00,5.6,130,-9.97472,-68.81,-4.289848881466277,3.5996106142446203
2012-08-09 15:00:00,4.6,135,-9.97472,-68.81,-3.2526911934581184,3.252691193458118
2012-08-09 16:00:00,4.3,138,-9.97472,-68.81,-2.8772616073430908,3.195522749552794
2012-08-09 17:00:00,3.8,139,-9.97472,-68.81,-2.4930243101639276,2.8678964048465336
2012-08-09 18:00:00,3.6,143,-9.97472,-68.81,-2.1665340833473734,2.8750878361702545
2012-08-09 19:00:00,2.7,157,-9.97472,-68.81,-1.0549740469210394,2.485363104321589
2012-08-09 20:00:00,4.7,184,-9.97472,-68.81,0.3278554265973888,4.688551036221174
2012-08-09 21:00:00,5.1,188,-9.97472,-68.81,0.7097828148963341,5.050367150582008
2012-08-09 22:00:00,4.7,184,-9.97472,-68.81,0.3278554265973888,4.688551036221174
2012-08-09 23:00:00,3.9,202,-9.97472,-68.81,1.460965714322057,3.616017032810471
2012-08-10 00:00:00,3.1,225,-9.97472,-68.81,2.192031021678297,2.192031021678298
2012-08-10 01:00:00,3.6,233,-9.97472,-68.81,2.875087836170254,2.166534083347374
2012-08-10 02:00:00,4.6,219,-9.97472,-68.81,2.894873798829253,3.5748714227020653
2012-08-10 03:00:00,5.2,196,-9.97472,-68.81,1.4333142502483949,4.998560818879258
2012-08-10 04:00:00,8.7,187,-9.97472,-68.81,1.0602632876247815,8.635151519279502
2012-08-10 05:00:00,10.2,190,-9.97472,-68.81,1.7712114122026907,10.045039080724521
2012-08-10 06:00:00,10.7,192,-9.97472,-68.81,2.2246550917500265,10.46617932785172
2012-08-10 07:00:00,9.1,189,-9.97472,-68.81,1.4235536318660995,8.987963899415753
2012-08-10 08:00:00,9.0,196,-9.97472,-68.81,2.480736202352991,8.65135526344487
2012-08-10 09:00:00,8.3,198,-9.97472,-68.81,2.5648410533120627,7.893769085249776
2012-08-10 10:00:00,6.2,190,-9.97472,-68.81,1.0766187015349689,6.10580806867569
2012-08-10 11:00:00,5.4,176,-9.97472,-68.81,-0.37668495821827785,5.386845871403051
2012-08-10 12:00:00,4.9,163,-9.97472,-68.81,-1.4326213531414094,4.685893304218874
2012-08-10 13:00:00,3.4,148,-9.97472,-68.81,-1.8017254983928965,2.883363526931848
2012-08-10 14:00:00,1.6,63,-9.97472,-68.81,-1.4256104387013886,-0.726384799583275
2012-08-10 15:00:00,2.7,23,-9.97472,-68.81,-1.0549740469210394,-2.485363104321589
2012-08-10 16:00:00,3.7,11,-9.97472,-68.81,-0.7059932828932158,-3.632020578756357
2012-08-10 17:00:00,4.0,10,-9.97472,-68.81,-0.6945927106677213,-3.939231012048832
2012-08-10 18:00:00,4.4,9,-9.97472,-68.81,-0.6883116461770159,-4.3458286986186065
2012-08-10 19:00:00,4.9,17,-9.97472,-68.81,-1.4326213531414103,-4.685893304218874
2012-08-10 20:00:00,4.3,5,-9.97472,-68.81,-0.3747696938149301,-4.283637201794505
2012-08-10 21:00:00,4.7,360,-9.97472,-68.81,1.1511679911985121e-15,-4.7
2012-08-10 22:00:00,6.1,360,-9.97472,-68.81,1.4940690949597709e-15,-6.1
2012-08-10 23:00:00,8.0,355,-9.97472,-68.81,0.6972459419812665,-7.969557584733964
2012-08-11 00:00:00,8.8,351,-9.97472,-68.81,1.376623292354034,-8.691657397237211
2012-08-11 01:00:00,9.3,344,-9.97472,-68.81,2.5634274090980904,-8.939733772226367
2012-08-11 02:00:00,9.1,342,-9.97472,-68.81,2.812054648812023,-8.654614298285896
2012-08-11 03:00:00,8.7,336,-9.97472,-68.81,3.538608794759461,-7.947845481490628
2012-08-11 04:00:00,8.2,337,-9.97472,-68.81,3.2039952536120455,-7.548139798310009
2012-08-11 05:00:00,7.9,336,-9.97472,-68.81,3.213219480298821,-7.217009115376548
2012-08-11 06:00:00,5.4,318,-9.97472,-68.81,3.613305274337834,-4.012982057577929
2012-08-11 07:00:00,2.4,207,-9.97472,-68.81,1.089577199374912,2.138415658052083
2012-08-11 08:00:00,6.4,207,-9.97472,-68.81,2.905539198333099,5.702441754805555
2012-08-11 09:00:00,4.6,219,-9.97472,-68.81,2.894873798829253,3.5748714227020653
2012-08-11 10:00:00,3.1,249,-9.97472,-68.81,2.894099322141325,1.1109406435904323
2012-08-11 11:00:00,3.9,292,-9.97472,-68.81,3.616017032810471,-1.4609657143220567
2012-08-11 12:00:00,4.8,312,-9.97472,-68.81,3.5670951622914937,-3.2118269105225172
2012-08-11 13:00:00,5.2,335,-9.97472,-68.81,2.1976149610516362,-4.71280049259058
2012-08-11 14:00:00,4.2,340,-9.97472,-68.81,1.4364846019678081,-3.9467090073008158
2012-08-11 15:00:00,4.0,333,-9.97472,-68.81,1.8159619989581879,-3.564026096753471
2012-08-11 16:00:00,4.3,318,-9.97472,-68.81,2.87726160734309,-3.195522749552795
2012-08-11 17:00:00,4.3,312,-9.97472,-68.81,3.1955227495527967,-2.8772616073430886
2012-08-11 18:00:00,4.2,301,-9.97472,-68.81,3.600102662948872,-2.1631599146222276
2012-08-11 19:00:00,5.5,281,-9.97472,-68.81,5.3989495089621515,-1.0494494745709981
2012-08-11 20:00:00,8.0,265,-9.97472,-68.81,7.969557584733964,0.697245941981266
2012-08-11 21:00:00,8.3,265,-9.97472,-68.81,8.268415994161488,0.7233926648055635
2012-08-11 22:00:00,7.6,267,-9.97472,-68.81,7.589584464134761,0.39775326744637673
2012-08-11 23:00:00,6.2,280,-9.97472,-68.81,6.105808068675691,-1.0766187015349657
2012-08-12 00:00:00,6.4,317,-9.97472,-68.81,4.364789504399989,-4.680663690362692
2012-08-12 01:00:00,7.7,332,-9.97472,-68.81,3.6149310334513594,-6.798696465013737
2012-08-12 02:00:00,8.2,337,-9.97472,-68.81,3.2039952536120455,-7.548139798310009
2012-08-12 03:00:00,8.0,342,-9.97472,-68.81,2.472135954999581,-7.608452130361228
2012-08-12 04:00:00,7.3,349,-9.97472,-68.81,1.392905666248776,-7.165878439167947
2012-08-12 05:00:00,6.9,351,-9.97472,-68.81,1.0793978087775948,-6.81504955010645
2012-08-12 06:00:00,8.0,355,-9.97472,-68.81,0.6972459419812665,-7.969557584733964
2012-08-12 07:00:00,9.7,358,-9.97472,-68.81,0.33852511801425794,-9.694091022085228
2012-08-12 08:00:00,10.7,348,-9.97472,-68.81,2.2246550917500305,-10.46617932785172
2012-08-12 09:00:00,9.4,342,-9.97472,-68.81,2.904759747124508,-8.939931253174443
2012-08-12 10:00:00,8.9,328,-9.97472,-68.81,4.716281451675525,-7.547628055792192
2012-08-12 11:00:00,8.9,320,-9.97472,-68.81,5.720809726210202,-6.817795543758902
2012-08-12 12:00:00,10.0,322,-9.97472,-68.81,6.156614753256582,-7.88010753606722
2012-08-12 13:00:00,8.5,332,-9.97472,-68.81,3.990508283680072,-7.505054539300878
2012-08-12 14:00:00,7.6,341,-9.97472,-68.81,2.474317973874391,-7.185941174554808
2012-08-12 15:00:00,7.2,342,-9.97472,-68.81,2.224922359499623,-6.8476069173251055
2012-08-12 16:00:00,7.1,345,-9.97472,-68.81,1.8376152202278968,-6.858073366652385
2012-08-12 17:00:00,5.9,349,-9.97472,-68.81,1.1257730727216135,-5.791600382341218
2012-08-12 18:00:00,4.7,360,-9.97472,-68.81,1.1511679911985121e-15,-4.7
2012-08-12 19:00:00,3.3,354,-9.97472,-68.81,0.34494392878325625,-3.2819222547153015
2012-08-12 20:00:00,3.0,14,-9.97472,-68.81,-0.7257656867990032,-2.9108871788279895
2012-08-12 21:00:00,3.6,37,-9.97472,-68.81,-2.166534083347374,-2.875087836170254
2012-08-12 22:00:00,4.3,42,-9.97472,-68.81,-2.8772616073430903,-3.195522749552795
2012-08-12 23:00:00,6.9,39,-9.97472,-68.81,-4.342310698243878,-5.3623071340531
2012-08-13 00:00:00,8.1,32,-9.97472,-68.81,-4.29234604028896,-6.86918957886705
2012-08-13 01:00:00,7.7,28,-9.97472,-68.81,-3.6149310334513594,-6.798696465013738
2012-08-13 02:00:00,7.6,25,-9.97472,-68.81,-3.211898789229316,-6.887939181478539
2012-08-13 03:00:00,7.1,30,-9.97472,-68.81,-3.5499999999999994,-6.148780366869515
2012-08-13 04:00:00,7.9,39,-9.97472,-68.81,-4.971631089293716,-6.139453095510071
2012-08-13 05:00:00,8.4,40,-9.97472,-68.81,-5.39941592136693,-6.4347733221994154
2012-08-13 06:00:00,8.0,36,-9.97472,-68.81,-4.702282018339785,-6.47213595499958
2012-08-13 07:00:00,8.2,23,-9.97472,-68.81,-3.2039952536120446,-7.54813979831001
2012-08-13 08:00:00,8.8,9,-9.97472,-68.81,-1.3766232923540318,-8.691657397237213
2012-08-13 09:00:00,7.6,8,-9.97472,-68.81,-1.0577155672964973,-7.5260373224359345
2012-08-13 10:00:00,7.3,11,-9.97472,-68.81,-1.392905666248777,-7.165878439167947
2012-08-13 11:00:00,8.6,22,-9.97472,-68.81,-3.221616703376843,-7.973781149274371
2012-08-13 12:00:00,8.8,35,-9.97472,-68.81,-5.047472639889206,-7.208537989743128
2012-08-13 13:00:00,8.4,40,-9.97472,-68.81,-5.39941592136693,-6.4347733221994154
2012-08-13 14:00:00,8.7,52,-9.97472,-68.81,-6.855693556378481,-5.356254835333226
2012-08-13 15:00:00,8.4,65,-9.97472,-68.81,-7.61298541110786,-3.5499933986218752
2012-08-13 16:00:00,4.7,86,-9.97472,-68.81,-4.688551036221174,-0.3278554265973886
2012-08-13 17:00:00,2.6,164,-9.97472,-68.81,-0.716657125124198,2.499280409439629
2012-08-13 18:00:00,1.1,180,-9.97472,-68.81,-1.3471114790620887e-16,1.1
2012-08-13 19:00:00,2.2,171,-9.97472,-68.81,-0.3441558230885082,2.172914349309303
2012-08-13 20:00:00,5.4,184,-9.97472,-68.81,0.3766849582182765,5.386845871403051
2012-08-13 21:00:00,5.8,187,-9.97472,-68.81,0.7068421917498544,5.756767679519668
2012-08-13 22:00:00,5.8,180,-9.97472,-68.81,-7.102951435054649e-16,5.8
2012-08-13 23:00:00,6.2,187,-9.97472,-68.81,0.7555899291119134,6.153786140176197
2012-08-14 00:00:00,5.2,192,-9.97472,-68.81,1.0811407922523495,5.086367523815789
2012-08-14 01:00:00,4.9,197,-9.97472,-68.81,1.4326213531414103,4.685893304218874
2012-08-14 02:00:00,5.4,200,-9.97472,-68.81,1.846908773958611,5.074340152243906
2012-08-14 03:00:00,6.0,205,-9.97472,-68.81,2.5357095704441956,5.4378467222199
2012-08-14 04:00:00,6.1,208,-9.97472,-68.81,2.863776532993934,5.385980316439453
2012-08-14 05:00:00,6.3,211,-9.97472,-68.81,3.244739871933341,5.400153994423308
2012-08-14 06:00:00,5.1,219,-9.97472,-68.81,3.2095339943541714,3.9634444034305507
2012-08-14 07:00:00,5.2,214,-9.97472,-68.81,2.907803098047883,4.3109953772862175
2012-08-14 08:00:00,5.6,225,-9.97472,-68.81,3.9597979746446654,3.9597979746446668
2012-08-14 09:00:00,5.4,228,-9.97472,-68.81,4.01298205757793,3.613305274337834
2012-08-14 10:00:00,5.4,222,-9.97472,-68.81,3.6133052743378347,4.012982057577929
2012-08-14 11:00:00,6.0,213,-9.97472,-68.81,3.2678342100901627,5.032023407672544
2012-08-14 12:00:00,4.7,203,-9.97472,-68.81,1.8364363038995857,4.32637281122647
2012-08-14 13:00:00,2.6,196,-9.97472,-68.81,0.7166571251241974,2.499280409439629
2012-08-14 14:00:00,0.7,360,-9.97472,-68.81,1.7145055188062944e-16,-0.7
2012-08-14 15:00:00,3.3,13,-9.97472,-68.81,-0.7423384793347545,-3.2154212137912763
2012-08-14 16:00:00,4.8,13,-9.97472,-68.81,-1.079765060850552,-4.676976310969129
2012-08-14 17:00:00,4.0,360,-9.97472,-68.81,9.797174393178826e-16,-4.0
2012-08-14 18:00:00,2.3,342,-9.97472,-68.81,0.7107390870623794,-2.1874299874788528
2012-08-14 19:00:00,4.5,346,-9.97472,-68.81,1.0886485301985054,-4.366330768241984
2012-08-14 20:00:00,3.9,326,-9.97472,-68.81,2.1808523235359116,-3.233246532964663
2012-08-14 21:00:00,5.4,318,-9.97472,-68.81,3.613305274337834,-4.012982057577929
2012-08-14 22:00:00,7.4,317,-9.97472,-68.81,5.0467878644624875,-5.4120173919818635
2012-08-14 23:00:00,7.4,313,-9.97472,-68.81,5.412017391981861,-5.04678786446249
2012-08-15 00:00:00,7.4,313,-9.97472,-68.81,5.412017391981861,-5.04678786446249
2012-08-15 01:00:00,7.1,311,-9.97472,-68.81,5.3584380195816825,-4.6580191058326
2012-08-15 02:00:00,6.7,306,-9.97472,-68.81,5.420413862312149,-3.9381611903595686
2012-08-15 03:00:00,7.2,307,-9.97472,-68.81,5.75017567234051,-4.333068166694745
2012-08-15 04:00:00,7.2,307,-9.97472,-68.81,5.75017567234051,-4.333068166694745
2012-08-15 05:00:00,7.0,305,-9.97472,-68.81,5.7340643100229425,-4.015035054457322
2012-08-15 06:00:00,7.2,297,-9.97472,-68.81,6.41524697415625,-3.268731598124736
2012-08-15 07:00:00,6.8,295,-9.97472,-68.81,6.162892951849219,-2.8738041798367573
2012-08-15 08:00:00,6.6,292,-9.97472,-68.81,6.1194134401407965,-2.4724035165450187
2012-08-15 09:00:00,5.0,300,-9.97472,-68.81,4.330127018922193,-2.5000000000000004
2012-08-15 10:00:00,5.7,305,-9.97472,-68.81,4.669166652447253,-3.2693856872009626
2012-08-15 11:00:00,7.9,309,-9.97472,-68.81,6.13945309551007,-4.971631089293717
2012-08-15 12:00:00,10.2,321,-9.97472,-68.81,6.4190679887083455,-7.9268888068611
2012-08-15 13:00:00,10.6,325,-9.97472,-68.81,6.079910225321092,-8.68301166946331
2012-08-15 14:00:00,10.5,322,-9.97472,-68.81,6.464445490919411,-8.274112912870581
2012-08-15 15:00:00,10.0,319,-9.97472,-68.81,6.560590289905074,-7.5470958022277195
2012-08-15 16:00:00,9.4,320,-9.97472,-68.81,6.042203531053472,-7.200817765318392
2012-08-15 17:00:00,8.0,342,-9.97472,-68.81,2.472135954999581,-7.608452130361228
2012-08-15 18:00:00,5.8,7,-9.97472,-68.81,-0.7068421917498553,-5.756767679519667
2012-08-15 19:00:00,2.8,40,-9.97472,-68.81,-1.7998053071223097,-2.1449244407331385
2012-08-15 20:00:00,1.8,37,-9.97472,-68.81,-1.083267041673687,-1.437543918085127
2012-08-15 21:00:00,3.4,32,-9.97472,-68.81,-1.8017254983928965,-2.883363526931848
2012-08-15 22:00:00,6.3,13,-9.97472,-68.81,-1.4171916423663495,-6.1385314081469815
2012-08-15 23:00:00,7.2,354,-9.97472,-68.81,0.7526049355271046,-7.160557646651568
2012-08-16 00:00:00,8.4,350,-9.97472,-68.81,1.4586446924022154,-8.272385125302547
2012-08-16 01:00:00,8.0,350,-9.97472,-68.81,1.389185421335443,-7.878462024097664
2012-08-16 02:00:00,7.9,344,-9.97472,-68.81,2.1775351109542918,-7.59396739791272
2012-08-16 03:00:00,7.4,337,-9.97472,-68.81,2.891410350820627,-6.811735915548058
2012-08-16 04:00:00,6.8,342,-9.97472,-68.81,2.1013155617496437,-6.467184310807044
2012-08-16 05:00:00,6.6,338,-9.97472,-68.81,2.4724035165450213,-6.119413440140796
2012-08-16 06:00:00,6.1,332,-9.97472,-68.81,2.8637765329939335,-5.385980316439453
2012-08-16 07:00:00,6.8,335,-9.97472,-68.81,2.8738041798367546,-6.16289295184922
2012-08-16 08:00:00,6.9,321,-9.97472,-68.81,4.342310698243882,-5.362307134053097
2012-08-16 09:00:00,6.1,320,-9.97472,-68.81,3.9210044190878914,-4.672871103025765
2012-08-16 10:00:00,5.9,322,-9.97472,-68.81,3.6324027044213834,-4.64926344627966
2012-08-16 11:00:00,6.7,324,-9.97472,-68.81,3.9381611903595717,-5.420413862312147
2012-08-16 12:00:00,7.4,321,-9.97472,-68.81,4.656970893768801,-5.750880114781583
2012-08-16 13:00:00,8.4,317,-9.97472,-68.81,5.728786224524986,-6.143371093601034
2012-08-16 14:00:00,8.9,320,-9.97472,-68.81,5.720809726210202,-6.817795543758902
2012-08-16 15:00:00,5.9,322,-9.97472,-68.81,3.6324027044213834,-4.64926344627966
2012-08-16 16:00:00,4.6,321,-9.97472,-68.81,2.894873798829254,-3.5748714227020644
2012-08-16 17:00:00,4.2,301,-9.97472,-68.81,3.600102662948872,-2.1631599146222276
2012-08-16 18:00:00,4.2,250,-9.97472,-68.81,3.9467090073008158,1.436484601967808
2012-08-16 19:00:00,2.5,278,-9.97472,-68.81,2.475670171853926,-0.34793275240016364
2012-08-16 20:00:00,3.4,342,-9.97472,-68.81,1.0506577808748219,-3.233592155403522
2012-08-16 21:00:00,4.2,20,-9.97472,-68.81,-1.4364846019678086,-3.9467090073008158
2012-08-16 22:00:00,6.0,17,-9.97472,-68.81,-1.7542302283364206,-5.737828535778212
2012-08-16 23:00:00,7.8,13,-9.97472,-68.81,-1.754618223882147,-7.6000865053248345
2012-08-17 00:00:00,8.4,7,-9.97472,-68.81,-1.0237024846032388,-8.337387673787106
2012-08-17 01:00:00,8.3,355,-9.97472,-68.81,0.7233926648055641,-8.268415994161488
2012-08-17 02:00:00,7.8,347,-9.97472,-68.81,1.7546182238821495,-7.600086505324834
2012-08-17 03:00:00,7.6,341,-9.97472,-68.81,2.474317973874391,-7.185941174554808
2012-08-17 04:00:00,6.8,335,-9.97472,-68.81,2.8738041798367546,-6.16289295184922
2012-08-17 05:00:00,6.0,327,-9.97472,-68.81,3.267834210090162,-5.032023407672544
2012-08-17 06:00:00,5.9,317,-9.97472,-68.81,4.02379032436874,-4.314986839553107
2012-08-17 07:00:00,6.6,311,-9.97472,-68.81,4.981083229470297,-4.3299895913373465
2012-08-17 08:00:00,7.9,321,-9.97472,-68.81,4.971631089293719,-6.139453095510068
2012-08-17 09:00:00,7.4,317,-9.97472,-68.81,5.0467878644624875,-5.4120173919818635
2012-08-17 10:00:00,8.7,318,-9.97472,-68.81,5.821436275322065,-6.46535998165333
2012-08-17 11:00:00,7.7,319,-9.97472,-68.81,5.051654523226907,-5.811263767715344
2012-08-17 12:00:00,10.2,321,-9.97472,-68.81,6.4190679887083455,-7.9268888068611
2012-08-17 13:00:00,8.0,324,-9.97472,-68.81,4.702282018339787,-6.472135954999579
2012-08-17 14:00:00,8.2,322,-9.97472,-68.81,5.048424097670397,-6.46168817957512
2012-08-17 15:00:00,6.8,328,-9.97472,-68.81,3.603450996785794,-5.766727053863696
2012-08-17 16:00:00,6.9,321,-9.97472,-68.81,4.342310698243882,-5.362307134053097
2012-08-17 17:00:00,6.8,335,-9.97472,-68.81,2.8738041798367546,-6.16289295184922
2012-08-17 18:00:00,6.2,339,-9.97472,-68.81,2.2218812871808646,-5.78819864428265
2012-08-17 19:00:00,6.0,327,-9.97472,-68.81,3.267834210090162,-5.032023407672544
2012-08-17 20:00:00,6.0,327,-9.97472,-68.81,3.267834210090162,-5.032023407672544
2012-08-17 21:00:00,3.7,299,-9.97472,-68.81,3.236092916415764,-1.7937955949114481
2012-08-17 22:00:00,5.1,315,-9.97472,-68.81,3.606244584051393,-3.606244584051391
2012-08-17 23:00:00,6.4,333,-9.97472,-68.81,2.9055391983331007,-5.702441754805554
2012-08-18 00:00:00,6.8,342,-9.97472,-68.81,2.1013155617496437,-6.467184310807044
2012-08-18 01:00:00,6.6,338,-9.97472,-68.81,2.4724035165450213,-6.119413440140796
2012-08-18 02:00:00,7.1,319,-9.97472,-68.81,4.658019105832603,-5.35843801958168
2012-08-18 03:00:00,7.0,305,-9.97472,-68.81,5.7340643100229425,-4.015035054457322
2012-08-18 04:00:00,7.3,290,-9.97472,-68.81,6.8597561317371305,-2.4967470462773838
2012-08-18 05:00:00,7.3,279,-9.97472,-68.81,7.210124886344506,-1.141971594793684
2012-08-18 06:00:00,7.3,281,-9.97472,-68.81,7.165878439167946,-1.3929056662487793
2012-08-18 07:00:00,6.4,297,-9.97472,-68.81,5.702441754805555,-2.9055391983330985
2012-08-18 08:00:00,6.9,298,-9.97472,-68.81,6.0923383907265976,-3.239353783222644
2012-08-18 09:00:00,6.0,295,-9.97472,-68.81,5.437846722219899,-2.5357095704441974
2012-08-18 10:00:00,6.8,288,-9.97472,-68.81,6.467184310807045,-2.101315561749641
2012-08-18 11:00:00,8.3,288,-9.97472,-68.81,7.893769085249776,-2.5648410533120622
2012-08-18 12:00:00,8.1,291,-9.97472,-68.81,7.5620014546273335,-2.902780391316933
2012-08-18 13:00:00,7.4,299,-9.97472,-68.81,6.472185832831528,-3.5875911898228963
2012-08-18 14:00:00,6.9,309,-9.97472,-68.81,5.362307134053099,-4.342310698243879
2012-08-18 15:00:00,7.1,319,-9.97472,-68.81,4.658019105832603,-5.35843801958168
2012-08-18 16:00:00,7.3,327,-9.97472,-68.81,3.9758649556096968,-6.122295146001595
2012-08-18 17:00:00,6.5,326,-9.97472,-68.81,3.6347538725598527,-5.388744221607772
2012-08-18 18:00:00,5.9,322,-9.97472,-68.81,3.6324027044213834,-4.64926344627966
2012-08-18 19:00:00,5.2,348,-9.97472,-68.81,1.0811407922523513,-5.086367523815789
2012-08-18 20:00:00,3.4,302,-9.97472,-68.81,2.883363526931849,-1.8017254983928959
2012-08-18 21:00:00,1.8,281,-9.97472,-68.81,1.766928930205795,-0.3434561916777812
2012-08-18 22:00:00,2.9,240,-9.97472,-68.81,2.5114736709748713,1.4500000000000013
2012-08-18 23:00:00,2.8,230,-9.97472,-68.81,2.144924440733138,1.7998053071223103
2012-08-19 00:00:00,2.8,230,-9.97472,-68.81,2.144924440733138,1.7998053071223103
2012-08-19 01:00:00,4.1,232,-9.97472,-68.81,3.2308440897875603,2.524212048835198
2012-08-19 02:00:00,4.4,235,-9.97472,-68.81,3.604268994871563,2.523736319944604
2012-08-19 03:00:00,4.3,228,-9.97472,-68.81,3.195522749552796,2.87726160734309
2012-08-19 04:00:00,4.6,225,-9.97472,-68.81,3.252691193458118,3.2526911934581193
2012-08-19 05:00:00,4.1,232,-9.97472,-68.81,3.2308440897875603,2.524212048835198
2012-08-19 06:00:00,4.2,239,-9.97472,-68.81,3.600102662948871,2.163159914622229
2012-08-19 07:00:00,4.8,257,-9.97472,-68.81,4.6769763109691285,1.0797650608505531
2012-08-19 08:00:00,5.0,249,-9.97472,-68.81,4.667902132486008,1.7918397477265036
2012-08-19 09:00:00,3.6,225,-9.97472,-68.81,2.545584412271571,2.545584412271572
2012-08-19 10:00:00,2.2,171,-9.97472,-68.81,-0.3441558230885082,2.172914349309303
2012-08-19 11:00:00,0.8,153,-9.97472,-68.81,-0.36319239979163753,0.7128052193506943
2012-08-19 12:00:00,1.3,304,-9.97472,-68.81,1.0777488443215542,-0.7269507745119711
2012-08-19 13:00:00,1.8,307,-9.97472,-68.81,1.4375439180851275,-1.0832670416736863
2012-08-19 14:00:00,1.8,307,-9.97472,-68.81,1.4375439180851275,-1.0832670416736863
2012-08-19 15:00:00,2.5,270,-9.97472,-68.81,2.5,4.592425496802574e-16
2012-08-19 16:00:00,3.7,259,-9.97472,-68.81,3.632020578756357,0.7059932828932151
2012-08-19 17:00:00,3.3,257,-9.97472,-68.81,3.215421213791276,0.7423384793347553
2012-08-19 18:00:00,1.1,360,-9.97472,-68.81,2.6942229581241775e-16,-1.1
2012-08-19 19:00:00,3.5,294,-9.97472,-68.81,3.1974091017491038,-1.4235782507652992
2012-08-19 20:00:00,1.9,248,-9.97472,-68.81,1.7616493236768958,0.7117525274902333
2012-08-19 21:00:00,3.9,202,-9.97472,-68.81,1.460965714322057,3.616017032810471
2012-08-19 22:00:00,5.9,166,-9.97472,-68.81,-1.4273391840380396,5.7247447850283795
2012-08-19 23:00:00,6.0,147,-9.97472,-68.81,-3.2678342100901636,5.032023407672543
2012-08-20 00:00:00,5.4,132,-9.97472,-68.81,-4.012982057577929,3.6133052743378347
2012-08-20 01:00:00,4.8,117,-9.97472,-68.81,-4.276831316104166,2.179154398749824
2012-08-20 02:00:00,4.4,99,-9.97472,-68.81,-4.3458286986186065,0.6883116461770157
2012-08-20 03:00:00,4.4,99,-9.97472,-68.81,-4.3458286986186065,0.6883116461770157
2012-08-20 04:00:00,3.2,117,-9.97472,-68.81,-2.8512208774027776,1.4527695991665495
2012-08-20 05:00:00,3.6,143,-9.97472,-68.81,-2.1665340833473734,2.8750878361702545
2012-08-20 06:00:00,3.6,174,-9.97472,-68.81,-0.37630246776355347,3.580278823325784
2012-08-20 07:00:00,3.6,174,-9.97472,-68.81,-0.37630246776355347,3.580278823325784
2012-08-20 08:00:00,4.0,190,-9.97472,-68.81,0.6945927106677219,3.939231012048832
2012-08-20 09:00:00,4.0,185,-9.97472,-68.81,0.3486229709906318,3.984778792366982
2012-08-20 10:00:00,4.3,175,-9.97472,-68.81,-0.3747696938149302,4.283637201794505
2012-08-20 11:00:00,4.0,170,-9.97472,-68.81,-0.6945927106677211,3.939231012048832
2012-08-20 12:00:00,3.3,167,-9.97472,-68.81,-0.7423384793347552,3.215421213791276
2012-08-20 13:00:00,2.2,180,-9.97472,-68.81,-2.6942229581241775e-16,2.2
2012-08-20 14:00:00,1.8,217,-9.97472,-68.81,1.0832670416736871,1.437543918085127
2012-08-20 15:00:00,1.8,281,-9.97472,-68.81,1.766928930205795,-0.3434561916777812
2012-08-20 16:00:00,2.6,304,-9.97472,-68.81,2.1554976886431083,-1.4539015490239422
2012-08-20 17:00:00,2.2,279,-9.97472,-68.81,2.1729143493093033,-0.3441558230885075
2012-08-20 18:00:00,2.7,337,-9.97472,-68.81,1.0549740469210396,-2.4853631043215887
2012-08-20 19:00:00,3.9,248,-9.97472,-68.81,3.6160170328104706,1.460965714322058
2012-08-20 20:00:00,1.5,166,-9.97472,-68.81,-0.3628828433995016,1.4554435894139948
2012-08-20 21:00:00,3.3,96,-9.97472,-68.81,-3.2819222547153015,0.3449439287832567
2012-08-20 22:00:00,4.0,80,-9.97472,-68.81,-3.939231012048832,-0.6945927106677217
2012-08-20 23:00:00,4.3,85,-9.97472,-68.81,-4.283637201794505,-0.37476969381492997
2012-08-21 00:00:00,4.0,100,-9.97472,-68.81,-3.939231012048832,0.6945927106677212
2012-08-21 01:00:00,4.5,119,-9.97472,-68.81,-3.9357886821272814,2.1816432911085166
2012-08-21 02:00:00,3.6,127,-9.97472,-68.81,-2.8750878361702537,2.1665340833473743
2012-08-21 03:00:00,4.1,128,-9.97472,-68.81,-3.23084408978756,2.524212048835199
2012-08-21 04:00:00,3.9,124,-9.97472,-68.81,-3.233246532964663,2.180852323535912
2012-08-21 05:00:00,4.7,122,-9.97472,-68.81,-3.9858260519352027,2.4906205418960625
2012-08-21 06:00:00,4.9,126,-9.97472,-68.81,-3.9641832724372428,2.880147736233118
2012-08-21 07:00:00,6.3,121,-9.97472,-68.81,-5.400153994423308,3.2447398719333416
2012-08-21 08:00:00,5.6,135,-9.97472,-68.81,-3.9597979746446663,3.9597979746446654
2012-08-21 09:00:00,4.6,141,-9.97472,-68.81,-2.8948737988292517,3.5748714227020657
2012-08-21 10:00:00,3.8,139,-9.97472,-68.81,-2.4930243101639276,2.8678964048465336
2012-08-21 11:00:00,5.1,141,-9.97472,-68.81,-3.2095339943541705,3.963444403430551
2012-08-21 12:00:00,5.2,146,-9.97472,-68.81,-2.907803098047884,4.310995377286217
2012-08-21 13:00:00,4.7,148,-9.97472,-68.81,-2.490620541896063,3.9858260519352022
2012-08-21 14:00:00,4.0,175,-9.97472,-68.81,-0.3486229709906328,3.984778792366982
2012-08-21 15:00:00,4.0,190,-9.97472,-68.81,0.6945927106677219,3.939231012048832
2012-08-21 16:00:00,3.6,186,-9.97472,-68.81,0.3763024677635526,3.580278823325784
2012-08-21 17:00:00,4.3,175,-9.97472,-68.81,-0.3747696938149302,4.283637201794505
2012-08-21 18:00:00,4.8,153,-9.97472,-68.81,-2.1791543987498248,4.276831316104166
2012-08-21 19:00:00,2.2,81,-9.97472,-68.81,-2.1729143493093033,-0.34415582308850806
2012-08-21 20:00:00,4.9,126,-9.97472,-68.81,-3.9641832724372428,2.880147736233118
2012-08-21 21:00:00,6.6,139,-9.97472,-68.81,-4.329989591337347,4.981083229470295
2012-08-21 22:00:00,7.9,133,-9.97472,-68.81,-5.777694242791448,5.387787044493737
2012-08-21 23:00:00,7.4,129,-9.97472,-68.81,-5.750880114781586,4.656970893768796
2012-08-22 00:00:00,6.4,117,-9.97472,-68.81,-5.702441754805555,2.905539198333099
2012-08-22 01:00:00,5.0,120,-9.97472,-68.81,-4.330127018922194,2.499999999999999
2012-08-22 02:00:00,4.0,153,-9.97472,-68.81,-1.8159619989581874,3.564026096753471
2012-08-22 03:00:00,4.4,171,-9.97472,-68.81,-0.6883116461770163,4.345828698618606
2012-08-22 04:00:00,4.7,171,-9.97472,-68.81,-0.7352419856890856,4.6421352007971475
2012-08-22 05:00:00,4.7,184,-9.97472,-68.81,0.3278554265973888,4.688551036221174
2012-08-22 06:00:00,4.4,189,-9.97472,-68.81,0.6883116461770152,4.3458286986186065
2012-08-22 07:00:00,4.0,180,-9.97472,-68.81,-4.898587196589413e-16,4.0
2012-08-22 08:00:00,3.6,174,-9.97472,-68.81,-0.37630246776355347,3.580278823325784
2012-08-22 09:00:00,2.2,171,-9.97472,-68.81,-0.3441558230885082,2.172914349309303
2012-08-22 10:00:00,0.4,180,-9.97472,-68.81,-4.898587196589413e-17,0.4
2012-08-22 11:00:00,1.3,214,-9.97472,-68.81,0.7269507745119708,1.0777488443215544
2012-08-22 12:00:00,2.1,211,-9.97472,-68.81,1.0815799573111138,1.800051331474436
2012-08-22 13:00:00,2.3,219,-9.97472,-68.81,1.4474368994146265,1.7874357113510326
2012-08-22 14:00:00,2.3,219,-9.97472,-68.81,1.4474368994146265,1.7874357113510326
2012-08-22 15:00:00,2.9,210,-9.97472,-68.81,1.4500000000000002,2.5114736709748717
2012-08-22 16:00:00,3.1,201,-9.97472,-68.81,1.1109406435904314,2.8940993221413254
2012-08-22 17:00:00,4.6,198,-9.97472,-68.81,1.4214781741247573,4.374859974957706
2012-08-22 18:00:00,3.4,198,-9.97472,-68.81,1.0506577808748208,3.2335921554035223
2012-08-22 19:00:00,2.3,129,-9.97472,-68.81,-1.7874357113510333,1.4474368994146256
2012-08-22 20:00:00,1.1,72,-9.97472,-68.81,-1.0461621679246689,-0.3399186938124422
2012-08-22 21:00:00,2.7,67,-9.97472,-68.81,-2.485363104321589,-1.0549740469210391
2012-08-22 22:00:00,4.5,76,-9.97472,-68.81,-4.366330768241984,-1.0886485301985045
2012-08-22 23:00:00,5.4,98,-9.97472,-68.81,-5.34744757120448,0.7515347451843529
2012-08-23 00:00:00,4.9,107,-9.97472,-68.81,-4.685893304218874,1.4326213531414098
2012-08-23 01:00:00,3.7,101,-9.97472,-68.81,-3.632020578756357,0.7059932828932158
2012-08-23 02:00:00,4.4,81,-9.97472,-68.81,-4.3458286986186065,-0.6883116461770161
2012-08-23 03:00:00,3.3,77,-9.97472,-68.81,-3.2154212137912763,-0.7423384793347542
2012-08-23 04:00:00,1.3,124,-9.97472,-68.81,-1.0777488443215544,0.7269507745119708
2012-08-23 05:00:00,1.5,225,-9.97472,-68.81,1.0606601717798212,1.0606601717798214
2012-08-23 06:00:00,2.7,247,-9.97472,-68.81,2.4853631043215887,1.0549740469210394
2012-08-23 07:00:00,3.2,243,-9.97472,-68.81,2.851220877402777,1.4527695991665501
2012-08-23 08:00:00,3.6,225,-9.97472,-68.81,2.545584412271571,2.545584412271572
2012-08-23 09:00:00,2.3,219,-9.97472,-68.81,1.4474368994146265,1.7874357113510326
2012-08-23 10:00:00,1.1,180,-9.97472,-68.81,-1.3471114790620887e-16,1.1
2012-08-23 11:00:00,0.8,117,-9.97472,-68.81,-0.7128052193506944,0.36319239979163737
2012-08-23 12:00:00,1.5,14,-9.97472,-68.81,-0.3628828433995016,-1.4554435894139948
2012-08-23 13:00:00,3.3,354,-9.97472,-68.81,0.34494392878325625,-3.2819222547153015
2012-08-23 14:00:00,4.0,350,-9.97472,-68.81,0.6945927106677215,-3.939231012048832
2012-08-23 15:00:00,5.1,352,-9.97472,-68.81,0.709782814896336,-5.050367150582008
2012-08-23 16:00:00,3.3,354,-9.97472,-68.81,0.34494392878325625,-3.2819222547153015
2012-08-23 17:00:00,2.8,310,-9.97472,-68.81,2.1449244407331385,-1.7998053071223097
2012-08-23 18:00:00,2.5,278,-9.97472,-68.81,2.475670171853926,-0.34793275240016364
2012-08-23 19:00:00,1.6,297,-9.97472,-68.81,1.4256104387013888,-0.7263847995832746
2012-08-23 20:00:00,2.5,278,-9.97472,-68.81,2.475670171853926,-0.34793275240016364
2012-08-23 21:00:00,1.9,248,-9.97472,-68.81,1.7616493236768958,0.7117525274902333
2012-08-23 22:00:00,1.1,162,-9.97472,-68.81,-0.3399186938124423,1.0461621679246689
2012-08-23 23:00:00,1.6,153,-9.97472,-68.81,-0.7263847995832751,1.4256104387013886
2012-08-24 00:00:00,1.9,158,-9.97472,-68.81,-0.7117525274902332,1.7616493236768958
2012-08-24 01:00:00,2.2,180,-9.97472,-68.81,-2.6942229581241775e-16,2.2
2012-08-24 02:00:00,3.1,201,-9.97472,-68.81,1.1109406435904314,2.8940993221413254
2012-08-24 03:00:00,4.2,211,-9.97472,-68.81,2.1631599146222276,3.600102662948872
2012-08-24 04:00:00,4.4,215,-9.97472,-68.81,2.5237363199446032,3.604268994871564
2012-08-24 05:00:00,4.7,212,-9.97472,-68.81,2.4906205418960625,3.9858260519352027
2012-08-24 06:00:00,4.4,215,-9.97472,-68.81,2.5237363199446032,3.604268994871564
2012-08-24 07:00:00,3.2,207,-9.97472,-68.81,1.4527695991665495,2.8512208774027776
2012-08-24 08:00:00,4.1,225,-9.97472,-68.81,2.8991378028648445,2.8991378028648453
2012-08-24 09:00:00,3.3,229,-9.97472,-68.81,2.4905416147351476,2.1649947956686737
2012-08-24 10:00:00,2.3,252,-9.97472,-68.81,2.1874299874788528,0.7107390870623793
2012-08-24 11:00:00,2.4,297,-9.97472,-68.81,2.1384156580520832,-1.089577199374912
2012-08-24 12:00:00,2.6,326,-9.97472,-68.81,1.453901549023941,-2.1554976886431088
2012-08-24 13:00:00,4.5,346,-9.97472,-68.81,1.0886485301985054,-4.366330768241984
2012-08-24 14:00:00,5.1,352,-9.97472,-68.81,0.709782814896336,-5.050367150582008
2012-08-24 15:00:00,5.0,360,-9.97472,-68.81,1.2246467991473533e-15,-5.0
2012-08-24 16:00:00,4.7,9,-9.97472,-68.81,-0.7352419856890852,-4.6421352007971475
2012-08-24 17:00:00,4.9,17,-9.97472,-68.81,-1.4326213531414103,-4.685893304218874
2012-08-24 18:00:00,2.7,23,-9.97472,-68.81,-1.0549740469210394,-2.485363104321589
2012-08-24 19:00:00,0.8,117,-9.97472,-68.81,-0.7128052193506944,0.36319239979163737
2012-08-24 20:00:00,1.8,180,-9.97472,-68.81,-2.2043642384652358e-16,1.8
2012-08-24 21:00:00,2.5,180,-9.97472,-68.81,-3.061616997868383e-16,2.5
2012-08-24 22:00:00,4.8,167,-9.97472,-68.81,-1.079765060850553,4.6769763109691285
2012-08-24 23:00:00,6.2,170,-9.97472,-68.81,-1.0766187015349677,6.10580806867569
2012-08-25 00:00:00,5.8,173,-9.97472,-68.81,-0.7068421917498557,5.756767679519667
2012-08-25 01:00:00,5.1,184,-9.97472,-68.81,0.3557580160950389,5.087576656325103
2012-08-25 02:00:00,5.5,191,-9.97472,-68.81,1.049449474570996,5.3989495089621515
2012-08-25 03:00:00,6.6,189,-9.97472,-68.81,1.0324674692655227,6.518743047927909
2012-08-25 04:00:00,7.6,188,-9.97472,-68.81,1.057715567296498,7.526037322435934
2012-08-25 05:00:00,8.7,185,-9.97472,-68.81,0.758254961904624,8.666893873398186
2012-08-25 06:00:00,9.0,182,-9.97472,-68.81,0.3140954703225081,8.994517443171862
2012-08-25 07:00:00,7.9,177,-9.97472,-68.81,-0.4134540543192561,7.889173324561134
2012-08-25 08:00:00,8.3,175,-9.97472,-68.81,-0.7233926648055631,8.268415994161488
2012-08-25 09:00:00,7.3,169,-9.97472,-68.81,-1.3929056662487782,7.165878439167947
2012-08-25 10:00:00,7.9,156,-9.97472,-68.81,-3.2132194802988234,7.2170091153765465
2012-08-25 11:00:00,8.8,145,-9.97472,-68.81,-5.047472639889205,7.208537989743129
2012-08-25 12:00:00,9.7,135,-9.97472,-68.81,-6.858935777509511,6.85893577750951
2012-08-25 13:00:00,9.4,130,-9.97472,-68.81,-7.200817765318393,6.04220353105347
2012-08-25 14:00:00,8.4,121,-9.97472,-68.81,-7.200205325897744,4.326319829244456
2012-08-25 15:00:00,7.0,111,-9.97472,-68.81,-6.535062985480412,2.5085756468171017
2012-08-25 16:00:00,6.2,97,-9.97472,-68.81,-6.153786140176197,0.7555899291119137
2012-08-25 17:00:00,6.2,111,-9.97472,-68.81,-5.788198644282651,2.2218812871808615
2012-08-25 18:00:00,7.8,124,-9.97472,-68.81,-6.466493065929326,4.361704647071824
2012-08-25 19:00:00,12.9,153,-9.97472,-68.81,-5.856477446640155,11.493984162029944
2012-08-25 20:00:00,12.8,169,-9.97472,-68.81,-2.442355140819776,12.5648279481301
2012-08-25 21:00:00,13.6,169,-9.97472,-68.81,-2.5950023371210116,13.35012969488823
2012-08-25 22:00:00,14.4,167,-9.97472,-68.81,-3.239295182551659,14.030928932907386
2012-08-25 23:00:00,14.6,164,-9.97472,-68.81,-4.024305394928189,14.034420760699456
2012-08-26 00:00:00,13.9,159,-9.97472,-68.81,-4.981314498679673,12.976767928311105
2012-08-26 01:00:00,13.6,158,-9.97472,-68.81,-5.094649670456406,12.609700422108308
2012-08-26 02:00:00,13.2,158,-9.97472,-68.81,-4.944807033090041,12.238826880281591
2012-08-26 03:00:00,12.6,156,-9.97472,-68.81,-5.1248817027550855,11.51067276629677
2012-08-26 04:00:00,12.7,155,-9.97472,-68.81,-5.367251924106883,11.510108895365454
2012-08-26 05:00:00,12.9,153,-9.97472,-68.81,-5.856477446640155,11.493984162029944
2012-08-26 06:00:00,12.9,153,-9.97472,-68.81,-5.856477446640155,11.493984162029944
2012-08-26 07:00:00,12.4,150,-9.97472,-68.81,-6.199999999999999,10.73871500692704
2012-08-26 08:00:00,12.7,151,-9.97472,-68.81,-6.157082177128482,11.107670280670325
2012-08-26 09:00:00,13.0,152,-9.97472,-68.81,-6.103130316216579,11.47831870716605
2012-08-26 10:00:00,13.3,147,-9.97472,-68.81,-7.243699165699864,11.15431855367414
2012-08-26 11:00:00,12.4,144,-9.97472,-68.81,-7.288537128426668,10.031810730249347
2012-08-26 12:00:00,11.3,143,-9.97472,-68.81,-6.8005097616181445,9.024581263534412
2012-08-26 13:00:00,10.2,141,-9.97472,-68.81,-6.419067988708341,7.926888806861102
2012-08-26 14:00:00,9.2,141,-9.97472,-68.81,-5.789747597658503,7.149742845404131
2012-08-26 15:00:00,9.0,143,-9.97472,-68.81,-5.416335208368434,7.187719590425637
2012-08-26 16:00:00,8.9,148,-9.97472,-68.81,-4.716281451675524,7.547628055792192
2012-08-26 17:00:00,9.5,151,-9.97472,-68.81,-4.605691392340203,8.30888721782426
2012-08-26 18:00:00,9.3,152,-9.97472,-68.81,-4.366085533908784,8.211412613588022
2012-08-26 19:00:00,7.5,163,-9.97472,-68.81,-2.1927877854205247,7.172285669722767
2012-08-26 20:00:00,9.3,167,-9.97472,-68.81,-2.0920448053979466,9.061641602502688
2012-08-26 21:00:00,10.2,162,-9.97472,-68.81,-3.1519733426244643,9.700776466210565
2012-08-26 22:00:00,10.8,154,-9.97472,-68.81,-4.734408385322035,9.706975700031006
2012-08-26 23:00:00,11.1,151,-9.97472,-68.81,-5.381386784734342,9.708278749247292
2012-08-27 00:00:00,11.9,151,-9.97472,-68.81,-5.769234480931413,10.40797451495881
2012-08-27 01:00:00,12.4,154,-9.97472,-68.81,-5.435802220184558,11.145046174109671
2012-08-27 02:00:00,12.1,153,-9.97472,-68.81,-5.493285046848517,10.781178942679249
2012-08-27 03:00:00,11.8,153,-9.97472,-68.81,-5.357087896926653,10.51387698542274
2012-08-27 04:00:00,11.6,150,-9.97472,-68.81,-5.799999999999999,10.045894683899489
2012-08-27 05:00:00,12.0,147,-9.97472,-68.81,-6.535668420180327,10.064046815345087
2012-08-27 06:00:00,12.5,147,-9.97472,-68.81,-6.807987937687841,10.483382099317799
2012-08-27 07:00:00,12.7,145,-9.97472,-68.81,-7.284420741658283,10.403230962470197
2012-08-27 08:00:00,12.3,148,-9.97472,-68.81,-6.518006950068421,10.43099158272404
2012-08-27 09:00:00,12.2,152,-9.97472,-68.81,-5.727553065987866,10.771960632878908
2012-08-27 10:00:00,15.6,151,-9.97472,-68.81,-7.5630300758428595,13.644067431374573
2012-08-27 11:00:00,15.4,147,-9.97472,-68.81,-8.38744113923142,12.915526746359529
2012-08-27 12:00:00,14.5,145,-9.97472,-68.81,-8.316858327090166,11.877704642190382
2012-08-27 13:00:00,13.6,143,-9.97472,-68.81,-8.184684314867855,10.861442936643183
2012-08-27 14:00:00,12.3,140,-9.97472,-68.81,-7.906287599144436,9.422346650363428
2012-08-27 15:00:00,11.2,138,-9.97472,-68.81,-7.494262791219213,8.323222045346812
2012-08-27 16:00:00,10.4,136,-9.97472,-68.81,-7.224447052773571,7.4811339235219725
2012-08-27 17:00:00,10.2,138,-9.97472,-68.81,-6.825132184860355,7.580077219869419
2012-08-27 18:00:00,9.7,141,-9.97472,-68.81,-6.104407793183422,7.538315826132617
2012-08-27 19:00:00,7.6,149,-9.97472,-68.81,-3.914289369316413,6.514471485336053
2012-08-27 20:00:00,8.5,152,-9.97472,-68.81,-3.9905082836800707,7.505054539300879
2012-08-27 21:00:00,9.8,156,-9.97472,-68.81,-3.9860191021428446,8.952745484897488
2012-08-27 22:00:00,11.1,155,-9.97472,-68.81,-4.691062705321764,10.060016436106814
2012-08-27 23:00:00,11.8,153,-9.97472,-68.81,-5.357087896926653,10.51387698542274
2012-08-28 00:00:00,12.4,150,-9.97472,-68.81,-6.199999999999999,10.73871500692704
2012-08-28 01:00:00,12.4,150,-9.97472,-68.81,-6.199999999999999,10.73871500692704
2012-08-28 02:00:00,12.2,152,-9.97472,-68.81,-5.727553065987866,10.771960632878908
2012-08-28 03:00:00,12.2,156,-9.97472,-68.81,-4.9621870455247645,11.145254583239728
2012-08-28 04:00:00,12.4,158,-9.97472,-68.81,-4.645121758357312,11.497079796628164
2012-08-28 05:00:00,12.8,158,-9.97472,-68.81,-4.794964395723677,11.867953338454878
2012-08-28 06:00:00,12.9,157,-9.97472,-68.81,-5.040431557511631,11.874512609536481
2012-08-28 07:00:00,14.7,149,-9.97472,-68.81,-7.571059701177799,12.600359320321049
2012-08-28 08:00:00,13.7,150,-9.97472,-68.81,-6.849999999999999,11.864548031846809
2012-08-28 09:00:00,13.7,150,-9.97472,-68.81,-6.849999999999999,11.864548031846809
2012-08-28 10:00:00,15.4,147,-9.97472,-68.81,-8.38744113923142,12.915526746359529
2012-08-28 11:00:00,14.1,148,-9.97472,-68.81,-7.471861625688189,11.957478155805605
2012-08-28 12:00:00,13.3,147,-9.97472,-68.81,-7.243699165699864,11.15431855367414
2012-08-28 13:00:00,12.5,147,-9.97472,-68.81,-6.807987937687841,10.483382099317799
2012-08-28 14:00:00,11.4,145,-9.97472,-68.81,-6.538771374401924,9.338333304894508
2012-08-28 15:00:00,10.8,143,-9.97472,-68.81,-6.499602250042121,8.625263508510765
2012-08-28 16:00:00,10.5,142,-9.97472,-68.81,-6.464445490919413,8.27411291287058
2012-08-28 17:00:00,10.6,145,-9.97472,-68.81,-6.079910225321087,8.683011669463314
2012-08-28 18:00:00,10.5,149,-9.97472,-68.81,-5.407899786555571,9.000256657372178
2012-08-28 19:00:00,9.5,155,-9.97472,-68.81,-4.014873486536645,8.609923976848174
2012-08-28 20:00:00,10.8,159,-9.97472,-68.81,-3.8703738550892424,10.08266860616978
2012-08-28 21:00:00,11.6,158,-9.97472,-68.81,-4.345436483624582,10.755332712974733
2012-08-28 22:00:00,12.1,157,-9.97472,-68.81,-4.727846654720213,11.138108726774528
2012-08-28 23:00:00,12.2,156,-9.97472,-68.81,-4.9621870455247645,11.145254583239728
2012-08-29 00:00:00,11.8,153,-9.97472,-68.81,-5.357087896926653,10.51387698542274
2012-08-29 01:00:00,11.3,149,-9.97472,-68.81,-5.819930246483615,9.685990497933869
2012-08-29 02:00:00,11.4,152,-9.97472,-68.81,-5.351975815759154,10.065602558591769
2012-08-29 03:00:00,11.8,153,-9.97472,-68.81,-5.357087896926653,10.51387698542274
2012-08-29 04:00:00,11.6,154,-9.97472,-68.81,-5.085105302753297,10.426010937070338
2012-08-29 05:00:00,11.6,154,-9.97472,-68.81,-5.085105302753297,10.426010937070338
2012-08-29 06:00:00,11.1,155,-9.97472,-68.81,-4.691062705321764,10.060016436106814
2012-08-29 07:00:00,11.3,158,-9.97472,-68.81,-4.233054505599808,10.477177556604698
2012-08-29 08:00:00,11.3,158,-9.97472,-68.81,-4.233054505599808,10.477177556604698
2012-08-29 09:00:00,9.8,156,-9.97472,-68.81,-3.9860191021428446,8.952745484897488
2012-08-29 10:00:00,10.9,153,-9.97472,-68.81,-4.948496447161061,9.71197111365321
2012-08-29 11:00:00,10.3,151,-9.97472,-68.81,-4.993539088537273,9.008582983535776
2012-08-29 12:00:00,9.0,151,-9.97472,-68.81,-4.363286582217034,7.871577364254562
2012-08-29 13:00:00,8.4,155,-9.97472,-68.81,-3.549993398621876,7.61298541110786
2012-08-29 14:00:00,7.2,153,-9.97472,-68.81,-3.2687315981247376,6.415246974156248
2012-08-29 15:00:00,6.4,153,-9.97472,-68.81,-2.9055391983331003,5.702441754805554
2012-08-29 16:00:00,6.0,155,-9.97472,-68.81,-2.535709570444197,5.437846722219899
2012-08-29 17:00:00,6.0,155,-9.97472,-68.81,-2.535709570444197,5.437846722219899
2012-08-29 18:00:00,5.5,157,-9.97472,-68.81,-2.149021206691006,5.062776693988422
2012-08-29 19:00:00,3.1,135,-9.97472,-68.81,-2.1920310216782974,2.192031021678297
2012-08-29 20:00:00,3.8,139,-9.97472,-68.81,-2.4930243101639276,2.8678964048465336
2012-08-29 21:00:00,4.7,148,-9.97472,-68.81,-2.490620541896063,3.9858260519352022
2012-08-29 22:00:00,4.4,145,-9.97472,-68.81,-2.5237363199446023,3.6042689948715645
2012-08-29 23:00:00,6.0,147,-9.97472,-68.81,-3.2678342100901636,5.032023407672543
2012-08-30 00:00:00,7.3,147,-9.97472,-68.81,-3.9758649556096994,6.122295146001594
2012-08-30 01:00:00,7.9,150,-9.97472,-68.81,-3.9499999999999997,6.841600689897066
2012-08-30 02:00:00,8.5,152,-9.97472,-68.81,-3.9905082836800707,7.505054539300879
2012-08-30 03:00:00,7.9,150,-9.97472,-68.81,-3.9499999999999997,6.841600689897066
2012-08-30 04:00:00,8.0,144,-9.97472,-68.81,-4.702282018339786,6.472135954999579
2012-08-30 05:00:00,8.0,144,-9.97472,-68.81,-4.702282018339786,6.472135954999579
2012-08-30 06:00:00,7.8,146,-9.97472,-68.81,-4.361704647071826,6.466493065929325
2012-08-30 07:00:00,7.9,150,-9.97472,-68.81,-3.9499999999999997,6.841600689897066
2012-08-30 08:00:00,7.6,149,-9.97472,-68.81,-3.914289369316413,6.514471485336053
2012-08-30 09:00:00,6.2,144,-9.97472,-68.81,-3.644268564213334,5.015905365124674
2012-08-30 10:00:00,5.4,138,-9.97472,-68.81,-3.613305274337835,4.012982057577928
2012-08-30 11:00:00,5.9,133,-9.97472,-68.81,-4.314986839553106,4.023790324368741
2012-08-30 12:00:00,6.1,130,-9.97472,-68.81,-4.6728711030257655,3.92100441908789
2012-08-30 13:00:00,4.8,132,-9.97472,-68.81,-3.5670951622914924,3.2118269105225195
2012-08-30 14:00:00,3.8,131,-9.97472,-68.81,-2.867896404846534,2.493024310163927
2012-08-30 15:00:00,2.8,130,-9.97472,-68.81,-2.1449244407331385,1.7998053071223101
2012-08-30 16:00:00,2.7,113,-9.97472,-68.81,-2.4853631043215887,1.0549740469210394
2012-08-30 17:00:00,3.0,104,-9.97472,-68.81,-2.9108871788279895,0.7257656867990033
2012-08-30 18:00:00,3.7,101,-9.97472,-68.81,-3.632020578756357,0.7059932828932158
2012-08-30 19:00:00,3.3,41,-9.97472,-68.81,-2.1649947956686737,-2.4905416147351476
2012-08-30 20:00:00,3.6,37,-9.97472,-68.81,-2.166534083347374,-2.875087836170254
2012-08-30 21:00:00,4.1,45,-9.97472,-68.81,-2.8991378028648445,-2.899137802864845
2012-08-30 22:00:00,5.1,51,-9.97472,-68.81,-3.963444403430551,-3.209533994354171
2012-08-30 23:00:00,5.2,56,-9.97472,-68.81,-4.3109953772862175,-2.9078030980478835
2012-08-31 00:00:00,6.0,65,-9.97472,-68.81,-5.437846722219899,-2.5357095704441965
2012-08-31 01:00:00,5.1,86,-9.97472,-68.81,-5.087576656325103,-0.35575801609503865
2012-08-31 02:00:00,3.8,107,-9.97472,-68.81,-3.633958072659535,1.1110124779463992
2012-08-31 03:00:00,1.8,180,-9.97472,-68.81,-2.2043642384652358e-16,1.8
2012-08-31 04:00:00,2.3,141,-9.97472,-68.81,-1.4474368994146258,1.7874357113510329
2012-08-31 05:00:00,4.1,105,-9.97472,-68.81,-3.96029588778518,1.0611580849203355
2012-08-31 06:00:00,5.1,94,-9.97472,-68.81,-5.087576656325103,0.35575801609503915
2012-08-31 07:00:00,4.6,135,-9.97472,-68.81,-3.2526911934581184,3.252691193458118
2012-08-31 08:00:00,4.4,145,-9.97472,-68.81,-2.5237363199446023,3.6042689948715645
2012-08-31 09:00:00,3.9,146,-9.97472,-68.81,-2.180852323535913,3.2332465329646625
2012-08-31 10:00:00,2.0,135,-9.97472,-68.81,-1.4142135623730951,1.414213562373095
2012-08-31 11:00:00,3.3,131,-9.97472,-68.81,-2.490541614735148,2.1649947956686737
2012-08-31 12:00:00,3.3,131,-9.97472,-68.81,-2.490541614735148,2.1649947956686737
2012-08-31 13:00:00,1.6,117,-9.97472,-68.81,-1.4256104387013888,0.7263847995832747
2012-08-31 14:00:00,1.6,63,-9.97472,-68.81,-1.4256104387013886,-0.726384799583275
2012-08-31 15:00:00,1.8,37,-9.97472,-68.81,-1.083267041673687,-1.437543918085127
2012-08-31 16:00:00,1.5,45,-9.97472,-68.81,-1.0606601717798212,-1.0606601717798214
2012-08-31 17:00:00,2.1,59,-9.97472,-68.81,-1.800051331474436,-1.0815799573111138
2012-08-31 18:00:00,2.9,83,-9.97472,-68.81,-2.8783838397598336,-0.3534210958749277
2012-08-31 19:00:00,2.3,18,-9.97472,-68.81,-0.710739087062379,-2.1874299874788528
2012-08-31 20:00:00,1.5,14,-9.97472,-68.81,-0.3628828433995016,-1.4554435894139948
2012-08-31 21:00:00,1.1,18,-9.97472,-68.81,-0.33991869381244216,-1.0461621679246689
2012-08-31 22:00:00,1.3,304,-9.97472,-68.81,1.0777488443215542,-0.7269507745119711
2012-08-31 23:00:00,2.4,297,-9.97472,-68.81,2.1384156580520832,-1.089577199374912
2012-09-01 00:00:00,3.7,281,-9.97472,-68.81,3.6320205787563564,-0.705993282893217
2012-09-01 01:00:00,4.9,287,-9.97472,-68.81,4.685893304218874,-1.43262135314141
2012-09-01 02:00:00,4.6,288,-9.97472,-68.81,4.374859974957706,-1.421478174124757
2012-09-01 03:00:00,4.7,293,-9.97472,-68.81,4.32637281122647,-1.8364363038995855
2012-09-01 04:00:00,4.3,294,-9.97472,-68.81,3.9282454678631846,-1.7489675652259389
2012-09-01 05:00:00,4.0,297,-9.97472,-68.81,3.564026096753472,-1.8159619989581866
2012-09-01 06:00:00,3.5,294,-9.97472,-68.81,3.1974091017491038,-1.4235782507652992
2012-09-01 07:00:00,4.2,301,-9.97472,-68.81,3.600102662948872,-2.1631599146222276
2012-09-01 08:00:00,3.6,276,-9.97472,-68.81,3.5802788233257843,-0.37630246776355075
2012-09-01 09:00:00,3.5,246,-9.97472,-68.81,3.1974091017491033,1.4235782507653003
2012-09-01 10:00:00,2.1,239,-9.97472,-68.81,1.8000513314744355,1.0815799573111144
2012-09-01 11:00:00,2.7,247,-9.97472,-68.81,2.4853631043215887,1.0549740469210394
2012-09-01 12:00:00,2.1,239,-9.97472,-68.81,1.8000513314744355,1.0815799573111144
2012-09-01 13:00:00,1.3,214,-9.97472,-68.81,0.7269507745119708,1.0777488443215544
2012-09-01 14:00:00,1.1,180,-9.97472,-68.81,-1.3471114790620887e-16,1.1
2012-09-01 15:00:00,0.8,153,-9.97472,-68.81,-0.36319239979163753,0.7128052193506943
2012-09-01 16:00:00,0.7,180,-9.97472,-68.81,-8.572527594031472e-17,0.7
2012-09-01 17:00:00,0.8,153,-9.97472,-68.81,-0.36319239979163753,0.7128052193506943
2012-09-01 18:00:00,0.5,45,-9.97472,-68.81,-0.35355339059327373,-0.3535533905932738
2012-09-01 19:00:00,4.7,32,-9.97472,-68.81,-2.490620541896063,-3.9858260519352022
2012-09-01 20:00:00,2.7,23,-9.97472,-68.81,-1.0549740469210394,-2.485363104321589
2012-09-01 21:00:00,1.3,214,-9.97472,-68.81,0.7269507745119708,1.0777488443215544
2012-09-01 22:00:00,1.8,169,-9.97472,-68.81,-0.34345619167778096,1.7669289302057951
2012-09-01 23:00:00,1.8,191,-9.97472,-68.81,0.3434561916777805,1.7669289302057951
2012-09-02 00:00:00,2.8,220,-9.97472,-68.81,1.7998053071223097,2.1449244407331385
2012-09-02 01:00:00,3.0,256,-9.97472,-68.81,2.9108871788279895,0.7257656867990033
2012-09-02 02:00:00,3.6,315,-9.97472,-68.81,2.545584412271572,-2.5455844122715705
2012-09-02 03:00:00,5.8,338,-9.97472,-68.81,2.1727182418122917,-5.377666356487366
2012-09-02 04:00:00,8.7,343,-9.97472,-68.81,2.543633831087813,-8.319851376878407
2012-09-02 05:00:00,9.6,347,-9.97472,-68.81,2.159530121701107,-9.353952621938257
2012-09-02 06:00:00,9.7,345,-9.97472,-68.81,2.5105447374944503,-9.369480515003962
2012-09-02 07:00:00,9.3,344,-9.97472,-68.81,2.5634274090980904,-8.939733772226367
2012-09-02 08:00:00,9.0,337,-9.97472,-68.81,3.516580156403465,-8.284543681071963
2012-09-02 09:00:00,6.1,315,-9.97472,-68.81,4.31335136523794,-4.3133513652379385
2012-09-02 10:00:00,5.8,292,-9.97472,-68.81,5.377666356487367,-2.1727182418122895
2012-09-02 11:00:00,5.4,278,-9.97472,-68.81,5.34744757120448,-0.7515347451843536
2012-09-02 12:00:00,5.8,270,-9.97472,-68.81,5.8,1.0654427152581972e-15
2012-09-02 13:00:00,4.6,252,-9.97472,-68.81,4.3748599749577055,1.4214781741247586
2012-09-02 14:00:00,2.6,214,-9.97472,-68.81,1.4539015490239415,2.1554976886431088
2012-09-02 15:00:00,1.8,169,-9.97472,-68.81,-0.34345619167778096,1.7669289302057951
2012-09-02 16:00:00,1.1,72,-9.97472,-68.81,-1.0461621679246689,-0.3399186938124422
2012-09-02 17:00:00,3.3,84,-9.97472,-68.81,-3.2819222547153015,-0.3449439287832564
2012-09-02 18:00:00,6.9,81,-9.97472,-68.81,-6.815049550106451,-1.0793978087775935
2012-09-02 19:00:00,5.2,74,-9.97472,-68.81,-4.998560818879258,-1.4333142502483958
2012-09-02 20:00:00,5.0,60,-9.97472,-68.81,-4.330127018922193,-2.5000000000000004
2012-09-02 21:00:00,3.7,61,-9.97472,-68.81,-3.2360929164157644,-1.7937955949114475
2012-09-02 22:00:00,5.0,60,-9.97472,-68.81,-4.330127018922193,-2.5000000000000004
2012-09-02 23:00:00,6.8,65,-9.97472,-68.81,-6.162892951849219,-2.873804179836756
2012-09-03 00:00:00,7.2,53,-9.97472,-68.81,-5.750175672340508,-4.333068166694749
2012-09-03 01:00:00,7.4,47,-9.97472,-68.81,-5.412017391981862,-5.046787864462489
2012-09-03 02:00:00,7.0,35,-9.97472,-68.81,-4.015035054457322,-5.7340643100229425
2012-09-03 03:00:00,7.0,21,-9.97472,-68.81,-2.5085756468171017,-6.535062985480412
2012-09-03 04:00:00,6.6,13,-9.97472,-68.81,-1.484676958669509,-6.430842427582553
2012-09-03 05:00:00,6.5,6,-9.97472,-68.81,-0.6794350112397476,-6.4643923198937765
2012-09-03 06:00:00,6.8,360,-9.97472,-68.81,1.6655196468404002e-15,-6.8
2012-09-03 07:00:00,9.0,344,-9.97472,-68.81,2.4807362023529906,-8.65135526344487
2012-09-03 08:00:00,9.1,342,-9.97472,-68.81,2.812054648812023,-8.654614298285896
2012-09-03 09:00:00,7.8,338,-9.97472,-68.81,2.921931428644116,-7.232034065620941
2012-09-03 10:00:00,7.1,336,-9.97472,-68.81,2.887830165838181,-6.486172749262467
2012-09-03 11:00:00,5.2,344,-9.97472,-68.81,1.4333142502483947,-4.998560818879258
2012-09-03 12:00:00,4.3,355,-9.97472,-68.81,0.37476969381493075,-4.283637201794505
2012-09-03 13:00:00,2.9,360,-9.97472,-68.81,7.102951435054649e-16,-2.9
2012-09-03 14:00:00,2.2,351,-9.97472,-68.81,0.3441558230885085,-2.172914349309303
2012-09-03 15:00:00,0.5,315,-9.97472,-68.81,0.35355339059327384,-0.3535533905932737
2012-09-03 16:00:00,1.5,194,-9.97472,-68.81,0.3628828433995013,1.4554435894139948
2012-09-03 17:00:00,1.8,191,-9.97472,-68.81,0.3434561916777805,1.7669289302057951
2012-09-03 18:00:00,2.9,263,-9.97472,-68.81,2.878383839759834,0.35342109587492676
2012-09-03 19:00:00,3.3,347,-9.97472,-68.81,0.7423384793347556,-3.215421213791276
2012-09-03 20:00:00,0.8,117,-9.97472,-68.81,-0.7128052193506944,0.36319239979163737
2012-09-03 21:00:00,1.1,108,-9.97472,-68.81,-1.046162167924669,0.3399186938124421
2012-09-03 22:00:00,2.9,120,-9.97472,-68.81,-2.511473670974872,1.4499999999999993
2012-09-03 23:00:00,2.6,196,-9.97472,-68.81,0.7166571251241974,2.499280409439629
2012-09-04 00:00:00,2.7,247,-9.97472,-68.81,2.4853631043215887,1.0549740469210394
2012-09-04 01:00:00,3.9,248,-9.97472,-68.81,3.6160170328104706,1.460965714322058
2012-09-04 02:00:00,4.7,279,-9.97472,-68.81,4.6421352007971475,-0.7352419856890842
2012-09-04 03:00:00,5.8,300,-9.97472,-68.81,5.0229473419497435,-2.9000000000000004
2012-09-04 04:00:00,6.4,297,-9.97472,-68.81,5.702441754805555,-2.9055391983330985
2012-09-04 05:00:00,7.0,291,-9.97472,-68.81,6.535062985480412,-2.5085756468171025
2012-09-04 06:00:00,7.7,281,-9.97472,-68.81,7.558529312547012,-1.4692292643993974
2012-09-04 07:00:00,9.1,277,-9.97472,-68.81,9.032169979936029,-1.109011024986844
2012-09-04 08:00:00,9.0,275,-9.97472,-68.81,8.96575228282571,-0.784401684728921
2012-09-04 09:00:00,8.7,265,-9.97472,-68.81,8.666893873398186,0.7582549619046267
2012-09-04 10:00:00,7.1,255,-9.97472,-68.81,6.858073366652385,1.8376152202278964
2012-09-04 11:00:00,4.6,252,-9.97472,-68.81,4.3748599749577055,1.4214781741247586
2012-09-04 12:00:00,3.7,241,-9.97472,-68.81,3.2360929164157652,1.7937955949114464
2012-09-04 13:00:00,1.9,202,-9.97472,-68.81,0.7117525274902328,1.761649323676896
2012-09-04 14:00:00,1.8,101,-9.97472,-68.81,-1.7669289302057951,0.34345619167778063
2012-09-04 15:00:00,1.6,63,-9.97472,-68.81,-1.4256104387013886,-0.726384799583275
2012-09-04 16:00:00,2.3,39,-9.97472,-68.81,-1.4474368994146258,-1.7874357113510329
2012-09-04 17:00:00,4.3,360,-9.97472,-68.81,1.0531962472667237e-15,-4.3
2012-09-04 18:00:00,2.9,83,-9.97472,-68.81,-2.8783838397598336,-0.3534210958749277
2012-09-04 19:00:00,4.2,110,-9.97472,-68.81,-3.9467090073008158,1.4364846019678086
2012-09-04 20:00:00,3.7,11,-9.97472,-68.81,-0.7059932828932158,-3.632020578756357
2012-09-04 21:00:00,6.6,9,-9.97472,-68.81,-1.0324674692655236,-6.518743047927909
2012-09-04 22:00:00,4.1,15,-9.97472,-68.81,-1.061158084920335,-3.96029588778518
2012-09-04 23:00:00,4.7,23,-9.97472,-68.81,-1.8364363038995868,-4.32637281122647
2012-09-05 00:00:00,5.2,16,-9.97472,-68.81,-1.4333142502483958,-4.998560818879258
2012-09-05 01:00:00,5.5,11,-9.97472,-68.81,-1.0494494745709964,-5.3989495089621515
2012-09-05 02:00:00,4.7,9,-9.97472,-68.81,-0.7352419856890852,-4.6421352007971475
2012-09-05 03:00:00,4.7,356,-9.97472,-68.81,0.3278554265973905,-4.688551036221174
2012-09-05 04:00:00,4.3,336,-9.97472,-68.81,1.7489675652259407,-3.928245467863184
2012-09-05 05:00:00,6.7,324,-9.97472,-68.81,3.9381611903595717,-5.420413862312147
2012-09-05 06:00:00,8.2,319,-9.97472,-68.81,5.37968403772216,-6.188618557826729
2012-09-05 07:00:00,5.2,344,-9.97472,-68.81,1.4333142502483947,-4.998560818879258
2012-09-05 08:00:00,3.7,331,-9.97472,-68.81,1.7937955949114466,-3.236092916415765
2012-09-05 09:00:00,3.7,299,-9.97472,-68.81,3.236092916415764,-1.7937955949114481
2012-09-05 10:00:00,4.3,294,-9.97472,-68.81,3.9282454678631846,-1.7489675652259389
2012-09-05 11:00:00,4.7,293,-9.97472,-68.81,4.32637281122647,-1.8364363038995855
2012-09-05 12:00:00,2.7,293,-9.97472,-68.81,2.4853631043215896,-1.0549740469210385
2012-09-05 13:00:00,1.5,315,-9.97472,-68.81,1.0606601717798214,-1.060660171779821
2012-09-05 14:00:00,0.8,297,-9.97472,-68.81,0.7128052193506944,-0.3631923997916373
2012-09-05 15:00:00,1.1,270,-9.97472,-68.81,1.1,2.0206672185931328e-16
2012-09-05 16:00:00,2.5,315,-9.97472,-68.81,1.7677669529663693,-1.7677669529663684
2012-09-05 17:00:00,2.5,352,-9.97472,-68.81,0.3479327524001647,-2.475670171853926
2012-09-05 18:00:00,5.1,8,-9.97472,-68.81,-0.7097828148963337,-5.050367150582009
2012-09-05 19:00:00,5.0,30,-9.97472,-68.81,-2.4999999999999996,-4.330127018922194
2012-09-05 20:00:00,7.1,15,-9.97472,-68.81,-1.8376152202278973,-6.858073366652385
2012-09-05 21:00:00,6.8,360,-9.97472,-68.81,1.6655196468404002e-15,-6.8
2012-09-05 22:00:00,6.5,354,-9.97472,-68.81,0.6794350112397471,-6.4643923198937765
2012-09-05 23:00:00,5.5,349,-9.97472,-68.81,1.0494494745709957,-5.3989495089621515
2012-09-06 00:00:00,4.9,343,-9.97472,-68.81,1.4326213531414123,-4.685893304218873
2012-09-06 01:00:00,5.2,326,-9.97472,-68.81,2.907803098047882,-4.3109953772862175
2012-09-06 02:00:00,6.2,306,-9.97472,-68.81,5.015905365124675,-3.6442685642133323
2012-09-06 03:00:00,6.3,294,-9.97472,-68.81,5.755336383148387,-2.5624408513775383
2012-09-06 04:00:00,6.8,295,-9.97472,-68.81,6.162892951849219,-2.8738041798367573
2012-09-06 05:00:00,7.1,300,-9.97472,-68.81,6.148780366869514,-3.5500000000000007
2012-09-06 06:00:00,7.7,307,-9.97472,-68.81,6.149493427364157,-4.633975678270769
2012-09-06 07:00:00,7.7,323,-9.97472,-68.81,4.6339756782707715,-6.149493427364155
2012-09-06 08:00:00,8.0,324,-9.97472,-68.81,4.702282018339787,-6.472135954999579
2012-09-06 09:00:00,7.4,321,-9.97472,-68.81,4.656970893768801,-5.750880114781583
2012-09-06 10:00:00,7.6,315,-9.97472,-68.81,5.374011537017762,-5.3740115370177595
2012-09-06 11:00:00,8.2,311,-9.97472,-68.81,6.188618557826731,-5.379684037722157
2012-09-06 12:00:00,7.9,313,-9.97472,-68.81,5.777694242791446,-5.387787044493739
2012-09-06 13:00:00,7.9,317,-9.97472,-68.81,5.387787044493736,-5.777694242791449
2012-09-06 14:00:00,8.5,324,-9.97472,-68.81,4.9961746444860236,-6.876644452187052
2012-09-06 15:00:00,8.6,327,-9.97472,-68.81,4.683895701129232,-7.212566884330647
2012-09-06 16:00:00,6.4,322,-9.97472,-68.81,3.9402334420842124,-5.043268823083022
2012-09-06 17:00:00,4.7,337,-9.97472,-68.81,1.8364363038995872,-4.326372811226469
2012-09-06 18:00:00,7.0,348,-9.97472,-68.81,1.4553818357243191,-6.847033205136639
2012-09-06 19:00:00,7.9,336,-9.97472,-68.81,3.213219480298821,-7.217009115376548
2012-09-06 20:00:00,8.0,342,-9.97472,-68.81,2.472135954999581,-7.608452130361228
2012-09-06 21:00:00,7.2,354,-9.97472,-68.81,0.7526049355271046,-7.160557646651568
2012-09-06 22:00:00,7.9,360,-9.97472,-68.81,1.934941942652818e-15,-7.9
2012-09-06 23:00:00,8.3,358,-9.97472,-68.81,0.28966582263075685,-8.294943864258496
2012-09-07 00:00:00,9.4,356,-9.97472,-68.81,0.655710853194781,-9.377102072442348
2012-09-07 01:00:00,9.7,356,-9.97472,-68.81,0.6766377953180186,-9.676371287520293
2012-09-07 02:00:00,9.3,344,-9.97472,-68.81,2.5634274090980904,-8.939733772226367
2012-09-07 03:00:00,8.9,328,-9.97472,-68.81,4.716281451675525,-7.547628055792192
2012-09-07 04:00:00,9.2,318,-9.97472,-68.81,6.1560015785014945,-6.836932394392027
2012-09-07 05:00:00,9.2,312,-9.97472,-68.81,6.836932394392029,-6.156001578501491
2012-09-07 06:00:00,9.2,309,-9.97472,-68.81,7.1497428454041305,-5.789747597658504
2012-09-07 07:00:00,8.9,313,-9.97472,-68.81,6.509047944410616,-6.069785404556238
2012-09-07 08:00:00,8.4,317,-9.97472,-68.81,5.728786224524986,-6.143371093601034
2012-09-07 09:00:00,8.2,319,-9.97472,-68.81,5.37968403772216,-6.188618557826729
2012-09-07 10:00:00,10.2,315,-9.97472,-68.81,7.212489168102786,-7.212489168102782
2012-09-07 11:00:00,11.7,315,-9.97472,-68.81,8.273149339882607,-8.273149339882604
2012-09-07 12:00:00,11.2,320,-9.97472,-68.81,7.199221228489243,-8.57969776293255
2012-09-07 13:00:00,11.1,324,-9.97472,-68.81,6.524416300446454,-8.980088637561915
2012-09-07 14:00:00,10.8,330,-9.97472,-68.81,5.400000000000005,-9.353074360871934
2012-09-07 15:00:00,10.4,340,-9.97472,-68.81,3.5570094905869536,-9.772803256173448
2012-09-07 16:00:00,10.4,340,-9.97472,-68.81,3.5570094905869536,-9.772803256173448
2012-09-07 17:00:00,10.8,356,-9.97472,-68.81,0.7533699164365569,-10.773691742806102
2012-09-07 18:00:00,8.4,350,-9.97472,-68.81,1.4586446924022154,-8.272385125302547
2012-09-07 19:00:00,6.4,322,-9.97472,-68.81,3.9402334420842124,-5.043268823083022
2012-09-07 20:00:00,5.6,345,-9.97472,-68.81,1.4493866525741157,-5.4091846272187825
2012-09-07 21:00:00,6.9,6,-9.97472,-68.81,-0.721246396546809,-6.862201078041086
2012-09-07 22:00:00,8.0,8,-9.97472,-68.81,-1.1133848076805235,-7.922144549932563
2012-09-07 23:00:00,8.4,10,-9.97472,-68.81,-1.458644692402215,-8.272385125302547
2012-09-08 00:00:00,8.0,10,-9.97472,-68.81,-1.3891854213354426,-7.878462024097664
2012-09-08 01:00:00,8.0,18,-9.97472,-68.81,-2.472135954999579,-7.608452130361228
2012-09-08 02:00:00,7.6,19,-9.97472,-68.81,-2.474317973874391,-7.185941174554808
2012-09-08 03:00:00,7.0,12,-9.97472,-68.81,-1.4553818357243153,-6.84703320513664
2012-09-08 04:00:00,6.5,3,-9.97472,-68.81,-0.3401837155791349,-6.49109197590473
2012-09-08 05:00:00,6.5,357,-9.97472,-68.81,0.3401837155791384,-6.49109197590473
2012-09-08 06:00:00,6.6,351,-9.97472,-68.81,1.0324674692655254,-6.5187430479279085
2012-09-08 07:00:00,5.4,8,-9.97472,-68.81,-0.7515347451843534,-5.34744757120448
2012-09-08 08:00:00,5.9,349,-9.97472,-68.81,1.1257730727216135,-5.791600382341218
2012-09-08 09:00:00,5.2,348,-9.97472,-68.81,1.0811407922523513,-5.086367523815789
2012-09-08 10:00:00,7.4,337,-9.97472,-68.81,2.891410350820627,-6.811735915548058
2012-09-08 11:00:00,9.3,332,-9.97472,-68.81,4.366085533908785,-8.21141261358802
2012-09-08 12:00:00,9.5,335,-9.97472,-68.81,4.014873486536643,-8.609923976848176
2012-09-08 13:00:00,8.6,338,-9.97472,-68.81,3.221616703376846,-7.97378114927437
2012-09-08 14:00:00,8.6,345,-9.97472,-68.81,2.225843787881678,-8.306962106085987
2012-09-08 15:00:00,8.6,345,-9.97472,-68.81,2.225843787881678,-8.306962106085987
2012-09-08 16:00:00,6.8,342,-9.97472,-68.81,2.1013155617496437,-6.467184310807044
2012-09-08 17:00:00,4.3,355,-9.97472,-68.81,0.37476969381493075,-4.283637201794505
2012-09-08 18:00:00,4.6,18,-9.97472,-68.81,-1.421478174124758,-4.3748599749577055
2012-09-08 19:00:00,5.1,356,-9.97472,-68.81,0.3557580160950407,-5.087576656325103
2012-09-08 20:00:00,4.4,351,-9.97472,-68.81,0.688311646177017,-4.345828698618606
2012-09-08 21:00:00,4.7,356,-9.97472,-68.81,0.3278554265973905,-4.688551036221174
2012-09-08 22:00:00,4.7,351,-9.97472,-68.81,0.7352419856890863,-4.6421352007971475
2012-09-08 23:00:00,4.7,337,-9.97472,-68.81,1.8364363038995872,-4.326372811226469
2012-09-09 00:00:00,4.5,331,-9.97472,-68.81,2.181643291108516,-3.9357886821272814
2012-09-09 01:00:00,5.7,342,-9.97472,-68.81,1.7613968679372014,-5.421022142882375
2012-09-09 02:00:00,6.0,343,-9.97472,-68.81,1.7542302283364228,-5.7378285357782115
2012-09-09 03:00:00,5.7,325,-9.97472,-68.81,3.2693856872009652,-4.669166652447252
2012-09-09 04:00:00,5.3,298,-9.97472,-68.81,4.6796222421523135,-2.488199282765219
2012-09-09 05:00:00,5.1,266,-9.97472,-68.81,5.087576656325103,0.35575801609504043
2012-09-09 06:00:00,4.3,246,-9.97472,-68.81,3.928245467863184,1.7489675652259404
2012-09-09 07:00:00,3.2,270,-9.97472,-68.81,3.2,5.878304635907295e-16
2012-09-09 08:00:00,4.0,275,-9.97472,-68.81,3.984778792366982,-0.34862297099063155
2012-09-09 09:00:00,2.9,270,-9.97472,-68.81,2.9,5.327213576290986e-16
2012-09-09 10:00:00,3.2,297,-9.97472,-68.81,2.8512208774027776,-1.4527695991665492
2012-09-09 11:00:00,3.6,315,-9.97472,-68.81,2.545584412271572,-2.5455844122715705
2012-09-09 12:00:00,3.9,326,-9.97472,-68.81,2.1808523235359116,-3.233246532964663
2012-09-09 13:00:00,3.7,331,-9.97472,-68.81,1.7937955949114466,-3.236092916415765
2012-09-09 14:00:00,3.4,328,-9.97472,-68.81,1.801725498392897,-2.883363526931848
2012-09-09 15:00:00,2.9,330,-9.97472,-68.81,1.4500000000000013,-2.5114736709748713
2012-09-09 16:00:00,1.8,307,-9.97472,-68.81,1.4375439180851275,-1.0832670416736863
2012-09-09 17:00:00,1.9,202,-9.97472,-68.81,0.7117525274902328,1.761649323676896
2012-09-09 18:00:00,5.4,180,-9.97472,-68.81,-6.613092715395707e-16,5.4
2012-09-09 19:00:00,5.3,152,-9.97472,-68.81,-2.4881992827652204,4.679622242152313
2012-09-09 20:00:00,4.7,122,-9.97472,-68.81,-3.9858260519352027,2.4906205418960625
2012-09-09 21:00:00,3.8,73,-9.97472,-68.81,-3.6339580726595346,-1.1110124779463997
2012-09-09 22:00:00,3.7,79,-9.97472,-68.81,-3.632020578756357,-0.7059932828932162
2012-09-09 23:00:00,1.6,207,-9.97472,-68.81,0.7263847995832747,1.4256104387013888
2012-09-10 00:00:00,2.5,225,-9.97472,-68.81,1.7677669529663687,1.7677669529663693
2012-09-10 01:00:00,4.3,228,-9.97472,-68.81,3.195522749552796,2.87726160734309
2012-09-10 02:00:00,5.5,238,-9.97472,-68.81,4.664264528860342,2.9145559532826275
2012-09-10 03:00:00,6.3,239,-9.97472,-68.81,5.400153994423306,3.2447398719333433
2012-09-10 04:00:00,6.5,236,-9.97472,-68.81,5.388744221607772,3.6347538725598527
2012-09-10 05:00:00,6.6,229,-9.97472,-68.81,4.981083229470295,4.329989591337347
2012-09-10 06:00:00,6.4,223,-9.97472,-68.81,4.364789504399989,4.6806636903626915
2012-09-10 07:00:00,6.0,213,-9.97472,-68.81,3.2678342100901627,5.032023407672544
2012-09-10 08:00:00,6.4,223,-9.97472,-68.81,4.364789504399989,4.6806636903626915
2012-09-10 09:00:00,5.4,228,-9.97472,-68.81,4.01298205757793,3.613305274337834
2012-09-10 10:00:00,5.1,231,-9.97472,-68.81,3.96344440343055,3.2095339943541727
2012-09-10 11:00:00,4.4,235,-9.97472,-68.81,3.604268994871563,2.523736319944604
2012-09-10 12:00:00,2.9,263,-9.97472,-68.81,2.878383839759834,0.35342109587492676
2012-09-10 13:00:00,1.8,281,-9.97472,-68.81,1.766928930205795,-0.3434561916777812
2012-09-10 14:00:00,1.1,342,-9.97472,-68.81,0.3399186938124424,-1.0461621679246689
2012-09-10 15:00:00,0.7,360,-9.97472,-68.81,1.7145055188062944e-16,-0.7
2012-09-10 16:00:00,0.8,27,-9.97472,-68.81,-0.3631923997916374,-0.7128052193506944
2012-09-10 17:00:00,0.7,90,-9.97472,-68.81,-0.7,-4.286263797015736e-17
2012-09-10 18:00:00,1.8,37,-9.97472,-68.81,-1.083267041673687,-1.437543918085127
2012-09-10 19:00:00,3.7,299,-9.97472,-68.81,3.236092916415764,-1.7937955949114481
2012-09-10 20:00:00,5.1,309,-9.97472,-68.81,3.9634444034305507,-3.209533994354171
2012-09-10 21:00:00,5.2,326,-9.97472,-68.81,2.907803098047882,-4.3109953772862175
2012-09-10 22:00:00,4.7,337,-9.97472,-68.81,1.8364363038995872,-4.326372811226469
2012-09-10 23:00:00,4.0,355,-9.97472,-68.81,0.3486229709906333,-3.984778792366982
2012-09-11 00:00:00,4.7,9,-9.97472,-68.81,-0.7352419856890852,-4.6421352007971475
2012-09-11 01:00:00,4.9,17,-9.97472,-68.81,-1.4326213531414103,-4.685893304218874
2012-09-11 02:00:00,4.8,13,-9.97472,-68.81,-1.079765060850552,-4.676976310969129
2012-09-11 03:00:00,4.1,15,-9.97472,-68.81,-1.061158084920335,-3.96029588778518
2012-09-11 04:00:00,2.5,360,-9.97472,-68.81,6.123233995736766e-16,-2.5
2012-09-11 05:00:00,1.8,101,-9.97472,-68.81,-1.7669289302057951,0.34345619167778063
2012-09-11 06:00:00,3.4,72,-9.97472,-68.81,-3.233592155403522,-1.0506577808748212
2012-09-11 07:00:00,4.7,360,-9.97472,-68.81,1.1511679911985121e-15,-4.7
2012-09-11 08:00:00,6.7,344,-9.97472,-68.81,1.8467702839738929,-6.440453362786736
2012-09-11 09:00:00,5.4,312,-9.97472,-68.81,4.012982057577931,-3.6133052743378324
2012-09-11 10:00:00,5.3,298,-9.97472,-68.81,4.6796222421523135,-2.488199282765219
2012-09-11 11:00:00,5.0,291,-9.97472,-68.81,4.667902132486009,-1.791839747726502
2012-09-11 12:00:00,3.3,283,-9.97472,-68.81,3.2154212137912763,-0.7423384793347542
2012-09-11 13:00:00,2.4,297,-9.97472,-68.81,2.1384156580520832,-1.089577199374912
2012-09-11 14:00:00,1.6,297,-9.97472,-68.81,1.4256104387013888,-0.7263847995832746
2012-09-11 15:00:00,1.3,304,-9.97472,-68.81,1.0777488443215542,-0.7269507745119711
2012-09-11 16:00:00,1.1,288,-9.97472,-68.81,1.046162167924669,-0.339918693812442
2012-09-11 17:00:00,0.7,270,-9.97472,-68.81,0.7,1.2858791391047207e-16
2012-09-11 18:00:00,0.4,360,-9.97472,-68.81,9.797174393178826e-17,-0.4
2012-09-11 19:00:00,3.7,349,-9.97472,-68.81,0.7059932828932153,-3.632020578756357
2012-09-11 20:00:00,3.9,338,-9.97472,-68.81,1.460965714322058,-3.6160170328104706
2012-09-11 21:00:00,4.3,336,-9.97472,-68.81,1.7489675652259407,-3.928245467863184
2012-09-11 22:00:00,4.2,340,-9.97472,-68.81,1.4364846019678081,-3.9467090073008158
2012-09-11 23:00:00,4.0,350,-9.97472,-68.81,0.6945927106677215,-3.939231012048832
2012-09-12 00:00:00,4.6,342,-9.97472,-68.81,1.4214781741247589,-4.3748599749577055
2012-09-12 01:00:00,5.2,335,-9.97472,-68.81,2.1976149610516362,-4.71280049259058
2012-09-12 02:00:00,6.0,327,-9.97472,-68.81,3.267834210090162,-5.032023407672544
2012-09-12 03:00:00,7.0,325,-9.97472,-68.81,4.015035054457325,-5.734064310022941
2012-09-12 04:00:00,7.0,325,-9.97472,-68.81,4.015035054457325,-5.734064310022941
2012-09-12 05:00:00,7.2,333,-9.97472,-68.81,3.2687315981247385,-6.415246974156248
2012-09-12 06:00:00,8.2,337,-9.97472,-68.81,3.2039952536120455,-7.548139798310009
2012-09-12 07:00:00,7.6,341,-9.97472,-68.81,2.474317973874391,-7.185941174554808
2012-09-12 08:00:00,7.7,332,-9.97472,-68.81,3.6149310334513594,-6.798696465013737
2012-09-12 09:00:00,5.8,330,-9.97472,-68.81,2.9000000000000026,-5.022947341949743
2012-09-12 10:00:00,6.6,331,-9.97472,-68.81,3.199743493625823,-5.772490067120012
2012-09-12 11:00:00,7.3,327,-9.97472,-68.81,3.9758649556096968,-6.122295146001595
2012-09-12 12:00:00,7.0,325,-9.97472,-68.81,4.015035054457325,-5.734064310022941
2012-09-12 13:00:00,5.8,330,-9.97472,-68.81,2.9000000000000026,-5.022947341949743
2012-09-12 14:00:00,5.2,326,-9.97472,-68.81,2.907803098047882,-4.3109953772862175
2012-09-12 15:00:00,4.3,318,-9.97472,-68.81,2.87726160734309,-3.195522749552795
2012-09-12 16:00:00,2.7,293,-9.97472,-68.81,2.4853631043215896,-1.0549740469210385
2012-09-12 17:00:00,2.0,225,-9.97472,-68.81,1.414213562373095,1.4142135623730954
2012-09-12 18:00:00,3.4,58,-9.97472,-68.81,-2.883363526931848,-1.8017254983928965
2012-09-12 19:00:00,2.7,113,-9.97472,-68.81,-2.4853631043215887,1.0549740469210394
2012-09-12 20:00:00,6.3,66,-9.97472,-68.81,-5.755336383148386,-2.5624408513775414
2012-09-12 21:00:00,5.7,35,-9.97472,-68.81,-3.2693856872009626,-4.669166652447253
2012-09-12 22:00:00,5.1,8,-9.97472,-68.81,-0.7097828148963337,-5.050367150582009
2012-09-12 23:00:00,6.3,347,-9.97472,-68.81,1.4171916423663515,-6.1385314081469815
2012-09-13 00:00:00,6.3,329,-9.97472,-68.81,3.2447398719333433,-5.400153994423306
2012-09-13 01:00:00,6.5,326,-9.97472,-68.81,3.6347538725598527,-5.388744221607772
2012-09-13 02:00:00,5.4,318,-9.97472,-68.81,3.613305274337834,-4.012982057577929
2012-09-13 03:00:00,4.7,302,-9.97472,-68.81,3.985826051935203,-2.490620541896062
2012-09-13 04:00:00,5.1,266,-9.97472,-68.81,5.087576656325103,0.35575801609504043
2012-09-13 05:00:00,5.9,232,-9.97472,-68.81,4.649263446279661,3.632402704421383
2012-09-13 06:00:00,6.1,220,-9.97472,-68.81,3.921004419087889,4.6728711030257655
2012-09-13 07:00:00,4.8,167,-9.97472,-68.81,-1.079765060850553,4.6769763109691285
2012-09-13 08:00:00,3.6,180,-9.97472,-68.81,-4.4087284769304716e-16,3.6
2012-09-13 09:00:00,1.8,169,-9.97472,-68.81,-0.34345619167778096,1.7669289302057951
2012-09-13 10:00:00,0.7,180,-9.97472,-68.81,-8.572527594031472e-17,0.7
2012-09-13 11:00:00,0.4,270,-9.97472,-68.81,0.4,7.347880794884119e-17
2012-09-13 12:00:00,2.6,344,-9.97472,-68.81,0.7166571251241973,-2.499280409439629
2012-09-13 13:00:00,1.5,346,-9.97472,-68.81,0.36288284339950183,-1.4554435894139948
2012-09-13 14:00:00,1.3,124,-9.97472,-68.81,-1.0777488443215544,0.7269507745119708
2012-09-13 15:00:00,5.0,111,-9.97472,-68.81,-4.667902132486009,1.7918397477265013
2012-09-13 16:00:00,4.3,114,-9.97472,-68.81,-3.9282454678631837,1.748967565225941
2012-09-13 17:00:00,0.8,207,-9.97472,-68.81,0.36319239979163737,0.7128052193506944
2012-09-13 18:00:00,4.8,207,-9.97472,-68.81,2.179154398749824,4.276831316104166
2012-09-13 19:00:00,7.9,137,-9.97472,-68.81,-5.387787044493739,5.777694242791447
2012-09-13 20:00:00,11.0,161,-9.97472,-68.81,-3.5812496990287226,10.400704331592486
2012-09-13 21:00:00,10.8,180,-9.97472,-68.81,-1.3226185430791415e-15,10.8
2012-09-13 22:00:00,8.0,207,-9.97472,-68.81,3.6319239979163735,7.128052193506943
2012-09-13 23:00:00,7.7,217,-9.97472,-68.81,4.633975678270772,6.149493427364155
2012-09-14 00:00:00,6.9,208,-9.97472,-68.81,3.239353783222647,6.092338390726596
2012-09-14 01:00:00,6.6,189,-9.97472,-68.81,1.0324674692655227,6.518743047927909
2012-09-14 02:00:00,6.5,186,-9.97472,-68.81,0.6794350112397477,6.4643923198937765
2012-09-14 03:00:00,5.9,194,-9.97472,-68.81,1.4273391840380383,5.7247447850283795
2012-09-14 04:00:00,5.8,210,-9.97472,-68.81,2.9000000000000004,5.0229473419497435
2012-09-14 05:00:00,5.6,220,-9.97472,-68.81,3.5996106142446194,4.289848881466277
2012-09-14 06:00:00,5.4,222,-9.97472,-68.81,3.6133052743378347,4.012982057577929
2012-09-14 07:00:00,3.1,306,-9.97472,-68.81,2.5079526825623377,-1.8221342821066662
2012-09-14 08:00:00,4.8,333,-9.97472,-68.81,2.179154398749825,-4.276831316104166
2012-09-14 09:00:00,5.2,335,-9.97472,-68.81,2.1976149610516362,-4.71280049259058
2012-09-14 10:00:00,4.6,321,-9.97472,-68.81,2.894873798829254,-3.5748714227020644
2012-09-14 11:00:00,3.6,323,-9.97472,-68.81,2.166534083347374,-2.875087836170254
2012-09-14 12:00:00,4.2,340,-9.97472,-68.81,1.4364846019678081,-3.9467090073008158
2012-09-14 13:00:00,4.6,342,-9.97472,-68.81,1.4214781741247589,-4.3748599749577055
2012-09-14 14:00:00,5.4,340,-9.97472,-68.81,1.8469087739586105,-5.074340152243906
2012-09-14 15:00:00,5.4,323,-9.97472,-68.81,3.2498011250210608,-4.312631754255381
2012-09-14 16:00:00,3.9,304,-9.97472,-68.81,3.2332465329646625,-2.1808523235359134
2012-09-14 17:00:00,2.9,300,-9.97472,-68.81,2.5114736709748717,-1.4500000000000002
2012-09-14 18:00:00,4.7,261,-9.97472,-68.81,4.6421352007971475,0.7352419856890859
2012-09-14 19:00:00,5.4,270,-9.97472,-68.81,5.4,9.919639073093561e-16
2012-09-14 20:00:00,6.9,279,-9.97472,-68.81,6.815049550106451,-1.0793978087775917
2012-09-14 21:00:00,6.1,267,-9.97472,-68.81,6.0916401620029,0.31924933308196024
2012-09-14 22:00:00,6.5,264,-9.97472,-68.81,6.464392319893777,0.6794350112397468
2012-09-14 23:00:00,7.6,267,-9.97472,-68.81,7.589584464134761,0.39775326744637673
2012-09-15 00:00:00,7.2,264,-9.97472,-68.81,7.160557646651569,0.7526049355271042
2012-09-15 01:00:00,7.6,273,-9.97472,-68.81,7.589584464134761,-0.39775326744637396
2012-09-15 02:00:00,8.0,275,-9.97472,-68.81,7.969557584733964,-0.6972459419812631
2012-09-15 03:00:00,8.1,283,-9.97472,-68.81,7.892397524760405,-1.8221035401853058
2012-09-15 04:00:00,8.2,285,-9.97472,-68.81,7.920591775570361,-2.122316169840666
2012-09-15 05:00:00,7.9,286,-9.97472,-68.81,7.593967397912719,-2.1775351109542953
2012-09-15 06:00:00,7.6,289,-9.97472,-68.81,7.1859411745548085,-2.474317973874388
2012-09-15 07:00:00,7.2,288,-9.97472,-68.81,6.847606917325106,-2.22492235949962
2012-09-15 08:00:00,7.9,294,-9.97472,-68.81,7.217009115376549,-3.213219480298818
2012-09-15 09:00:00,9.6,290,-9.97472,-68.81,9.02104915954472,-3.283393375926422
2012-09-15 10:00:00,7.0,291,-9.97472,-68.81,6.535062985480412,-2.5085756468171025
2012-09-15 11:00:00,6.8,288,-9.97472,-68.81,6.467184310807045,-2.101315561749641
2012-09-15 12:00:00,6.4,286,-9.97472,-68.81,6.152074854005241,-1.7640790772287962
2012-09-15 13:00:00,6.0,295,-9.97472,-68.81,5.437846722219899,-2.5357095704441974
2012-09-15 14:00:00,6.1,310,-9.97472,-68.81,4.672871103025766,-3.921004419087889
2012-09-15 15:00:00,6.6,319,-9.97472,-68.81,4.329989591337348,-4.981083229470294
2012-09-15 16:00:00,6.5,326,-9.97472,-68.81,3.6347538725598527,-5.388744221607772
2012-09-15 17:00:00,6.3,329,-9.97472,-68.81,3.2447398719333433,-5.400153994423306
2012-09-15 18:00:00,6.0,335,-9.97472,-68.81,2.535709570444195,-5.4378467222199
2012-09-15 19:00:00,5.6,15,-9.97472,-68.81,-1.4493866525741161,-5.4091846272187825
2012-09-15 20:00:00,8.0,5,-9.97472,-68.81,-0.6972459419812653,-7.969557584733964
2012-09-15 21:00:00,8.3,358,-9.97472,-68.81,0.28966582263075685,-8.294943864258496
2012-09-15 22:00:00,8.4,353,-9.97472,-68.81,1.0237024846032368,-8.337387673787106
2012-09-15 23:00:00,8.4,335,-9.97472,-68.81,3.5499933986218735,-7.612985411107861
2012-09-16 00:00:00,8.7,322,-9.97472,-68.81,5.3562548353332256,-6.855693556378481
2012-09-16 01:00:00,9.2,318,-9.97472,-68.81,6.1560015785014945,-6.836932394392027
2012-09-16 02:00:00,8.9,320,-9.97472,-68.81,5.720809726210202,-6.817795543758902
2012-09-16 03:00:00,8.7,318,-9.97472,-68.81,5.821436275322065,-6.46535998165333
2012-09-16 04:00:00,9.2,312,-9.97472,-68.81,6.836932394392029,-6.156001578501491
2012-09-16 05:00:00,9.6,304,-9.97472,-68.81,7.958760696528399,-5.3682518733191715
2012-09-16 06:00:00,9.7,301,-9.97472,-68.81,8.31452281681049,-4.995869326627525
2012-09-16 07:00:00,9.9,303,-9.97472,-68.81,8.302838622659701,-5.391926446648764
2012-09-16 08:00:00,9.7,309,-9.97472,-68.81,7.538315826132616,-6.104407793183423
2012-09-16 09:00:00,8.9,313,-9.97472,-68.81,6.509047944410616,-6.069785404556238
2012-09-16 10:00:00,10.0,311,-9.97472,-68.81,7.547095802227722,-6.56059028990507
2012-09-16 11:00:00,9.4,310,-9.97472,-68.81,7.200817765318394,-6.042203531053469
2012-09-16 12:00:00,8.8,305,-9.97472,-68.81,7.208537989743128,-5.047472639889206
2012-09-16 13:00:00,7.0,305,-9.97472,-68.81,5.7340643100229425,-4.015035054457322
2012-09-16 14:00:00,5.9,313,-9.97472,-68.81,4.3149868395531055,-4.023790324368742
2012-09-16 15:00:00,4.8,318,-9.97472,-68.81,3.211826910522519,-3.5670951622914924
2012-09-16 16:00:00,4.8,333,-9.97472,-68.81,2.179154398749825,-4.276831316104166
2012-09-16 17:00:00,4.0,333,-9.97472,-68.81,1.8159619989581879,-3.564026096753471
2012-09-16 18:00:00,2.3,51,-9.97472,-68.81,-1.7874357113510329,-1.447436899414626
2012-09-16 19:00:00,6.6,347,-9.97472,-68.81,1.4846769586695112,-6.430842427582552
2012-09-16 20:00:00,7.6,335,-9.97472,-68.81,3.211898789229314,-6.88793918147854
2012-09-16 21:00:00,5.5,337,-9.97472,-68.81,2.1490212066910064,-5.062776693988422
2012-09-16 22:00:00,6.3,329,-9.97472,-68.81,3.2447398719333433,-5.400153994423306
2012-09-16 23:00:00,7.3,349,-9.97472,-68.81,1.392905666248776,-7.165878439167947
2012-09-17 00:00:00,7.6,357,-9.97472,-68.81,0.3977532674463772,-7.589584464134761
2012-09-17 01:00:00,7.6,360,-9.97472,-68.81,1.8614631347039767e-15,-7.6
2012-09-17 02:00:00,7.9,357,-9.97472,-68.81,0.4134540543192605,-7.889173324561134
2012-09-17 03:00:00,8.4,350,-9.97472,-68.81,1.4586446924022154,-8.272385125302547
2012-09-17 04:00:00,9.0,344,-9.97472,-68.81,2.4807362023529906,-8.65135526344487
2012-09-17 05:00:00,9.0,337,-9.97472,-68.81,3.516580156403465,-8.284543681071963
2012-09-17 06:00:00,8.7,330,-9.97472,-68.81,4.350000000000003,-7.534421012924613
2012-09-17 07:00:00,9.4,337,-9.97472,-68.81,3.6728726077991745,-8.652745622452938
2012-09-17 08:00:00,9.8,336,-9.97472,-68.81,3.986019102142842,-8.95274548489749
2012-09-17 09:00:00,9.2,329,-9.97472,-68.81,4.738350289172501,-7.885939166459431
2012-09-17 10:00:00,9.5,323,-9.97472,-68.81,5.717242719944458,-7.587037345449282
2012-09-17 11:00:00,8.7,318,-9.97472,-68.81,5.821436275322065,-6.46535998165333
2012-09-17 12:00:00,8.2,319,-9.97472,-68.81,5.37968403772216,-6.188618557826729
2012-09-17 13:00:00,7.9,317,-9.97472,-68.81,5.387787044493736,-5.777694242791449
2012-09-17 14:00:00,6.6,315,-9.97472,-68.81,4.666904755831214,-4.6669047558312124
2012-09-17 15:00:00,6.1,315,-9.97472,-68.81,4.31335136523794,-4.3133513652379385
2012-09-17 16:00:00,5.4,318,-9.97472,-68.81,3.613305274337834,-4.012982057577929
2012-09-17 17:00:00,4.6,315,-9.97472,-68.81,3.2526911934581193,-3.2526911934581175
2012-09-17 18:00:00,5.3,332,-9.97472,-68.81,2.4881992827652213,-4.679622242152313
2012-09-17 19:00:00,0.8,63,-9.97472,-68.81,-0.7128052193506943,-0.3631923997916375
2012-09-17 20:00:00,4.7,23,-9.97472,-68.81,-1.8364363038995868,-4.32637281122647
2012-09-17 21:00:00,9.0,5,-9.97472,-68.81,-0.7844016847289235,-8.96575228282571
2012-09-17 22:00:00,9.7,2,-9.97472,-68.81,-0.3385251180142594,-9.694091022085228
2012-09-17 23:00:00,9.4,2,-9.97472,-68.81,-0.3280552690035091,-9.394273773979501
2012-09-18 00:00:00,9.4,353,-9.97472,-68.81,1.145571828008384,-9.329933825428428
2012-09-18 01:00:00,9.8,352,-9.97472,-68.81,1.3638963894086458,-9.704627073667389
2012-09-18 02:00:00,9.9,350,-9.97472,-68.81,1.719116958902611,-9.74959675482086
2012-09-18 03:00:00,9.7,345,-9.97472,-68.81,2.5105447374944503,-9.369480515003962
2012-09-18 04:00:00,9.7,338,-9.97472,-68.81,3.6336839561343495,-8.993683389297836
2012-09-18 05:00:00,10.1,333,-9.97472,-68.81,4.585304047369425,-8.999165894302514
2012-09-18 06:00:00,9.8,332,-9.97472,-68.81,4.60082131530173,-8.652886410017484
2012-09-18 07:00:00,10.5,338,-9.97472,-68.81,3.9333692308670796,-9.735430472951267
2012-09-18 08:00:00,10.5,333,-9.97472,-68.81,4.7669002472652435,-9.355568503977862
2012-09-18 09:00:00,10.0,330,-9.97472,-68.81,5.000000000000004,-8.660254037844384
2012-09-18 10:00:00,11.1,331,-9.97472,-68.81,5.38138678473434,-9.708278749247294
2012-09-18 11:00:00,11.8,329,-9.97472,-68.81,6.077449283938643,-10.114574148284923
2012-09-18 12:00:00,11.8,322,-9.97472,-68.81,7.264805408842767,-9.29852689255932
2012-09-18 13:00:00,10.4,314,-9.97472,-68.81,7.4811339235219725,-7.224447052773572
2012-09-18 14:00:00,9.4,313,-9.97472,-68.81,6.874724795220201,-6.410784584587487
2012-09-18 15:00:00,9.2,312,-9.97472,-68.81,6.836932394392029,-6.156001578501491
2012-09-18 16:00:00,9.7,318,-9.97472,-68.81,6.490566881680923,-7.208504807130724
2012-09-18 17:00:00,10.5,329,-9.97472,-68.81,5.407899786555572,-9.000256657372177
2012-09-18 18:00:00,1.9,292,-9.97472,-68.81,1.761649323676896,-0.7117525274902327
2012-09-18 19:00:00,5.9,346,-9.97472,-68.81,1.4273391840380405,-5.7247447850283795
2012-09-18 20:00:00,8.4,340,-9.97472,-68.81,2.8729692039356163,-7.8934180146016315
2012-09-18 21:00:00,9.0,337,-9.97472,-68.81,3.516580156403465,-8.284543681071963
2012-09-18 22:00:00,10.1,343,-9.97472,-68.81,2.952954217699645,-9.658678035226657
2012-09-18 23:00:00,10.7,340,-9.97472,-68.81,3.659615533584654,-10.05471104240922
2012-09-19 00:00:00,9.9,341,-9.97472,-68.81,3.2231247291258516,-9.360633898433237
2012-09-19 01:00:00,9.5,335,-9.97472,-68.81,4.014873486536643,-8.609923976848176
2012-09-19 02:00:00,9.5,335,-9.97472,-68.81,4.014873486536643,-8.609923976848176
2012-09-19 03:00:00,9.5,335,-9.97472,-68.81,4.014873486536643,-8.609923976848176
2012-09-19 04:00:00,9.3,332,-9.97472,-68.81,4.366085533908785,-8.21141261358802
2012-09-19 05:00:00,8.7,330,-9.97472,-68.81,4.350000000000003,-7.534421012924613
2012-09-19 06:00:00,8.6,327,-9.97472,-68.81,4.683895701129232,-7.212566884330647
2012-09-19 07:00:00,8.1,328,-9.97472,-68.81,4.292346040288961,-6.86918957886705
2012-09-19 08:00:00,8.3,326,-9.97472,-68.81,4.6413010988071965,-6.881011852206848
2012-09-19 09:00:00,7.8,326,-9.97472,-68.81,4.361704647071823,-6.466493065929326
2012-09-19 10:00:00,9.6,326,-9.97472,-68.81,5.368251873319167,-7.958760696528401
2012-09-19 11:00:00,11.4,325,-9.97472,-68.81,6.5387713744019305,-9.338333304894505
2012-09-19 12:00:00,12.8,328,-9.97472,-68.81,6.782966582185025,-10.855015630802253
2012-09-19 13:00:00,12.9,330,-9.97472,-68.81,6.4500000000000055,-11.171727708819255
2012-09-19 14:00:00,12.9,333,-9.97472,-68.81,5.856477446640156,-11.493984162029944
2012-09-19 15:00:00,12.2,336,-9.97472,-68.81,4.962187045524762,-11.145254583239732
2012-09-19 16:00:00,11.7,342,-9.97472,-68.81,3.615498834186887,-11.127361240653295
2012-09-19 17:00:00,5.6,333,-9.97472,-68.81,2.542346798541463,-4.989636535454859
2012-09-19 18:00:00,3.4,342,-9.97472,-68.81,1.0506577808748219,-3.233592155403522
2012-09-19 19:00:00,9.3,347,-9.97472,-68.81,2.092044805397948,-9.061641602502688
2012-09-19 20:00:00,10.1,343,-9.97472,-68.81,2.952954217699645,-9.658678035226657
2012-09-19 21:00:00,10.5,344,-9.97472,-68.81,2.894192236078489,-10.093247807352348
2012-09-19 22:00:00,10.1,354,-9.97472,-68.81,1.0557374790032994,-10.04467114321956
2012-09-19 23:00:00,9.0,358,-9.97472,-68.81,0.3140954703225074,-8.994517443171862
2012-09-20 00:00:00,8.3,360,-9.97472,-68.81,2.0329136865846065e-15,-8.3
2012-09-20 01:00:00,8.7,353,-9.97472,-68.81,1.0602632876247808,-8.635151519279502
2012-09-20 02:00:00,8.9,346,-9.97472,-68.81,2.153104870837044,-8.635631963856369
2012-09-20 03:00:00,8.4,340,-9.97472,-68.81,2.8729692039356163,-7.8934180146016315
2012-09-20 04:00:00,8.4,335,-9.97472,-68.81,3.5499933986218735,-7.612985411107861
2012-09-20 05:00:00,8.4,335,-9.97472,-68.81,3.5499933986218735,-7.612985411107861
2012-09-20 06:00:00,8.7,336,-9.97472,-68.81,3.538608794759461,-7.947845481490628
2012-09-20 07:00:00,9.5,335,-9.97472,-68.81,4.014873486536643,-8.609923976848176
2012-09-20 08:00:00,8.9,339,-9.97472,-68.81,3.189474750953177,-8.308865795825094
2012-09-20 09:00:00,7.8,338,-9.97472,-68.81,2.921931428644116,-7.232034065620941
2012-09-20 10:00:00,10.0,334,-9.97472,-68.81,4.383711467890778,-8.987940462991668
2012-09-20 11:00:00,10.6,332,-9.97472,-68.81,4.976398565530443,-9.359244484304625
2012-09-20 12:00:00,11.3,329,-9.97472,-68.81,5.819930246483616,-9.685990497933867
2012-09-20 13:00:00,11.1,324,-9.97472,-68.81,6.524416300446454,-8.980088637561915
2012-09-20 14:00:00,10.9,326,-9.97472,-68.81,6.095202647831138,-9.036509540849956
2012-09-20 15:00:00,9.8,332,-9.97472,-68.81,4.60082131530173,-8.652886410017484
2012-09-20 16:00:00,10.0,334,-9.97472,-68.81,4.383711467890778,-8.987940462991668
2012-09-20 17:00:00,9.3,344,-9.97472,-68.81,2.5634274090980904,-8.939733772226367
2012-09-20 18:00:00,3.3,6,-9.97472,-68.81,-0.3449439287832564,-3.2819222547153015
2012-09-20 19:00:00,7.7,332,-9.97472,-68.81,3.6149310334513594,-6.798696465013737
2012-09-20 20:00:00,6.1,360,-9.97472,-68.81,1.4940690949597709e-15,-6.1
2012-09-20 21:00:00,6.6,351,-9.97472,-68.81,1.0324674692655254,-6.5187430479279085
2012-09-20 22:00:00,7.1,345,-9.97472,-68.81,1.8376152202278968,-6.858073366652385
2012-09-20 23:00:00,6.7,344,-9.97472,-68.81,1.8467702839738929,-6.440453362786736
2012-09-21 00:00:00,6.0,343,-9.97472,-68.81,1.7542302283364228,-5.7378285357782115
2012-09-21 01:00:00,4.8,333,-9.97472,-68.81,2.179154398749825,-4.276831316104166
2012-09-21 02:00:00,6.6,319,-9.97472,-68.81,4.329989591337348,-4.981083229470294
2012-09-21 03:00:00,7.9,317,-9.97472,-68.81,5.387787044493736,-5.777694242791449
2012-09-21 04:00:00,8.0,324,-9.97472,-68.81,4.702282018339787,-6.472135954999579
2012-09-21 05:00:00,7.0,325,-9.97472,-68.81,4.015035054457325,-5.734064310022941
2012-09-21 06:00:00,6.4,322,-9.97472,-68.81,3.9402334420842124,-5.043268823083022
2012-09-21 07:00:00,7.9,336,-9.97472,-68.81,3.213219480298821,-7.217009115376548
2012-09-21 08:00:00,8.5,332,-9.97472,-68.81,3.990508283680072,-7.505054539300878
2012-09-21 09:00:00,7.4,331,-9.97472,-68.81,3.587591189822893,-6.47218583283153
2012-09-21 10:00:00,8.7,322,-9.97472,-68.81,5.3562548353332256,-6.855693556378481
2012-09-21 11:00:00,10.5,322,-9.97472,-68.81,6.464445490919411,-8.274112912870581
2012-09-21 12:00:00,11.8,329,-9.97472,-68.81,6.077449283938643,-10.114574148284923
2012-09-21 13:00:00,11.8,329,-9.97472,-68.81,6.077449283938643,-10.114574148284923
2012-09-21 14:00:00,10.6,325,-9.97472,-68.81,6.079910225321092,-8.68301166946331
2012-09-21 15:00:00,8.7,322,-9.97472,-68.81,5.3562548353332256,-6.855693556378481
2012-09-21 16:00:00,7.9,321,-9.97472,-68.81,4.971631089293719,-6.139453095510068
2012-09-21 17:00:00,8.3,326,-9.97472,-68.81,4.6413010988071965,-6.881011852206848
2012-09-21 18:00:00,5.9,313,-9.97472,-68.81,4.3149868395531055,-4.023790324368742
2012-09-21 19:00:00,8.7,312,-9.97472,-68.81,6.465359981653332,-5.821436275322062
2012-09-21 20:00:00,8.5,306,-9.97472,-68.81,6.876644452187055,-4.99617464448602
2012-09-21 21:00:00,4.9,343,-9.97472,-68.81,1.4326213531414123,-4.685893304218873
2012-09-21 22:00:00,4.4,55,-9.97472,-68.81,-3.604268994871564,-2.5237363199446032
2012-09-21 23:00:00,3.9,68,-9.97472,-68.81,-3.616017032810471,-1.4609657143220567
2012-09-22 00:00:00,4.0,90,-9.97472,-68.81,-4.0,-2.4492935982947064e-16
2012-09-22 01:00:00,3.1,111,-9.97472,-68.81,-2.8940993221413254,1.1109406435904308
2012-09-22 02:00:00,2.1,121,-9.97472,-68.81,-1.800051331474436,1.081579957311114
2012-09-22 03:00:00,5.5,148,-9.97472,-68.81,-2.914555953282627,4.664264528860342
2012-09-22 04:00:00,8.1,135,-9.97472,-68.81,-5.727564927611035,5.727564927611034
2012-09-22 05:00:00,8.5,118,-9.97472,-68.81,-7.505054539300878,3.990508283680073
2012-09-22 06:00:00,10.8,120,-9.97472,-68.81,-9.353074360871938,5.399999999999998
2012-09-22 07:00:00,8.4,115,-9.97472,-68.81,-7.612985411107861,3.5499933986218744
2012-09-22 08:00:00,7.9,120,-9.97472,-68.81,-6.841600689897066,3.9499999999999984
2012-09-22 09:00:00,6.2,126,-9.97472,-68.81,-5.0159053651246746,3.644268564213333
2012-09-22 10:00:00,4.8,132,-9.97472,-68.81,-3.5670951622914924,3.2118269105225195
2012-09-22 11:00:00,4.9,126,-9.97472,-68.81,-3.9641832724372428,2.880147736233118
2012-09-22 12:00:00,3.6,135,-9.97472,-68.81,-2.5455844122715714,2.545584412271571
2012-09-22 13:00:00,4.6,162,-9.97472,-68.81,-1.4214781741247584,4.3748599749577055
2012-09-22 14:00:00,4.5,166,-9.97472,-68.81,-1.0886485301985047,4.366330768241984
2012-09-22 15:00:00,5.6,130,-9.97472,-68.81,-4.289848881466277,3.5996106142446203
2012-09-22 16:00:00,7.4,133,-9.97472,-68.81,-5.412017391981863,5.046787864462488
2012-09-22 17:00:00,9.8,144,-9.97472,-68.81,-5.760295472466238,7.928366544874485
2012-09-22 18:00:00,12.6,160,-9.97472,-68.81,-4.309453805903428,11.840127021902445
2012-09-22 19:00:00,9.3,167,-9.97472,-68.81,-2.0920448053979466,9.061641602502688
2012-09-22 20:00:00,8.0,153,-9.97472,-68.81,-3.631923997916375,7.128052193506942
2012-09-22 21:00:00,7.3,160,-9.97472,-68.81,-2.496747046277383,6.8597561317371305
2012-09-22 22:00:00,5.4,160,-9.97472,-68.81,-1.846908773958612,5.074340152243905
2012-09-22 23:00:00,6.0,155,-9.97472,-68.81,-2.535709570444197,5.437846722219899
2012-09-23 00:00:00,8.0,162,-9.97472,-68.81,-2.47213595499958,7.608452130361228
2012-09-23 01:00:00,8.2,157,-9.97472,-68.81,-3.2039952536120446,7.54813979831001
2012-09-23 02:00:00,6.3,149,-9.97472,-68.81,-3.2447398719333425,5.400153994423307
2012-09-23 03:00:00,6.1,130,-9.97472,-68.81,-4.6728711030257655,3.92100441908789
2012-09-23 04:00:00,6.0,123,-9.97472,-68.81,-5.032023407672543,3.2678342100901627
2012-09-23 05:00:00,6.3,121,-9.97472,-68.81,-5.400153994423308,3.2447398719333416
2012-09-23 06:00:00,5.5,122,-9.97472,-68.81,-4.664264528860343,2.914555953282626
2012-09-23 07:00:00,6.6,131,-9.97472,-68.81,-4.981083229470296,4.329989591337347
2012-09-23 08:00:00,6.9,133,-9.97472,-68.81,-5.0463405411722775,4.705788684431239
2012-09-23 09:00:00,6.5,124,-9.97472,-68.81,-5.388744221607771,3.6347538725598536
2012-09-23 10:00:00,6.5,109,-9.97472,-68.81,-6.1458707413955596,2.116193003971518
2012-09-23 11:00:00,6.5,90,-9.97472,-68.81,-6.5,-3.9801020972288977e-16
2012-09-23 12:00:00,5.8,83,-9.97472,-68.81,-5.756767679519667,-0.7068421917498554
2012-09-23 13:00:00,4.7,90,-9.97472,-68.81,-4.7,-2.8779199779962803e-16
2012-09-23 14:00:00,2.2,99,-9.97472,-68.81,-2.1729143493093033,0.34415582308850784
2012-09-23 15:00:00,1.5,194,-9.97472,-68.81,0.3628828433995013,1.4554435894139948
2012-09-23 16:00:00,2.8,220,-9.97472,-68.81,1.7998053071223097,2.1449244407331385
2012-09-23 17:00:00,3.5,204,-9.97472,-68.81,1.4235782507653008,3.197409101749103
2012-09-23 18:00:00,4.7,212,-9.97472,-68.81,2.4906205418960625,3.9858260519352027
2012-09-23 19:00:00,5.3,208,-9.97472,-68.81,2.4881992827652213,4.679622242152313
2012-09-23 20:00:00,5.8,263,-9.97472,-68.81,5.756767679519668,0.7068421917498535
2012-09-23 21:00:00,6.2,277,-9.97472,-68.81,6.153786140176196,-0.7555899291119157
2012-09-23 22:00:00,5.8,292,-9.97472,-68.81,5.377666356487367,-2.1727182418122895
2012-09-23 23:00:00,6.7,286,-9.97472,-68.81,6.440453362786736,-1.846770283973896
2012-09-24 00:00:00,6.3,283,-9.97472,-68.81,6.1385314081469815,-1.4171916423663489
2012-09-24 01:00:00,5.8,292,-9.97472,-68.81,5.377666356487367,-2.1727182418122895
2012-09-24 02:00:00,6.7,286,-9.97472,-68.81,6.440453362786736,-1.846770283973896
2012-09-24 03:00:00,6.6,283,-9.97472,-68.81,6.430842427582553,-1.4846769586695083
2012-09-24 04:00:00,6.2,280,-9.97472,-68.81,6.105808068675691,-1.0766187015349657
2012-09-24 05:00:00,5.4,274,-9.97472,-68.81,5.386845871403052,-0.3766849582182762
2012-09-24 06:00:00,4.1,285,-9.97472,-68.81,3.9602958877851804,-1.061158084920333
2012-09-24 07:00:00,3.7,299,-9.97472,-68.81,3.236092916415764,-1.7937955949114481
2012-09-24 08:00:00,3.9,292,-9.97472,-68.81,3.616017032810471,-1.4609657143220567
2012-09-24 09:00:00,1.5,284,-9.97472,-68.81,1.4554435894139948,-0.36288284339950116
2012-09-24 10:00:00,1.9,292,-9.97472,-68.81,1.761649323676896,-0.7117525274902327
2012-09-24 11:00:00,3.2,297,-9.97472,-68.81,2.8512208774027776,-1.4527695991665492
2012-09-24 12:00:00,4.6,315,-9.97472,-68.81,3.2526911934581193,-3.2526911934581175
2012-09-24 13:00:00,4.6,321,-9.97472,-68.81,2.894873798829254,-3.5748714227020644
2012-09-24 14:00:00,4.4,325,-9.97472,-68.81,2.5237363199446046,-3.604268994871563
2012-09-24 15:00:00,4.4,325,-9.97472,-68.81,2.5237363199446046,-3.604268994871563
2012-09-24 16:00:00,3.8,319,-9.97472,-68.81,2.493024310163928,-2.867896404846533
2012-09-24 17:00:00,3.1,315,-9.97472,-68.81,2.192031021678298,-2.192031021678297
2012-09-24 18:00:00,2.1,301,-9.97472,-68.81,1.800051331474436,-1.0815799573111138
2012-09-24 19:00:00,5.8,4,-9.97472,-68.81,-0.40458754771592675,-5.78587149150698
2012-09-24 20:00:00,4.6,45,-9.97472,-68.81,-3.252691193458118,-3.2526911934581184
2012-09-24 21:00:00,8.4,10,-9.97472,-68.81,-1.458644692402215,-8.272385125302547
2012-09-24 22:00:00,9.2,11,-9.97472,-68.81,-1.755442757464212,-9.030970087718508
2012-09-24 23:00:00,7.8,13,-9.97472,-68.81,-1.754618223882147,-7.6000865053248345
2012-09-25 00:00:00,7.3,20,-9.97472,-68.81,-2.4967470462773815,-6.859756131737131
2012-09-25 01:00:00,7.2,18,-9.97472,-68.81,-2.2249223594996215,-6.8476069173251055
2012-09-25 02:00:00,7.6,360,-9.97472,-68.81,1.8614631347039767e-15,-7.6
2012-09-25 03:00:00,8.1,347,-9.97472,-68.81,1.8221035401853092,-7.892397524760404
2012-09-25 04:00:00,7.9,336,-9.97472,-68.81,3.213219480298821,-7.217009115376548
2012-09-25 05:00:00,7.7,323,-9.97472,-68.81,4.6339756782707715,-6.149493427364155
2012-09-25 06:00:00,7.8,304,-9.97472,-68.81,6.466493065929325,-4.361704647071827
2012-09-25 07:00:00,7.8,304,-9.97472,-68.81,6.466493065929325,-4.361704647071827
2012-09-25 08:00:00,7.6,295,-9.97472,-68.81,6.887939181478539,-3.2118987892293167
2012-09-25 09:00:00,5.2,304,-9.97472,-68.81,4.310995377286217,-2.9078030980478844
2012-09-25 10:00:00,5.7,305,-9.97472,-68.81,4.669166652447253,-3.2693856872009626
2012-09-25 11:00:00,6.3,294,-9.97472,-68.81,5.755336383148387,-2.5624408513775383
2012-09-25 12:00:00,5.2,282,-9.97472,-68.81,5.086367523815789,-1.081140792252349
2012-09-25 13:00:00,3.6,270,-9.97472,-68.81,3.6,6.613092715395707e-16
2012-09-25 14:00:00,2.9,263,-9.97472,-68.81,2.878383839759834,0.35342109587492676
2012-09-25 15:00:00,2.4,243,-9.97472,-68.81,2.138415658052083,1.0895771993749126
2012-09-25 16:00:00,3.1,216,-9.97472,-68.81,1.8221342821066664,2.5079526825623377
2012-09-25 17:00:00,4.0,153,-9.97472,-68.81,-1.8159619989581874,3.564026096753471
2012-09-25 18:00:00,9.4,67,-9.97472,-68.81,-8.65274562245294,-3.672872607799173
2012-09-25 19:00:00,8.4,80,-9.97472,-68.81,-8.272385125302547,-1.4586446924022156
2012-09-25 20:00:00,6.1,118,-9.97472,-68.81,-5.385980316439453,2.8637765329939344
2012-09-25 21:00:00,3.8,139,-9.97472,-68.81,-2.4930243101639276,2.8678964048465336
2012-09-25 22:00:00,4.7,113,-9.97472,-68.81,-4.326372811226469,1.8364363038995868
2012-09-25 23:00:00,5.6,63,-9.97472,-68.81,-4.989636535454859,-2.542346798541462
2012-09-26 00:00:00,6.4,47,-9.97472,-68.81,-4.6806636903626915,-4.36478950439999
2012-09-26 01:00:00,4.9,54,-9.97472,-68.81,-3.9641832724372428,-2.8801477362331185
2012-09-26 02:00:00,4.7,94,-9.97472,-68.81,-4.688551036221174,0.3278554265973891
2012-09-26 03:00:00,5.2,106,-9.97472,-68.81,-4.998560818879258,1.433314250248395
2012-09-26 04:00:00,6.2,126,-9.97472,-68.81,-5.0159053651246746,3.644268564213333
2012-09-26 05:00:00,3.7,119,-9.97472,-68.81,-3.236092916415765,1.793795594911447
2012-09-26 06:00:00,6.1,135,-9.97472,-68.81,-4.31335136523794,4.313351365237939
2012-09-26 07:00:00,11.2,147,-9.97472,-68.81,-6.099957192168305,9.393110360988748
2012-09-26 08:00:00,12.7,135,-9.97472,-68.81,-8.980256121069154,8.980256121069152
2012-09-26 09:00:00,13.2,137,-9.97472,-68.81,-9.00237835282498,9.65386886137305
2012-09-26 10:00:00,15.8,139,-9.97472,-68.81,-10.365732658050016,11.924411367519799
2012-09-26 11:00:00,16.2,148,-9.97472,-68.81,-8.58469208057792,13.7383791577341
2012-09-26 12:00:00,19.3,151,-9.97472,-68.81,-9.356825670754308,16.880160347790337
2012-09-26 13:00:00,20.6,151,-9.97472,-68.81,-9.987078177074546,18.017165967071552
2012-09-26 14:00:00,20.5,146,-9.97472,-68.81,-11.463454521150311,16.995270237378353
2012-09-26 15:00:00,19.5,146,-9.97472,-68.81,-10.904261617679564,16.166232664823312
2012-09-26 16:00:00,18.9,149,-9.97472,-68.81,-9.734219615800027,16.20046198326992
2012-09-26 17:00:00,16.9,151,-9.97472,-68.81,-8.193282582163098,14.781073050655786
2012-09-26 18:00:00,14.0,154,-9.97472,-68.81,-6.137196055047082,12.583116648188339
2012-09-26 19:00:00,11.8,157,-9.97472,-68.81,-4.610627316173431,10.861957270738797
2012-09-26 20:00:00,9.9,161,-9.97472,-68.81,-3.2231247291258502,9.360633898433237
2012-09-26 21:00:00,8.1,159,-9.97472,-68.81,-2.9027803913169317,7.5620014546273335
2012-09-26 22:00:00,7.4,151,-9.97472,-68.81,-3.5875911898228954,6.472185832831529
2012-09-26 23:00:00,7.3,147,-9.97472,-68.81,-3.9758649556096994,6.122295146001594
2012-09-27 00:00:00,7.1,150,-9.97472,-68.81,-3.5499999999999994,6.148780366869515
2012-09-27 01:00:00,8.2,157,-9.97472,-68.81,-3.2039952536120446,7.54813979831001
2012-09-27 02:00:00,8.4,160,-9.97472,-68.81,-2.8729692039356185,7.893418014601631
2012-09-27 03:00:00,8.8,161,-9.97472,-68.81,-2.8649997592229783,8.320563465273988
2012-09-27 04:00:00,9.9,161,-9.97472,-68.81,-3.2231247291258502,9.360633898433237
2012-09-27 05:00:00,10.6,156,-9.97472,-68.81,-4.311408416603484,9.683581851011567
2012-09-27 06:00:00,11.1,151,-9.97472,-68.81,-5.381386784734342,9.708278749247292
2012-09-27 07:00:00,12.5,147,-9.97472,-68.81,-6.807987937687841,10.483382099317799
2012-09-27 08:00:00,12.2,146,-9.97472,-68.81,-6.822153422343112,10.114258385171507
2012-09-27 09:00:00,10.9,146,-9.97472,-68.81,-6.095202647831141,9.036509540849954
2012-09-27 10:00:00,10.1,145,-9.97472,-68.81,-5.793122007145564,8.273435647318818
2012-09-27 11:00:00,11.0,142,-9.97472,-68.81,-6.772276228582243,8.668118289673941
2012-09-27 12:00:00,10.9,136,-9.97472,-68.81,-7.5717762380030695,7.8408038236912985
2012-09-27 13:00:00,9.2,135,-9.97472,-68.81,-6.505382386916237,6.505382386916236
2012-09-27 14:00:00,8.1,135,-9.97472,-68.81,-5.727564927611035,5.727564927611034
2012-09-27 15:00:00,7.1,135,-9.97472,-68.81,-5.020458146424487,5.020458146424486
2012-09-27 16:00:00,6.4,133,-9.97472,-68.81,-4.6806636903626915,4.364789504399989
2012-09-27 17:00:00,5.7,125,-9.97472,-68.81,-4.669166652447252,3.269385687200963
2012-09-27 18:00:00,5.2,115,-9.97472,-68.81,-4.71280049259058,2.1976149610516367
2012-09-27 19:00:00,2.3,39,-9.97472,-68.81,-1.4474368994146258,-1.7874357113510329
2012-09-27 20:00:00,3.1,36,-9.97472,-68.81,-1.8221342821066668,-2.5079526825623373
2012-09-27 21:00:00,4.0,27,-9.97472,-68.81,-1.815961998958187,-3.5640260967534716
2012-09-27 22:00:00,3.1,21,-9.97472,-68.81,-1.1109406435904308,-2.8940993221413254
2012-09-27 23:00:00,1.5,45,-9.97472,-68.81,-1.0606601717798212,-1.0606601717798214
2012-09-28 00:00:00,1.5,76,-9.97472,-68.81,-1.4554435894139948,-0.3628828433995015
2012-09-28 01:00:00,1.3,124,-9.97472,-68.81,-1.0777488443215544,0.7269507745119708
2012-09-28 02:00:00,1.8,191,-9.97472,-68.81,0.3434561916777805,1.7669289302057951
2012-09-28 03:00:00,1.5,194,-9.97472,-68.81,0.3628828433995013,1.4554435894139948
2012-09-28 04:00:00,2.7,203,-9.97472,-68.81,1.0549740469210387,2.485363104321589
2012-09-28 05:00:00,3.4,212,-9.97472,-68.81,1.8017254983928963,2.8833635269318485
2012-09-28 06:00:00,3.6,225,-9.97472,-68.81,2.545584412271571,2.545584412271572
2012-09-28 07:00:00,4.1,225,-9.97472,-68.81,2.8991378028648445,2.8991378028648453
2012-09-28 08:00:00,4.3,222,-9.97472,-68.81,2.8772616073430903,3.195522749552795
2012-09-28 09:00:00,1.5,194,-9.97472,-68.81,0.3628828433995013,1.4554435894139948
2012-09-28 10:00:00,0.8,153,-9.97472,-68.81,-0.36319239979163753,0.7128052193506943
2012-09-28 11:00:00,1.1,90,-9.97472,-68.81,-1.1,-6.735557395310444e-17
2012-09-28 12:00:00,1.5,76,-9.97472,-68.81,-1.4554435894139948,-0.3628828433995015
2012-09-28 13:00:00,1.5,14,-9.97472,-68.81,-0.3628828433995016,-1.4554435894139948
2012-09-28 14:00:00,2.9,353,-9.97472,-68.81,0.3534210958749269,-2.878383839759834
2012-09-28 15:00:00,4.6,342,-9.97472,-68.81,1.4214781741247589,-4.3748599749577055
2012-09-28 16:00:00,4.7,356,-9.97472,-68.81,0.3278554265973905,-4.688551036221174
2012-09-28 17:00:00,4.3,5,-9.97472,-68.81,-0.3747696938149301,-4.283637201794505
2012-09-28 18:00:00,1.8,11,-9.97472,-68.81,-0.34345619167778063,-1.7669289302057951
2012-09-28 19:00:00,2.9,7,-9.97472,-68.81,-0.35342109587492765,-2.8783838397598336
2012-09-28 20:00:00,1.5,14,-9.97472,-68.81,-0.3628828433995016,-1.4554435894139948
2012-09-28 21:00:00,3.9,338,-9.97472,-68.81,1.460965714322058,-3.6160170328104706
2012-09-28 22:00:00,4.5,331,-9.97472,-68.81,2.181643291108516,-3.9357886821272814
2012-09-28 23:00:00,4.7,328,-9.97472,-68.81,2.490620541896064,-3.9858260519352022
2012-09-29 00:00:00,6.0,327,-9.97472,-68.81,3.267834210090162,-5.032023407672544
2012-09-29 01:00:00,7.8,326,-9.97472,-68.81,4.361704647071823,-6.466493065929326
2012-09-29 02:00:00,8.0,324,-9.97472,-68.81,4.702282018339787,-6.472135954999579
2012-09-29 03:00:00,7.6,335,-9.97472,-68.81,3.211898789229314,-6.88793918147854
2012-09-29 04:00:00,7.7,349,-9.97472,-68.81,1.469229264399394,-7.558529312547013
2012-09-29 05:00:00,7.3,349,-9.97472,-68.81,1.392905666248776,-7.165878439167947
2012-09-29 06:00:00,7.5,343,-9.97472,-68.81,2.1927877854205287,-7.172285669722765
2012-09-29 07:00:00,7.2,342,-9.97472,-68.81,2.224922359499623,-6.8476069173251055
2012-09-29 08:00:00,7.2,333,-9.97472,-68.81,3.2687315981247385,-6.415246974156248
2012-09-29 09:00:00,5.0,330,-9.97472,-68.81,2.500000000000002,-4.330127018922192
2012-09-29 10:00:00,5.6,333,-9.97472,-68.81,2.542346798541463,-4.989636535454859
2012-09-29 11:00:00,6.4,333,-9.97472,-68.81,2.9055391983331007,-5.702441754805554
2012-09-29 12:00:00,5.8,338,-9.97472,-68.81,2.1727182418122917,-5.377666356487366
2012-09-29 13:00:00,4.5,346,-9.97472,-68.81,1.0886485301985054,-4.366330768241984
2012-09-29 14:00:00,3.3,347,-9.97472,-68.81,0.7423384793347556,-3.215421213791276
2012-09-29 15:00:00,3.1,339,-9.97472,-68.81,1.1109406435904323,-2.894099322141325
2012-09-29 16:00:00,3.0,346,-9.97472,-68.81,0.7257656867990037,-2.9108871788279895
2012-09-29 17:00:00,2.3,309,-9.97472,-68.81,1.7874357113510326,-1.447436899414626
2012-09-29 18:00:00,1.5,194,-9.97472,-68.81,0.3628828433995013,1.4554435894139948
2012-09-29 19:00:00,1.3,146,-9.97472,-68.81,-0.726950774511971,1.0777488443215542
2012-09-29 20:00:00,2.3,321,-9.97472,-68.81,1.447436899414627,-1.7874357113510322
2012-09-29 21:00:00,4.3,336,-9.97472,-68.81,1.7489675652259407,-3.928245467863184
2012-09-29 22:00:00,4.5,331,-9.97472,-68.81,2.181643291108516,-3.9357886821272814
2012-09-29 23:00:00,4.3,355,-9.97472,-68.81,0.37476969381493075,-4.283637201794505
2012-09-30 00:00:00,5.1,4,-9.97472,-68.81,-0.35575801609503904,-5.087576656325103
2012-09-30 01:00:00,6.4,344,-9.97472,-68.81,1.7640790772287933,-6.1520748540052415
2012-09-30 02:00:00,6.5,326,-9.97472,-68.81,3.6347538725598527,-5.388744221607772
2012-09-30 03:00:00,6.1,320,-9.97472,-68.81,3.9210044190878914,-4.672871103025765
2012-09-30 04:00:00,5.9,322,-9.97472,-68.81,3.6324027044213834,-4.64926344627966
2012-09-30 05:00:00,5.9,317,-9.97472,-68.81,4.02379032436874,-4.314986839553107
2012-09-30 06:00:00,6.4,313,-9.97472,-68.81,4.680663690362691,-4.364789504399991
2012-09-30 07:00:00,6.9,321,-9.97472,-68.81,4.342310698243882,-5.362307134053097
2012-09-30 08:00:00,7.2,333,-9.97472,-68.81,3.2687315981247385,-6.415246974156248
2012-09-30 09:00:00,5.5,349,-9.97472,-68.81,1.0494494745709957,-5.3989495089621515
2012-09-30 10:00:00,6.4,344,-9.97472,-68.81,1.7640790772287933,-6.1520748540052415
2012-09-30 11:00:00,7.9,336,-9.97472,-68.81,3.213219480298821,-7.217009115376548
2012-09-30 12:00:00,9.0,337,-9.97472,-68.81,3.516580156403465,-8.284543681071963
2012-09-30 13:00:00,8.4,335,-9.97472,-68.81,3.5499933986218735,-7.612985411107861
2012-09-30 14:00:00,7.6,335,-9.97472,-68.81,3.211898789229314,-6.88793918147854
2012-09-30 15:00:00,5.6,345,-9.97472,-68.81,1.4493866525741157,-5.4091846272187825
2012-09-30 16:00:00,6.5,360,-9.97472,-68.81,1.592040838891559e-15,-6.5
2012-09-30 17:00:00,3.7,331,-9.97472,-68.81,1.7937955949114466,-3.236092916415765
2012-09-30 18:00:00,2.2,279,-9.97472,-68.81,2.1729143493093033,-0.3441558230885075
2012-09-30 19:00:00,2.9,187,-9.97472,-68.81,0.3534210958749272,2.878383839759834
2012-09-30 20:00:00,3.0,194,-9.97472,-68.81,0.7257656867990026,2.9108871788279895
2012-09-30 21:00:00,1.5,256,-9.97472,-68.81,1.4554435894139948,0.36288284339950166
2012-09-30 22:00:00,5.6,220,-9.97472,-68.81,3.5996106142446194,4.289848881466277
2012-09-30 23:00:00,3.4,252,-9.97472,-68.81,3.233592155403522,1.0506577808748216
2012-10-01 00:00:00,3.6,323,-9.97472,-68.81,2.166534083347374,-2.875087836170254
2012-10-01 01:00:00,5.5,337,-9.97472,-68.81,2.1490212066910064,-5.062776693988422
2012-10-01 02:00:00,6.6,351,-9.97472,-68.81,1.0324674692655254,-6.5187430479279085
2012-10-01 03:00:00,6.8,342,-9.97472,-68.81,2.1013155617496437,-6.467184310807044
2012-10-01 04:00:00,6.4,322,-9.97472,-68.81,3.9402334420842124,-5.043268823083022
2012-10-01 05:00:00,6.1,315,-9.97472,-68.81,4.31335136523794,-4.3133513652379385
2012-10-01 06:00:00,6.6,319,-9.97472,-68.81,4.329989591337348,-4.981083229470294
2012-10-01 07:00:00,7.7,332,-9.97472,-68.81,3.6149310334513594,-6.798696465013737
2012-10-01 08:00:00,8.2,331,-9.97472,-68.81,3.9754388860199623,-7.171881598543045
2012-10-01 09:00:00,8.5,324,-9.97472,-68.81,4.9961746444860236,-6.876644452187052
2012-10-01 10:00:00,9.4,313,-9.97472,-68.81,6.874724795220201,-6.410784584587487
2012-10-01 11:00:00,10.7,310,-9.97472,-68.81,8.196675541373065,-6.87782742364597
2012-10-01 12:00:00,9.9,314,-9.97472,-68.81,7.121464023352647,-6.877117867544073
2012-10-01 13:00:00,8.9,320,-9.97472,-68.81,5.720809726210202,-6.817795543758902
2012-10-01 14:00:00,7.9,330,-9.97472,-68.81,3.9500000000000037,-6.841600689897064
2012-10-01 15:00:00,7.4,331,-9.97472,-68.81,3.587591189822893,-6.47218583283153
2012-10-01 16:00:00,7.9,336,-9.97472,-68.81,3.213219480298821,-7.217009115376548
2012-10-01 17:00:00,7.9,330,-9.97472,-68.81,3.9500000000000037,-6.841600689897064
2012-10-01 18:00:00,7.2,333,-9.97472,-68.81,3.2687315981247385,-6.415246974156248
2012-10-01 19:00:00,6.5,354,-9.97472,-68.81,0.6794350112397471,-6.4643923198937765
2012-10-01 20:00:00,5.0,339,-9.97472,-68.81,1.7918397477265038,-4.667902132486008
2012-10-01 21:00:00,9.9,350,-9.97472,-68.81,1.719116958902611,-9.74959675482086
2012-10-01 22:00:00,10.1,354,-9.97472,-68.81,1.0557374790032994,-10.04467114321956
2012-10-01 23:00:00,10.5,354,-9.97472,-68.81,1.0975488643103608,-10.44247990136687
2012-10-02 00:00:00,9.9,350,-9.97472,-68.81,1.719116958902611,-9.74959675482086
2012-10-02 01:00:00,10.0,347,-9.97472,-68.81,2.2495105434386535,-9.743700647852352
2012-10-02 02:00:00,9.4,342,-9.97472,-68.81,2.904759747124508,-8.939931253174443
2012-10-02 03:00:00,9.3,344,-9.97472,-68.81,2.5634274090980904,-8.939733772226367
2012-10-02 04:00:00,9.5,349,-9.97472,-68.81,1.8126854560771744,-9.325458242752807
2012-10-02 05:00:00,9.0,344,-9.97472,-68.81,2.4807362023529906,-8.65135526344487
2012-10-02 06:00:00,8.8,341,-9.97472,-68.81,2.8649997592229792,-8.320563465273988
2012-10-02 07:00:00,7.8,338,-9.97472,-68.81,2.921931428644116,-7.232034065620941
2012-10-02 08:00:00,7.9,336,-9.97472,-68.81,3.213219480298821,-7.217009115376548
2012-10-02 09:00:00,7.9,336,-9.97472,-68.81,3.213219480298821,-7.217009115376548
2012-10-02 10:00:00,8.7,336,-9.97472,-68.81,3.538608794759461,-7.947845481490628
2012-10-02 11:00:00,9.2,329,-9.97472,-68.81,4.738350289172501,-7.885939166459431
2012-10-02 12:00:00,9.5,323,-9.97472,-68.81,5.717242719944458,-7.587037345449282
2012-10-02 13:00:00,9.2,318,-9.97472,-68.81,6.1560015785014945,-6.836932394392027
2012-10-02 14:00:00,8.2,319,-9.97472,-68.81,5.37968403772216,-6.188618557826729
2012-10-02 15:00:00,7.3,327,-9.97472,-68.81,3.9758649556096968,-6.122295146001595
2012-10-02 16:00:00,7.3,340,-9.97472,-68.81,2.4967470462773806,-6.859756131737131
2012-10-02 17:00:00,5.9,349,-9.97472,-68.81,1.1257730727216135,-5.791600382341218
2012-10-02 18:00:00,9.4,353,-9.97472,-68.81,1.145571828008384,-9.329933825428428
2012-10-02 19:00:00,3.9,338,-9.97472,-68.81,1.460965714322058,-3.6160170328104706
2012-10-02 20:00:00,3.3,311,-9.97472,-68.81,2.4905416147351485,-2.1649947956686733
2012-10-02 21:00:00,3.5,294,-9.97472,-68.81,3.1974091017491038,-1.4235782507652992
2012-10-02 22:00:00,8.2,319,-9.97472,-68.81,5.37968403772216,-6.188618557826729
2012-10-02 23:00:00,9.3,347,-9.97472,-68.81,2.092044805397948,-9.061641602502688
2012-10-03 00:00:00,9.4,360,-9.97472,-68.81,2.3023359823970243e-15,-9.4
2012-10-03 01:00:00,9.8,352,-9.97472,-68.81,1.3638963894086458,-9.704627073667389
2012-10-03 02:00:00,9.1,342,-9.97472,-68.81,2.812054648812023,-8.654614298285896
2012-10-03 03:00:00,8.9,339,-9.97472,-68.81,3.189474750953177,-8.308865795825094
2012-10-03 04:00:00,8.1,339,-9.97472,-68.81,2.902780391316936,-7.562001454627332
2012-10-03 05:00:00,8.3,342,-9.97472,-68.81,2.5648410533120654,-7.893769085249775
2012-10-03 06:00:00,8.9,339,-9.97472,-68.81,3.189474750953177,-8.308865795825094
2012-10-03 07:00:00,8.5,348,-9.97472,-68.81,1.767249371950959,-8.314254606237347
2012-10-03 08:00:00,8.3,342,-9.97472,-68.81,2.5648410533120654,-7.893769085249775
2012-10-03 09:00:00,6.3,329,-9.97472,-68.81,3.2447398719333433,-5.400153994423306
2012-10-03 10:00:00,7.1,315,-9.97472,-68.81,5.020458146424488,-5.0204581464244855
2012-10-03 11:00:00,7.4,313,-9.97472,-68.81,5.412017391981861,-5.04678786446249
2012-10-03 12:00:00,8.1,315,-9.97472,-68.81,5.727564927611036,-5.727564927611033
2012-10-03 13:00:00,8.2,322,-9.97472,-68.81,5.048424097670397,-6.46168817957512
2012-10-03 14:00:00,7.5,325,-9.97472,-68.81,4.3018232726328485,-6.143640332167437
2012-10-03 15:00:00,7.1,330,-9.97472,-68.81,3.550000000000003,-6.148780366869512
2012-10-03 16:00:00,7.4,337,-9.97472,-68.81,2.891410350820627,-6.811735915548058
2012-10-03 17:00:00,5.9,11,-9.97472,-68.81,-1.1257730727216144,-5.791600382341218
2012-10-03 18:00:00,2.1,59,-9.97472,-68.81,-1.800051331474436,-1.0815799573111138
2012-10-03 19:00:00,3.9,236,-9.97472,-68.81,3.233246532964663,2.1808523235359116
2012-10-03 20:00:00,4.3,222,-9.97472,-68.81,2.8772616073430903,3.195522749552795
2012-10-03 21:00:00,4.6,231,-9.97472,-68.81,3.5748714227020644,2.894873798829254
2012-10-03 22:00:00,3.9,202,-9.97472,-68.81,1.460965714322057,3.616017032810471
2012-10-03 23:00:00,3.5,156,-9.97472,-68.81,-1.4235782507653014,3.197409101749103
2012-10-04 00:00:00,2.5,98,-9.97472,-68.81,-2.475670171853926,0.3479327524001634
2012-10-04 01:00:00,1.6,63,-9.97472,-68.81,-1.4256104387013886,-0.726384799583275
2012-10-04 02:00:00,2.4,63,-9.97472,-68.81,-2.138415658052083,-1.0895771993749124
2012-10-04 03:00:00,4.8,77,-9.97472,-68.81,-4.676976310969129,-1.0797650608505516
2012-10-04 04:00:00,7.6,65,-9.97472,-68.81,-6.887939181478539,-3.211898789229316
2012-10-04 05:00:00,7.9,60,-9.97472,-68.81,-6.841600689897065,-3.950000000000001
2012-10-04 06:00:00,6.4,43,-9.97472,-68.81,-4.36478950439999,-4.6806636903626915
2012-10-04 07:00:00,6.3,24,-9.97472,-68.81,-2.5624408513775414,-5.755336383148386
2012-10-04 08:00:00,4.6,18,-9.97472,-68.81,-1.421478174124758,-4.3748599749577055
2012-10-04 09:00:00,4.0,10,-9.97472,-68.81,-0.6945927106677213,-3.939231012048832
2012-10-04 10:00:00,2.2,360,-9.97472,-68.81,5.388445916248355e-16,-2.2
2012-10-04 11:00:00,2.2,351,-9.97472,-68.81,0.3441558230885085,-2.172914349309303
2012-10-04 12:00:00,3.9,338,-9.97472,-68.81,1.460965714322058,-3.6160170328104706
2012-10-04 13:00:00,3.8,17,-9.97472,-68.81,-1.1110124779463997,-3.6339580726595346
2012-10-04 14:00:00,2.9,60,-9.97472,-68.81,-2.5114736709748717,-1.4500000000000002
2012-10-04 15:00:00,3.4,58,-9.97472,-68.81,-2.883363526931848,-1.8017254983928965
2012-10-04 16:00:00,2.9,90,-9.97472,-68.81,-2.9,-1.7757378587636622e-16
2012-10-04 17:00:00,2.9,97,-9.97472,-68.81,-2.878383839759834,0.35342109587492737
2012-10-04 18:00:00,4.8,63,-9.97472,-68.81,-4.276831316104166,-2.1791543987498248
2012-10-04 19:00:00,4.7,81,-9.97472,-68.81,-4.6421352007971475,-0.7352419856890854
2012-10-04 20:00:00,4.4,81,-9.97472,-68.81,-4.3458286986186065,-0.6883116461770161
2012-10-04 21:00:00,5.8,30,-9.97472,-68.81,-2.8999999999999995,-5.022947341949744
2012-10-04 22:00:00,5.5,11,-9.97472,-68.81,-1.0494494745709964,-5.3989495089621515
2012-10-04 23:00:00,4.7,32,-9.97472,-68.81,-2.490620541896063,-3.9858260519352022
2012-10-05 00:00:00,3.6,37,-9.97472,-68.81,-2.166534083347374,-2.875087836170254
2012-10-05 01:00:00,4.7,9,-9.97472,-68.81,-0.7352419856890852,-4.6421352007971475
2012-10-05 02:00:00,4.5,14,-9.97472,-68.81,-1.0886485301985047,-4.366330768241984
2012-10-05 03:00:00,4.8,13,-9.97472,-68.81,-1.079765060850552,-4.676976310969129
2012-10-05 04:00:00,4.7,4,-9.97472,-68.81,-0.3278554265973889,-4.688551036221174
2012-10-05 05:00:00,4.0,10,-9.97472,-68.81,-0.6945927106677213,-3.939231012048832
2012-10-05 06:00:00,2.9,30,-9.97472,-68.81,-1.4499999999999997,-2.511473670974872
2012-10-05 07:00:00,2.2,351,-9.97472,-68.81,0.3441558230885085,-2.172914349309303
2012-10-05 08:00:00,1.8,349,-9.97472,-68.81,0.3434561916777804,-1.7669289302057951
2012-10-05 09:00:00,0.7,270,-9.97472,-68.81,0.7,1.2858791391047207e-16
2012-10-05 10:00:00,1.4,360,-9.97472,-68.81,3.429011037612589e-16,-1.4
2012-10-05 11:00:00,1.6,63,-9.97472,-68.81,-1.4256104387013886,-0.726384799583275
2012-10-05 12:00:00,1.9,22,-9.97472,-68.81,-0.7117525274902328,-1.761649323676896
2012-10-05 13:00:00,2.5,360,-9.97472,-68.81,6.123233995736766e-16,-2.5
2012-10-05 14:00:00,3.4,328,-9.97472,-68.81,1.801725498392897,-2.883363526931848
2012-10-05 15:00:00,3.2,333,-9.97472,-68.81,1.4527695991665504,-2.851220877402777
2012-10-05 16:00:00,0.7,270,-9.97472,-68.81,0.7,1.2858791391047207e-16
2012-10-05 17:00:00,1.8,143,-9.97472,-68.81,-1.0832670416736867,1.4375439180851273
2012-10-05 18:00:00,3.1,159,-9.97472,-68.81,-1.1109406435904308,2.8940993221413254
2012-10-05 19:00:00,3.8,163,-9.97472,-68.81,-1.111012477946399,3.633958072659535
2012-10-05 20:00:00,2.7,157,-9.97472,-68.81,-1.0549740469210394,2.485363104321589
2012-10-05 21:00:00,2.6,124,-9.97472,-68.81,-2.1554976886431088,1.4539015490239415
2012-10-05 22:00:00,4.7,122,-9.97472,-68.81,-3.9858260519352027,2.4906205418960625
2012-10-05 23:00:00,4.3,132,-9.97472,-68.81,-3.195522749552795,2.8772616073430903
2012-10-06 00:00:00,3.7,119,-9.97472,-68.81,-3.236092916415765,1.793795594911447
2012-10-06 01:00:00,2.9,90,-9.97472,-68.81,-2.9,-1.7757378587636622e-16
2012-10-06 02:00:00,2.9,83,-9.97472,-68.81,-2.8783838397598336,-0.3534210958749277
2012-10-06 03:00:00,3.6,84,-9.97472,-68.81,-3.580278823325784,-0.3763024677635525
2012-10-06 04:00:00,2.9,97,-9.97472,-68.81,-2.878383839759834,0.35342109587492737
2012-10-06 05:00:00,2.8,50,-9.97472,-68.81,-2.1449244407331385,-1.7998053071223101
2012-10-06 06:00:00,3.1,111,-9.97472,-68.81,-2.8940993221413254,1.1109406435904308
2012-10-06 07:00:00,4.0,95,-9.97472,-68.81,-3.984778792366982,0.34862297099063294
2012-10-06 08:00:00,3.9,68,-9.97472,-68.81,-3.616017032810471,-1.4609657143220567
2012-10-06 09:00:00,5.9,43,-9.97472,-68.81,-4.023790324368742,-4.314986839553106
2012-10-06 10:00:00,5.0,60,-9.97472,-68.81,-4.330127018922193,-2.5000000000000004
2012-10-06 11:00:00,7.1,45,-9.97472,-68.81,-5.020458146424486,-5.020458146424487
2012-10-06 12:00:00,4.7,23,-9.97472,-68.81,-1.8364363038995868,-4.32637281122647
2012-10-06 13:00:00,3.4,18,-9.97472,-68.81,-1.0506577808748212,-3.233592155403522
2012-10-06 14:00:00,3.6,37,-9.97472,-68.81,-2.166534083347374,-2.875087836170254
2012-10-06 15:00:00,4.2,59,-9.97472,-68.81,-3.600102662948872,-2.1631599146222276
2012-10-06 16:00:00,6.6,49,-9.97472,-68.81,-4.981083229470295,-4.329989591337347
2012-10-06 17:00:00,5.7,55,-9.97472,-68.81,-4.669166652447253,-3.269385687200963
2012-10-06 18:00:00,5.5,58,-9.97472,-68.81,-4.664264528860342,-2.914555953282627
2012-10-06 19:00:00,4.2,149,-9.97472,-68.81,-2.1631599146222285,3.6001026629488715
2012-10-06 20:00:00,4.0,180,-9.97472,-68.81,-4.898587196589413e-16,4.0
2012-10-06 21:00:00,3.4,162,-9.97472,-68.81,-1.0506577808748214,3.233592155403522
2012-10-06 22:00:00,3.6,127,-9.97472,-68.81,-2.8750878361702537,2.1665340833473743
2012-10-06 23:00:00,5.6,130,-9.97472,-68.81,-4.289848881466277,3.5996106142446203
2012-10-07 00:00:00,4.1,128,-9.97472,-68.81,-3.23084408978756,2.524212048835199
2012-10-07 01:00:00,4.1,128,-9.97472,-68.81,-3.23084408978756,2.524212048835199
2012-10-07 02:00:00,2.6,146,-9.97472,-68.81,-1.453901549023942,2.1554976886431083
2012-10-07 03:00:00,2.2,180,-9.97472,-68.81,-2.6942229581241775e-16,2.2
2012-10-07 04:00:00,1.3,236,-9.97472,-68.81,1.0777488443215544,0.7269507745119705
2012-10-07 05:00:00,2.3,219,-9.97472,-68.81,1.4474368994146265,1.7874357113510326
2012-10-07 06:00:00,0.5,45,-9.97472,-68.81,-0.35355339059327373,-0.3535533905932738
2012-10-07 07:00:00,1.9,292,-9.97472,-68.81,1.761649323676896,-0.7117525274902327
2012-10-07 08:00:00,1.8,281,-9.97472,-68.81,1.766928930205795,-0.3434561916777812
2012-10-07 09:00:00,2.5,315,-9.97472,-68.81,1.7677669529663693,-1.7677669529663684
2012-10-07 10:00:00,3.7,299,-9.97472,-68.81,3.236092916415764,-1.7937955949114481
2012-10-07 11:00:00,5.6,297,-9.97472,-68.81,4.989636535454861,-2.542346798541461
2012-10-07 12:00:00,6.6,311,-9.97472,-68.81,4.981083229470297,-4.3299895913373465
2012-10-07 13:00:00,8.4,320,-9.97472,-68.81,5.399415921366932,-6.434773322199414
2012-10-07 14:00:00,7.9,317,-9.97472,-68.81,5.387787044493736,-5.777694242791449
2012-10-07 15:00:00,6.9,313,-9.97472,-68.81,5.046340541172276,-4.705788684431241
2012-10-07 16:00:00,6.6,311,-9.97472,-68.81,4.981083229470297,-4.3299895913373465
2012-10-07 17:00:00,8.7,308,-9.97472,-68.81,6.855693556378479,-5.356254835333228
2012-10-07 18:00:00,8.9,297,-9.97472,-68.81,7.929958065276476,-4.040515447681965
2012-10-07 19:00:00,4.7,238,-9.97472,-68.81,3.9858260519352022,2.490620541896064
2012-10-07 20:00:00,5.4,266,-9.97472,-68.81,5.386845871403051,0.37668495821827813
2012-10-07 21:00:00,6.1,273,-9.97472,-68.81,6.0916401620029,-0.3192493330819581
2012-10-07 22:00:00,5.2,282,-9.97472,-68.81,5.086367523815789,-1.081140792252349
2012-10-07 23:00:00,3.8,311,-9.97472,-68.81,2.8678964048465345,-2.4930243101639267
2012-10-08 00:00:00,5.5,337,-9.97472,-68.81,2.1490212066910064,-5.062776693988422
2012-10-08 01:00:00,5.9,349,-9.97472,-68.81,1.1257730727216135,-5.791600382341218
2012-10-08 02:00:00,5.2,348,-9.97472,-68.81,1.0811407922523513,-5.086367523815789
2012-10-08 03:00:00,4.4,351,-9.97472,-68.81,0.688311646177017,-4.345828698618606
2012-10-08 04:00:00,4.1,345,-9.97472,-68.81,1.0611580849203348,-3.96029588778518
2012-10-08 05:00:00,6.2,339,-9.97472,-68.81,2.2218812871808646,-5.78819864428265
2012-10-08 06:00:00,7.3,327,-9.97472,-68.81,3.9758649556096968,-6.122295146001595
2012-10-08 07:00:00,6.4,322,-9.97472,-68.81,3.9402334420842124,-5.043268823083022
2012-10-08 08:00:00,4.6,309,-9.97472,-68.81,3.5748714227020653,-2.894873798829252
2012-10-08 09:00:00,2.2,270,-9.97472,-68.81,2.2,4.0413344371862655e-16
2012-10-08 10:00:00,1.4,270,-9.97472,-68.81,1.4,2.5717582782094415e-16
2012-10-08 11:00:00,1.8,360,-9.97472,-68.81,4.4087284769304716e-16,-1.8
2012-10-08 12:00:00,2.6,326,-9.97472,-68.81,1.453901549023941,-2.1554976886431088
2012-10-08 13:00:00,2.7,293,-9.97472,-68.81,2.4853631043215896,-1.0549740469210385
2012-10-08 14:00:00,3.6,276,-9.97472,-68.81,3.5802788233257843,-0.37630246776355075
2012-10-08 15:00:00,4.1,255,-9.97472,-68.81,3.96029588778518,1.0611580849203346
2012-10-08 16:00:00,4.7,238,-9.97472,-68.81,3.9858260519352022,2.490620541896064
2012-10-08 17:00:00,4.3,228,-9.97472,-68.81,3.195522749552796,2.87726160734309
2012-10-08 18:00:00,0.7,360,-9.97472,-68.81,1.7145055188062944e-16,-0.7
2012-10-08 19:00:00,6.1,40,-9.97472,-68.81,-3.921004419087889,-4.6728711030257655
2012-10-08 20:00:00,6.0,17,-9.97472,-68.81,-1.7542302283364206,-5.737828535778212
2012-10-08 21:00:00,5.5,32,-9.97472,-68.81,-2.914555953282627,-4.664264528860342
2012-10-08 22:00:00,6.3,13,-9.97472,-68.81,-1.4171916423663495,-6.1385314081469815
2012-10-08 23:00:00,6.5,357,-9.97472,-68.81,0.3401837155791384,-6.49109197590473
2012-10-09 00:00:00,5.4,360,-9.97472,-68.81,1.3226185430791415e-15,-5.4
2012-10-09 01:00:00,6.5,3,-9.97472,-68.81,-0.3401837155791349,-6.49109197590473
2012-10-09 02:00:00,6.7,344,-9.97472,-68.81,1.8467702839738929,-6.440453362786736
2012-10-09 03:00:00,6.4,333,-9.97472,-68.81,2.9055391983331007,-5.702441754805554
2012-10-09 04:00:00,6.4,322,-9.97472,-68.81,3.9402334420842124,-5.043268823083022
2012-10-09 05:00:00,6.6,311,-9.97472,-68.81,4.981083229470297,-4.3299895913373465
2012-10-09 06:00:00,6.7,306,-9.97472,-68.81,5.420413862312149,-3.9381611903595686
2012-10-09 07:00:00,6.9,309,-9.97472,-68.81,5.362307134053099,-4.342310698243879
2012-10-09 08:00:00,7.1,311,-9.97472,-68.81,5.3584380195816825,-4.6580191058326
2012-10-09 09:00:00,7.0,325,-9.97472,-68.81,4.015035054457325,-5.734064310022941
2012-10-09 10:00:00,5.2,326,-9.97472,-68.81,2.907803098047882,-4.3109953772862175
2012-10-09 11:00:00,6.1,315,-9.97472,-68.81,4.31335136523794,-4.3133513652379385
2012-10-09 12:00:00,6.6,311,-9.97472,-68.81,4.981083229470297,-4.3299895913373465
2012-10-09 13:00:00,7.3,303,-9.97472,-68.81,6.122295146001597,-3.9758649556096946
2012-10-09 14:00:00,7.2,297,-9.97472,-68.81,6.41524697415625,-3.268731598124736
2012-10-09 15:00:00,6.9,298,-9.97472,-68.81,6.0923383907265976,-3.239353783222644
2012-10-09 16:00:00,6.6,299,-9.97472,-68.81,5.772490067120011,-3.1997434936258258
2012-10-09 17:00:00,6.1,298,-9.97472,-68.81,5.385980316439455,-2.8637765329939313
2012-10-09 18:00:00,6.0,335,-9.97472,-68.81,2.535709570444195,-5.4378467222199
2012-10-09 19:00:00,3.3,319,-9.97472,-68.81,2.164994795668674,-2.490541614735147
2012-10-09 20:00:00,3.8,319,-9.97472,-68.81,2.493024310163928,-2.867896404846533
2012-10-09 21:00:00,5.7,325,-9.97472,-68.81,3.2693856872009652,-4.669166652447252
2012-10-09 22:00:00,6.4,333,-9.97472,-68.81,2.9055391983331007,-5.702441754805554
2012-10-09 23:00:00,8.2,331,-9.97472,-68.81,3.9754388860199623,-7.171881598543045
2012-10-10 00:00:00,7.6,329,-9.97472,-68.81,3.914289369316414,-6.514471485336052
2012-10-10 01:00:00,7.6,329,-9.97472,-68.81,3.914289369316414,-6.514471485336052
2012-10-10 02:00:00,7.5,325,-9.97472,-68.81,4.3018232726328485,-6.143640332167437
2012-10-10 03:00:00,7.4,321,-9.97472,-68.81,4.656970893768801,-5.750880114781583
2012-10-10 04:00:00,7.7,323,-9.97472,-68.81,4.6339756782707715,-6.149493427364155
2012-10-10 05:00:00,7.7,323,-9.97472,-68.81,4.6339756782707715,-6.149493427364155
2012-10-10 06:00:00,7.4,321,-9.97472,-68.81,4.656970893768801,-5.750880114781583
2012-10-10 07:00:00,7.9,309,-9.97472,-68.81,6.13945309551007,-4.971631089293717
2012-10-10 08:00:00,7.4,317,-9.97472,-68.81,5.0467878644624875,-5.4120173919818635
2012-10-10 09:00:00,6.6,319,-9.97472,-68.81,4.329989591337348,-4.981083229470294
2012-10-10 10:00:00,10.2,315,-9.97472,-68.81,7.212489168102786,-7.212489168102782
2012-10-10 11:00:00,10.9,316,-9.97472,-68.81,7.571776238003074,-7.840803823691295
2012-10-10 12:00:00,10.5,319,-9.97472,-68.81,6.888619804400328,-7.924450592339105
2012-10-10 13:00:00,9.2,321,-9.97472,-68.81,5.789747597658508,-7.149742845404129
2012-10-10 14:00:00,8.8,325,-9.97472,-68.81,5.047472639889209,-7.208537989743126
2012-10-10 15:00:00,8.5,332,-9.97472,-68.81,3.990508283680072,-7.505054539300878
2012-10-10 16:00:00,9.1,342,-9.97472,-68.81,2.812054648812023,-8.654614298285896
2012-10-10 17:00:00,8.5,348,-9.97472,-68.81,1.767249371950959,-8.314254606237347
2012-10-10 18:00:00,6.6,13,-9.97472,-68.81,-1.484676958669509,-6.430842427582553
2012-10-10 19:00:00,5.1,315,-9.97472,-68.81,3.606244584051393,-3.606244584051391
2012-10-10 20:00:00,1.3,304,-9.97472,-68.81,1.0777488443215542,-0.7269507745119711
2012-10-10 21:00:00,5.2,344,-9.97472,-68.81,1.4333142502483947,-4.998560818879258
2012-10-10 22:00:00,5.9,14,-9.97472,-68.81,-1.4273391840380396,-5.7247447850283795
2012-10-10 23:00:00,6.9,354,-9.97472,-68.81,0.7212463965468086,-6.862201078041086
2012-10-11 00:00:00,7.0,348,-9.97472,-68.81,1.4553818357243191,-6.847033205136639
2012-10-11 01:00:00,7.2,360,-9.97472,-68.81,1.7634913907721887e-15,-7.2
2012-10-11 02:00:00,3.2,27,-9.97472,-68.81,-1.4527695991665497,-2.8512208774027776
2012-10-11 03:00:00,9.1,162,-9.97472,-68.81,-2.812054648812022,8.654614298285896
2012-10-11 04:00:00,10.0,165,-9.97472,-68.81,-2.58819045102521,9.659258262890681
2012-10-11 05:00:00,7.9,164,-9.97472,-68.81,-2.177535110954294,7.59396739791272
2012-10-11 06:00:00,8.5,152,-9.97472,-68.81,-3.9905082836800707,7.505054539300879
2012-10-11 07:00:00,11.0,139,-9.97472,-68.81,-7.2166493188955805,8.301805382450492
2012-10-11 08:00:00,10.9,134,-9.97472,-68.81,-7.840803823691297,7.571776238003071
2012-10-11 09:00:00,9.1,146,-9.97472,-68.81,-5.0886554215837965,7.544241910250879
2012-10-11 10:00:00,11.2,135,-9.97472,-68.81,-7.919595949289333,7.919595949289331
2012-10-11 11:00:00,11.3,143,-9.97472,-68.81,-6.8005097616181445,9.024581263534412
2012-10-11 12:00:00,10.5,149,-9.97472,-68.81,-5.407899786555571,9.000256657372178
2012-10-11 13:00:00,13.7,153,-9.97472,-68.81,-6.219669846431792,12.206789381380638
2012-10-11 14:00:00,17.8,159,-9.97472,-68.81,-6.3789495019063445,16.61773159165019
2012-10-11 15:00:00,22.4,152,-9.97472,-68.81,-10.516163006403952,19.778026080039965
2012-10-11 16:00:00,16.2,148,-9.97472,-68.81,-8.58469208057792,13.7383791577341
2012-10-11 17:00:00,14.3,146,-9.97472,-68.81,-7.996458519631681,11.855237287537095
2012-10-11 18:00:00,13.0,146,-9.97472,-68.81,-7.26950774511971,10.77748844321554
2012-10-11 19:00:00,12.3,140,-9.97472,-68.81,-7.906287599144436,9.422346650363428
2012-10-11 20:00:00,11.8,149,-9.97472,-68.81,-6.077449283938642,10.114574148284925
2012-10-11 21:00:00,10.6,156,-9.97472,-68.81,-4.311408416603484,9.683581851011567
2012-10-11 22:00:00,10.4,160,-9.97472,-68.81,-3.5570094905869563,9.772803256173447
2012-10-11 23:00:00,11.0,161,-9.97472,-68.81,-3.5812496990287226,10.400704331592486
2012-10-12 00:00:00,11.1,155,-9.97472,-68.81,-4.691062705321764,10.060016436106814
2012-10-12 01:00:00,10.1,153,-9.97472,-68.81,-4.585304047369423,8.999165894302514
2012-10-12 02:00:00,9.4,157,-9.97472,-68.81,-3.6728726077991736,8.65274562245294
2012-10-12 03:00:00,9.0,164,-9.97472,-68.81,-2.480736202352993,8.65135526344487
2012-10-12 04:00:00,8.9,166,-9.97472,-68.81,-2.153104870837043,8.635631963856369
2012-10-12 05:00:00,9.0,164,-9.97472,-68.81,-2.480736202352993,8.65135526344487
2012-10-12 06:00:00,9.8,156,-9.97472,-68.81,-3.9860191021428446,8.952745484897488
2012-10-12 07:00:00,9.6,146,-9.97472,-68.81,-5.36825187331917,7.958760696528399
2012-10-12 08:00:00,8.4,155,-9.97472,-68.81,-3.549993398621876,7.61298541110786
2012-10-12 09:00:00,8.7,142,-9.97472,-68.81,-5.356254835333227,6.85569355637848
2012-10-12 10:00:00,9.7,138,-9.97472,-68.81,-6.490566881680926,7.208504807130722
2012-10-12 11:00:00,9.2,138,-9.97472,-68.81,-6.156001578501496,6.836932394392025
2012-10-12 12:00:00,8.9,137,-9.97472,-68.81,-6.069785404556238,6.509047944410617
2012-10-12 13:00:00,11.5,129,-9.97472,-68.81,-8.937178556755166,7.2371844970731285
2012-10-12 14:00:00,10.2,132,-9.97472,-68.81,-7.580077219869421,6.825132184860354
2012-10-12 15:00:00,8.4,133,-9.97472,-68.81,-6.143371093601033,5.7287862245249865
2012-10-12 16:00:00,6.8,122,-9.97472,-68.81,-5.766727053863697,3.6034509967857926
2012-10-12 17:00:00,6.3,121,-9.97472,-68.81,-5.400153994423308,3.2447398719333416
2012-10-12 18:00:00,5.4,127,-9.97472,-68.81,-4.312631754255381,3.2498011250210617
2012-10-12 19:00:00,4.8,153,-9.97472,-68.81,-2.1791543987498248,4.276831316104166
2012-10-12 20:00:00,3.8,163,-9.97472,-68.81,-1.111012477946399,3.633958072659535
2012-10-12 21:00:00,2.9,240,-9.97472,-68.81,2.5114736709748713,1.4500000000000013
2012-10-12 22:00:00,1.8,281,-9.97472,-68.81,1.766928930205795,-0.3434561916777812
2012-10-12 23:00:00,2.2,279,-9.97472,-68.81,2.1729143493093033,-0.3441558230885075
2012-10-13 00:00:00,3.2,243,-9.97472,-68.81,2.851220877402777,1.4527695991665501
2012-10-13 01:00:00,3.9,202,-9.97472,-68.81,1.460965714322057,3.616017032810471
2012-10-13 02:00:00,5.1,176,-9.97472,-68.81,-0.35575801609504015,5.087576656325103
2012-10-13 03:00:00,5.2,168,-9.97472,-68.81,-1.0811407922523484,5.08636752381579
2012-10-13 04:00:00,4.8,167,-9.97472,-68.81,-1.079765060850553,4.6769763109691285
2012-10-13 05:00:00,4.7,171,-9.97472,-68.81,-0.7352419856890856,4.6421352007971475
2012-10-13 06:00:00,6.1,177,-9.97472,-68.81,-0.3192493330819572,6.0916401620029
2012-10-13 07:00:00,7.6,177,-9.97472,-68.81,-0.3977532674463729,7.589584464134761
2012-10-13 08:00:00,8.3,175,-9.97472,-68.81,-0.7233926648055631,8.268415994161488
2012-10-13 09:00:00,7.1,165,-9.97472,-68.81,-1.837615220227899,6.858073366652384
2012-10-13 10:00:00,8.6,158,-9.97472,-68.81,-3.2216167033768452,7.97378114927437
2012-10-13 11:00:00,11.3,149,-9.97472,-68.81,-5.819930246483615,9.685990497933869
2012-10-13 12:00:00,11.8,140,-9.97472,-68.81,-7.584893794301166,9.03932442880394
2012-10-13 13:00:00,10.5,131,-9.97472,-68.81,-7.924450592339108,6.888619804400325
2012-10-13 14:00:00,9.4,122,-9.97472,-68.81,-7.971652103870405,4.981241083792125
2012-10-13 15:00:00,8.1,122,-9.97472,-68.81,-6.869189578867051,4.292346040288959
2012-10-13 16:00:00,7.4,119,-9.97472,-68.81,-6.47218583283153,3.587591189822894
2012-10-13 17:00:00,6.9,129,-9.97472,-68.81,-5.3623071340531006,4.342310698243877
2012-10-13 18:00:00,5.5,113,-9.97472,-68.81,-5.062776693988422,2.149021206691006
2012-10-13 19:00:00,10.2,108,-9.97472,-68.81,-9.700776466210566,3.1519733426244625
2012-10-13 20:00:00,10.1,96,-9.97472,-68.81,-10.04467114321956,1.055737479003301
2012-10-13 21:00:00,8.6,88,-9.97472,-68.81,-8.594761112364223,-0.3001356716415093
2012-10-13 22:00:00,7.2,63,-9.97472,-68.81,-6.415246974156248,-3.268731598124737
2012-10-13 23:00:00,5.9,52,-9.97472,-68.81,-4.64926344627966,-3.6324027044213842
2012-10-14 00:00:00,4.3,48,-9.97472,-68.81,-3.195522749552795,-2.8772616073430903
2012-10-14 01:00:00,4.1,45,-9.97472,-68.81,-2.8991378028648445,-2.899137802864845
2012-10-14 02:00:00,4.1,45,-9.97472,-68.81,-2.8991378028648445,-2.899137802864845
2012-10-14 03:00:00,3.8,41,-9.97472,-68.81,-2.4930243101639276,-2.8678964048465336
2012-10-14 04:00:00,4.4,35,-9.97472,-68.81,-2.523736319944603,-3.604268994871564
2012-10-14 05:00:00,4.0,10,-9.97472,-68.81,-0.6945927106677213,-3.939231012048832
2012-10-14 06:00:00,3.1,324,-9.97472,-68.81,1.8221342821066675,-2.507952682562337
2012-10-14 07:00:00,4.6,288,-9.97472,-68.81,4.374859974957706,-1.421478174124757
2012-10-14 08:00:00,5.9,284,-9.97472,-68.81,5.72474478502838,-1.427339184038038
2012-10-14 09:00:00,3.8,287,-9.97472,-68.81,3.6339580726595346,-1.1110124779463995
2012-10-14 10:00:00,4.2,301,-9.97472,-68.81,3.600102662948872,-2.1631599146222276
2012-10-14 11:00:00,3.6,315,-9.97472,-68.81,2.545584412271572,-2.5455844122715705
2012-10-14 12:00:00,1.4,360,-9.97472,-68.81,3.429011037612589e-16,-1.4
2012-10-14 13:00:00,1.8,101,-9.97472,-68.81,-1.7669289302057951,0.34345619167778063
2012-10-14 14:00:00,3.5,114,-9.97472,-68.81,-3.197409101749103,1.423578250765301
2012-10-14 15:00:00,4.2,110,-9.97472,-68.81,-3.9467090073008158,1.4364846019678086
2012-10-14 16:00:00,4.2,110,-9.97472,-68.81,-3.9467090073008158,1.4364846019678086
2012-10-14 17:00:00,4.0,100,-9.97472,-68.81,-3.939231012048832,0.6945927106677212
2012-10-14 18:00:00,3.3,49,-9.97472,-68.81,-2.4905416147351476,-2.1649947956686737
2012-10-14 19:00:00,2.0,45,-9.97472,-68.81,-1.414213562373095,-1.4142135623730951
2012-10-14 20:00:00,7.4,23,-9.97472,-68.81,-2.891410350820626,-6.811735915548059
2012-10-14 21:00:00,8.1,21,-9.97472,-68.81,-2.902780391316932,-7.5620014546273335
2012-10-14 22:00:00,8.2,29,-9.97472,-68.81,-3.9754388860199636,-7.171881598543044
2012-10-14 23:00:00,7.9,30,-9.97472,-68.81,-3.9499999999999997,-6.841600689897066
2012-10-15 00:00:00,8.0,27,-9.97472,-68.81,-3.631923997916374,-7.128052193506943
2012-10-15 01:00:00,7.1,24,-9.97472,-68.81,-2.8878301658381815,-6.486172749262466
2012-10-15 02:00:00,5.1,8,-9.97472,-68.81,-0.7097828148963337,-5.050367150582009
2012-10-15 03:00:00,3.3,319,-9.97472,-68.81,2.164994795668674,-2.490541614735147
2012-10-15 04:00:00,5.4,290,-9.97472,-68.81,5.074340152243905,-1.8469087739586127
2012-10-15 05:00:00,6.4,317,-9.97472,-68.81,4.364789504399989,-4.680663690362692
2012-10-15 06:00:00,7.3,340,-9.97472,-68.81,2.4967470462773806,-6.859756131737131
2012-10-15 07:00:00,7.5,343,-9.97472,-68.81,2.1927877854205287,-7.172285669722765
2012-10-15 08:00:00,7.7,349,-9.97472,-68.81,1.469229264399394,-7.558529312547013
2012-10-15 09:00:00,6.9,351,-9.97472,-68.81,1.0793978087775948,-6.81504955010645
2012-10-15 10:00:00,6.4,344,-9.97472,-68.81,1.7640790772287933,-6.1520748540052415
2012-10-15 11:00:00,6.5,341,-9.97472,-68.81,2.1161930039715187,-6.1458707413955596
2012-10-15 12:00:00,6.3,347,-9.97472,-68.81,1.4171916423663515,-6.1385314081469815
2012-10-15 13:00:00,6.5,354,-9.97472,-68.81,0.6794350112397471,-6.4643923198937765
2012-10-15 14:00:00,5.4,356,-9.97472,-68.81,0.37668495821827847,-5.386845871403051
2012-10-15 15:00:00,3.9,338,-9.97472,-68.81,1.460965714322058,-3.6160170328104706
2012-10-15 16:00:00,2.3,342,-9.97472,-68.81,0.7107390870623794,-2.1874299874788528
2012-10-15 17:00:00,3.0,14,-9.97472,-68.81,-0.7257656867990032,-2.9108871788279895
2012-10-15 18:00:00,6.0,33,-9.97472,-68.81,-3.2678342100901627,-5.032023407672544
2012-10-15 19:00:00,6.0,17,-9.97472,-68.81,-1.7542302283364206,-5.737828535778212
2012-10-15 20:00:00,6.4,27,-9.97472,-68.81,-2.9055391983330994,-5.702441754805555
2012-10-15 21:00:00,9.8,6,-9.97472,-68.81,-1.0243789400230041,-9.746314574609078
2012-10-15 22:00:00,7.6,8,-9.97472,-68.81,-1.0577155672964973,-7.5260373224359345
2012-10-15 23:00:00,7.4,14,-9.97472,-68.81,-1.7902220274375413,-7.180188374442374
2012-10-16 00:00:00,6.8,357,-9.97472,-68.81,0.3558845024520217,-6.790680836331102
2012-10-16 01:00:00,7.1,345,-9.97472,-68.81,1.8376152202278968,-6.858073366652385
2012-10-16 02:00:00,5.9,346,-9.97472,-68.81,1.4273391840380405,-5.7247447850283795
2012-10-16 03:00:00,6.0,343,-9.97472,-68.81,1.7542302283364228,-5.7378285357782115
2012-10-16 04:00:00,6.5,341,-9.97472,-68.81,2.1161930039715187,-6.1458707413955596
2012-10-16 05:00:00,6.6,338,-9.97472,-68.81,2.4724035165450213,-6.119413440140796
2012-10-16 06:00:00,6.6,331,-9.97472,-68.81,3.199743493625823,-5.772490067120012
2012-10-16 07:00:00,7.6,329,-9.97472,-68.81,3.914289369316414,-6.514471485336052
2012-10-16 08:00:00,7.1,330,-9.97472,-68.81,3.550000000000003,-6.148780366869512
2012-10-16 09:00:00,6.6,331,-9.97472,-68.81,3.199743493625823,-5.772490067120012
2012-10-16 10:00:00,8.4,335,-9.97472,-68.81,3.5499933986218735,-7.612985411107861
2012-10-16 11:00:00,9.8,336,-9.97472,-68.81,3.986019102142842,-8.95274548489749
2012-10-16 12:00:00,8.7,336,-9.97472,-68.81,3.538608794759461,-7.947845481490628
2012-10-16 13:00:00,8.0,333,-9.97472,-68.81,3.6319239979163758,-7.128052193506942
2012-10-16 14:00:00,7.4,331,-9.97472,-68.81,3.587591189822893,-6.47218583283153
2012-10-16 15:00:00,7.1,330,-9.97472,-68.81,3.550000000000003,-6.148780366869512
2012-10-16 16:00:00,6.6,315,-9.97472,-68.81,4.666904755831214,-4.6669047558312124
2012-10-16 17:00:00,5.6,320,-9.97472,-68.81,3.5996106142446216,-4.289848881466275
2012-10-16 18:00:00,5.9,11,-9.97472,-68.81,-1.1257730727216144,-5.791600382341218
2012-10-16 19:00:00,5.9,14,-9.97472,-68.81,-1.4273391840380396,-5.7247447850283795
2012-10-16 20:00:00,8.8,341,-9.97472,-68.81,2.8649997592229792,-8.320563465273988
2012-10-16 21:00:00,7.0,339,-9.97472,-68.81,2.508575646817105,-6.535062985480411
2012-10-16 22:00:00,7.2,360,-9.97472,-68.81,1.7634913907721887e-15,-7.2
2012-10-16 23:00:00,8.5,12,-9.97472,-68.81,-1.7672493719509543,-8.314254606237348
2012-10-17 00:00:00,7.3,11,-9.97472,-68.81,-1.392905666248777,-7.165878439167947
2012-10-17 01:00:00,6.2,10,-9.97472,-68.81,-1.0766187015349682,-6.10580806867569
2012-10-17 02:00:00,6.1,3,-9.97472,-68.81,-0.31924933308195735,-6.0916401620029
2012-10-17 03:00:00,6.1,3,-9.97472,-68.81,-0.31924933308195735,-6.0916401620029
2012-10-17 04:00:00,5.8,360,-9.97472,-68.81,1.4205902870109297e-15,-5.8
2012-10-17 05:00:00,5.6,15,-9.97472,-68.81,-1.4493866525741161,-5.4091846272187825
2012-10-17 06:00:00,6.3,24,-9.97472,-68.81,-2.5624408513775414,-5.755336383148386
2012-10-17 07:00:00,7.4,14,-9.97472,-68.81,-1.7902220274375413,-7.180188374442374
2012-10-17 08:00:00,6.6,351,-9.97472,-68.81,1.0324674692655254,-6.5187430479279085
2012-10-17 09:00:00,5.8,338,-9.97472,-68.81,2.1727182418122917,-5.377666356487366
2012-10-17 10:00:00,7.3,340,-9.97472,-68.81,2.4967470462773806,-6.859756131737131
2012-10-17 11:00:00,8.3,342,-9.97472,-68.81,2.5648410533120654,-7.893769085249775
2012-10-17 12:00:00,9.6,340,-9.97472,-68.81,3.2833933759264187,-9.02104915954472
2012-10-17 13:00:00,9.2,329,-9.97472,-68.81,4.738350289172501,-7.885939166459431
2012-10-17 14:00:00,8.7,336,-9.97472,-68.81,3.538608794759461,-7.947845481490628
2012-10-17 15:00:00,7.9,357,-9.97472,-68.81,0.4134540543192605,-7.889173324561134
2012-10-17 16:00:00,5.4,8,-9.97472,-68.81,-0.7515347451843534,-5.34744757120448
2012-10-17 17:00:00,2.3,321,-9.97472,-68.81,1.447436899414627,-1.7874357113510322
2012-10-17 18:00:00,2.3,288,-9.97472,-68.81,2.187429987478853,-0.7107390870623785
2012-10-17 19:00:00,6.0,303,-9.97472,-68.81,5.032023407672545,-3.26783421009016
2012-10-17 20:00:00,7.7,281,-9.97472,-68.81,7.558529312547012,-1.4692292643993974
2012-10-17 21:00:00,8.9,284,-9.97472,-68.81,8.63563196385637,-2.1531048708370406
2012-10-17 22:00:00,7.4,293,-9.97472,-68.81,6.81173591554806,-2.891410350820624
2012-10-17 23:00:00,8.3,288,-9.97472,-68.81,7.893769085249776,-2.5648410533120622
2012-10-18 00:00:00,8.0,265,-9.97472,-68.81,7.969557584733964,0.697245941981266
2012-10-18 01:00:00,5.4,262,-9.97472,-68.81,5.34744757120448,0.7515347451843555
2012-10-18 02:00:00,2.3,129,-9.97472,-68.81,-1.7874357113510333,1.4474368994146256
2012-10-18 03:00:00,6.3,114,-9.97472,-68.81,-5.755336383148386,2.5624408513775414
2012-10-18 04:00:00,5.6,117,-9.97472,-68.81,-4.98963653545486,2.542346798541461
2012-10-18 05:00:00,4.0,85,-9.97472,-68.81,-3.984778792366982,-0.34862297099063255
2012-10-18 06:00:00,5.1,94,-9.97472,-68.81,-5.087576656325103,0.35575801609503915
2012-10-18 07:00:00,5.9,38,-9.97472,-68.81,-3.6324027044213842,-4.64926344627966
2012-10-18 08:00:00,5.8,30,-9.97472,-68.81,-2.8999999999999995,-5.022947341949744
2012-10-18 09:00:00,6.8,18,-9.97472,-68.81,-2.1013155617496424,-6.467184310807044
2012-10-18 10:00:00,4.2,31,-9.97472,-68.81,-2.1631599146222276,-3.600102662948872
2012-10-18 11:00:00,1.1,342,-9.97472,-68.81,0.3399186938124424,-1.0461621679246689
2012-10-18 12:00:00,2.7,293,-9.97472,-68.81,2.4853631043215896,-1.0549740469210385
2012-10-18 13:00:00,4.7,279,-9.97472,-68.81,4.6421352007971475,-0.7352419856890842
2012-10-18 14:00:00,5.8,270,-9.97472,-68.81,5.8,1.0654427152581972e-15
2012-10-18 15:00:00,5.8,274,-9.97472,-68.81,5.785871491506981,-0.40458754771592625
2012-10-18 16:00:00,5.7,288,-9.97472,-68.81,5.421022142882376,-1.7613968679371992
2012-10-18 17:00:00,4.7,293,-9.97472,-68.81,4.32637281122647,-1.8364363038995855
2012-10-18 18:00:00,1.8,259,-9.97472,-68.81,1.7669289302057951,0.3434561916777803
2012-10-18 19:00:00,1.8,79,-9.97472,-68.81,-1.7669289302057951,-0.34345619167778085
2012-10-18 20:00:00,1.8,90,-9.97472,-68.81,-1.8,-1.1021821192326179e-16
2012-10-18 21:00:00,2.9,60,-9.97472,-68.81,-2.5114736709748717,-1.4500000000000002
2012-10-18 22:00:00,4.4,35,-9.97472,-68.81,-2.523736319944603,-3.604268994871564
2012-10-18 23:00:00,4.1,45,-9.97472,-68.81,-2.8991378028648445,-2.899137802864845
2012-10-19 00:00:00,2.8,50,-9.97472,-68.81,-2.1449244407331385,-1.7998053071223101
2012-10-19 01:00:00,2.5,8,-9.97472,-68.81,-0.3479327524001636,-2.475670171853926
2012-10-19 02:00:00,4.5,346,-9.97472,-68.81,1.0886485301985054,-4.366330768241984
2012-10-19 03:00:00,4.3,336,-9.97472,-68.81,1.7489675652259407,-3.928245467863184
2012-10-19 04:00:00,4.0,350,-9.97472,-68.81,0.6945927106677215,-3.939231012048832
2012-10-19 05:00:00,4.0,355,-9.97472,-68.81,0.3486229709906333,-3.984778792366982
2012-10-19 06:00:00,3.2,333,-9.97472,-68.81,1.4527695991665504,-2.851220877402777
2012-10-19 07:00:00,4.9,324,-9.97472,-68.81,2.88014773623312,-3.9641832724372423
2012-10-19 08:00:00,6.9,321,-9.97472,-68.81,4.342310698243882,-5.362307134053097
2012-10-19 09:00:00,7.1,319,-9.97472,-68.81,4.658019105832603,-5.35843801958168
2012-10-19 10:00:00,6.9,321,-9.97472,-68.81,4.342310698243882,-5.362307134053097
2012-10-19 11:00:00,7.0,325,-9.97472,-68.81,4.015035054457325,-5.734064310022941
2012-10-19 12:00:00,6.8,328,-9.97472,-68.81,3.603450996785794,-5.766727053863696
2012-10-19 13:00:00,7.1,336,-9.97472,-68.81,2.887830165838181,-6.486172749262467
2012-10-19 14:00:00,6.0,343,-9.97472,-68.81,1.7542302283364228,-5.7378285357782115
2012-10-19 15:00:00,6.1,357,-9.97472,-68.81,0.31924933308196063,-6.0916401620029
2012-10-19 16:00:00,5.1,8,-9.97472,-68.81,-0.7097828148963337,-5.050367150582009
2012-10-19 17:00:00,2.9,30,-9.97472,-68.81,-1.4499999999999997,-2.511473670974872
2012-10-19 18:00:00,4.8,63,-9.97472,-68.81,-4.276831316104166,-2.1791543987498248
2012-10-19 19:00:00,4.8,13,-9.97472,-68.81,-1.079765060850552,-4.676976310969129
2012-10-19 20:00:00,5.0,339,-9.97472,-68.81,1.7918397477265038,-4.667902132486008
2012-10-19 21:00:00,3.3,347,-9.97472,-68.81,0.7423384793347556,-3.215421213791276
2012-10-19 22:00:00,5.1,356,-9.97472,-68.81,0.3557580160950407,-5.087576656325103
2012-10-19 23:00:00,7.3,351,-9.97472,-68.81,1.141971594793687,-7.210124886344505
2012-10-20 00:00:00,6.1,360,-9.97472,-68.81,1.4940690949597709e-15,-6.1
2012-10-20 01:00:00,5.4,4,-9.97472,-68.81,-0.37668495821827663,-5.386845871403051
2012-10-20 02:00:00,7.1,345,-9.97472,-68.81,1.8376152202278968,-6.858073366652385
2012-10-20 03:00:00,8.1,339,-9.97472,-68.81,2.902780391316936,-7.562001454627332
2012-10-20 04:00:00,7.9,336,-9.97472,-68.81,3.213219480298821,-7.217009115376548
2012-10-20 05:00:00,7.1,336,-9.97472,-68.81,2.887830165838181,-6.486172749262467
2012-10-20 06:00:00,6.5,326,-9.97472,-68.81,3.6347538725598527,-5.388744221607772
2012-10-20 07:00:00,7.1,311,-9.97472,-68.81,5.3584380195816825,-4.6580191058326
2012-10-20 08:00:00,6.7,324,-9.97472,-68.81,3.9381611903595717,-5.420413862312147
2012-10-20 09:00:00,10.2,321,-9.97472,-68.81,6.4190679887083455,-7.9268888068611
2012-10-20 10:00:00,9.2,321,-9.97472,-68.81,5.789747597658508,-7.149742845404129
2012-10-20 11:00:00,8.4,329,-9.97472,-68.81,4.326319829244458,-7.200205325897742
2012-10-20 12:00:00,7.6,335,-9.97472,-68.81,3.211898789229314,-6.88793918147854
2012-10-20 13:00:00,6.6,338,-9.97472,-68.81,2.4724035165450213,-6.119413440140796
2012-10-20 14:00:00,6.4,333,-9.97472,-68.81,2.9055391983331007,-5.702441754805554
2012-10-20 15:00:00,5.0,330,-9.97472,-68.81,2.500000000000002,-4.330127018922192
2012-10-20 16:00:00,6.3,336,-9.97472,-68.81,2.562440851377541,-5.755336383148386
2012-10-20 17:00:00,7.9,330,-9.97472,-68.81,3.9500000000000037,-6.841600689897064
2012-10-20 18:00:00,9.0,337,-9.97472,-68.81,3.516580156403465,-8.284543681071963
2012-10-20 19:00:00,4.7,356,-9.97472,-68.81,0.3278554265973905,-4.688551036221174
2012-10-20 20:00:00,6.2,10,-9.97472,-68.81,-1.0766187015349682,-6.10580806867569
2012-10-20 21:00:00,7.9,357,-9.97472,-68.81,0.4134540543192605,-7.889173324561134
2012-10-20 22:00:00,9.1,351,-9.97472,-68.81,1.423553631866103,-8.987963899415753
2012-10-20 23:00:00,8.9,346,-9.97472,-68.81,2.153104870837044,-8.635631963856369
2012-10-21 00:00:00,9.0,344,-9.97472,-68.81,2.4807362023529906,-8.65135526344487
2012-10-21 01:00:00,8.9,339,-9.97472,-68.81,3.189474750953177,-8.308865795825094
2012-10-21 02:00:00,7.6,329,-9.97472,-68.81,3.914289369316414,-6.514471485336052
2012-10-21 03:00:00,6.9,321,-9.97472,-68.81,4.342310698243882,-5.362307134053097
2012-10-21 04:00:00,7.1,311,-9.97472,-68.81,5.3584380195816825,-4.6580191058326
2012-10-21 05:00:00,7.7,307,-9.97472,-68.81,6.149493427364157,-4.633975678270769
2012-10-21 06:00:00,7.7,307,-9.97472,-68.81,6.149493427364157,-4.633975678270769
2012-10-21 07:00:00,8.0,306,-9.97472,-68.81,6.4721359549995805,-4.702282018339783
2012-10-21 08:00:00,10.4,314,-9.97472,-68.81,7.4811339235219725,-7.224447052773572
2012-10-21 09:00:00,11.5,314,-9.97472,-68.81,8.272407703894489,-7.988571260278468
2012-10-21 10:00:00,11.7,315,-9.97472,-68.81,8.273149339882607,-8.273149339882604
2012-10-21 11:00:00,9.9,314,-9.97472,-68.81,7.121464023352647,-6.877117867544073
2012-10-21 12:00:00,9.7,315,-9.97472,-68.81,6.858935777509512,-6.858935777509509
2012-10-21 13:00:00,9.7,318,-9.97472,-68.81,6.490566881680923,-7.208504807130724
2012-10-21 14:00:00,9.4,320,-9.97472,-68.81,6.042203531053472,-7.200817765318392
2012-10-21 15:00:00,9.3,324,-9.97472,-68.81,5.466402846320003,-7.5238580476870105
2012-10-21 16:00:00,9.3,332,-9.97472,-68.81,4.366085533908785,-8.21141261358802
2012-10-21 17:00:00,7.2,360,-9.97472,-68.81,1.7634913907721887e-15,-7.2
2012-10-21 18:00:00,6.6,22,-9.97472,-68.81,-2.472403516545019,-6.1194134401407965
2012-10-21 19:00:00,4.2,31,-9.97472,-68.81,-2.1631599146222276,-3.600102662948872
2012-10-21 20:00:00,5.6,27,-9.97472,-68.81,-2.5423467985414616,-4.98963653545486
2012-10-21 21:00:00,6.3,13,-9.97472,-68.81,-1.4171916423663495,-6.1385314081469815
2012-10-21 22:00:00,7.3,9,-9.97472,-68.81,-1.1419715947936853,-7.210124886344506
2012-10-21 23:00:00,8.2,15,-9.97472,-68.81,-2.12231616984067,-7.92059177557036
2012-10-22 00:00:00,8.3,5,-9.97472,-68.81,-0.7233926648055629,-8.268415994161488
2012-10-22 01:00:00,8.6,358,-9.97472,-68.81,0.30013567164150706,-8.594761112364223
2012-10-22 02:00:00,8.7,353,-9.97472,-68.81,1.0602632876247808,-8.635151519279502
2012-10-22 03:00:00,8.4,340,-9.97472,-68.81,2.8729692039356163,-7.8934180146016315
2012-10-22 04:00:00,7.9,330,-9.97472,-68.81,3.9500000000000037,-6.841600689897064
2012-10-22 05:00:00,8.0,324,-9.97472,-68.81,4.702282018339787,-6.472135954999579
2012-10-22 06:00:00,8.0,324,-9.97472,-68.81,4.702282018339787,-6.472135954999579
2012-10-22 07:00:00,8.5,332,-9.97472,-68.81,3.990508283680072,-7.505054539300878
2012-10-22 08:00:00,8.1,339,-9.97472,-68.81,2.902780391316936,-7.562001454627332
2012-10-22 09:00:00,8.0,333,-9.97472,-68.81,3.6319239979163758,-7.128052193506942
2012-10-22 10:00:00,9.7,333,-9.97472,-68.81,4.403707847473605,-8.642763284627167
2012-10-22 11:00:00,11.1,335,-9.97472,-68.81,4.6910627053217615,-10.060016436106816
2012-10-22 12:00:00,11.3,329,-9.97472,-68.81,5.819930246483616,-9.685990497933867
2012-10-22 13:00:00,10.3,331,-9.97472,-68.81,4.99353908853727,-9.008582983535778
2012-10-22 14:00:00,10.3,335,-9.97472,-68.81,4.352968095929202,-9.334970206477497
2012-10-22 15:00:00,9.8,336,-9.97472,-68.81,3.986019102142842,-8.95274548489749
2012-10-22 16:00:00,9.4,337,-9.97472,-68.81,3.6728726077991745,-8.652745622452938
2012-10-22 17:00:00,8.1,339,-9.97472,-68.81,2.902780391316936,-7.562001454627332
2012-10-22 18:00:00,3.1,324,-9.97472,-68.81,1.8221342821066675,-2.507952682562337
2012-10-22 19:00:00,4.6,342,-9.97472,-68.81,1.4214781741247589,-4.3748599749577055
2012-10-22 20:00:00,7.3,9,-9.97472,-68.81,-1.1419715947936853,-7.210124886344506
2012-10-22 21:00:00,7.0,21,-9.97472,-68.81,-2.5085756468171017,-6.535062985480412
2012-10-22 22:00:00,7.3,20,-9.97472,-68.81,-2.4967470462773815,-6.859756131737131
2012-10-22 23:00:00,7.3,9,-9.97472,-68.81,-1.1419715947936853,-7.210124886344506
2012-10-23 00:00:00,6.9,354,-9.97472,-68.81,0.7212463965468086,-6.862201078041086
2012-10-23 01:00:00,6.8,342,-9.97472,-68.81,2.1013155617496437,-6.467184310807044
2012-10-23 02:00:00,8.1,339,-9.97472,-68.81,2.902780391316936,-7.562001454627332
2012-10-23 03:00:00,8.1,339,-9.97472,-68.81,2.902780391316936,-7.562001454627332
2012-10-23 04:00:00,8.3,342,-9.97472,-68.81,2.5648410533120654,-7.893769085249775
2012-10-23 05:00:00,8.2,345,-9.97472,-68.81,2.1223161698406696,-7.92059177557036
2012-10-23 06:00:00,8.0,342,-9.97472,-68.81,2.472135954999581,-7.608452130361228
2012-10-23 07:00:00,8.6,338,-9.97472,-68.81,3.221616703376846,-7.97378114927437
2012-10-23 08:00:00,8.1,339,-9.97472,-68.81,2.902780391316936,-7.562001454627332
2012-10-23 09:00:00,7.6,335,-9.97472,-68.81,3.211898789229314,-6.88793918147854
2012-10-23 10:00:00,8.2,331,-9.97472,-68.81,3.9754388860199623,-7.171881598543045
2012-10-23 11:00:00,10.2,328,-9.97472,-68.81,5.405176495178691,-8.650090580795544
2012-10-23 12:00:00,9.2,334,-9.97472,-68.81,4.033014550459515,-8.268905225952334
2012-10-23 13:00:00,8.7,343,-9.97472,-68.81,2.543633831087813,-8.319851376878407
2012-10-23 14:00:00,8.0,352,-9.97472,-68.81,1.113384807680527,-7.922144549932562
2012-10-23 15:00:00,7.6,355,-9.97472,-68.81,0.6623836448822031,-7.571079705497266
2012-10-23 16:00:00,6.8,360,-9.97472,-68.81,1.6655196468404002e-15,-6.8
2012-10-23 17:00:00,5.8,22,-9.97472,-68.81,-2.1727182418122895,-5.377666356487367
2012-10-23 18:00:00,5.9,43,-9.97472,-68.81,-4.023790324368742,-4.314986839553106
2012-10-23 19:00:00,1.1,360,-9.97472,-68.81,2.6942229581241775e-16,-1.1
2012-10-23 20:00:00,3.1,225,-9.97472,-68.81,2.192031021678297,2.192031021678298
2012-10-23 21:00:00,3.3,257,-9.97472,-68.81,3.215421213791276,0.7423384793347553
2012-10-23 22:00:00,6.1,298,-9.97472,-68.81,5.385980316439455,-2.8637765329939313
2012-10-23 23:00:00,5.1,274,-9.97472,-68.81,5.087576656325104,-0.3557580160950386
2012-10-24 00:00:00,5.0,240,-9.97472,-68.81,4.330127018922192,2.500000000000002
2012-10-24 01:00:00,5.6,243,-9.97472,-68.81,4.989636535454859,2.5423467985414625
2012-10-24 02:00:00,4.1,232,-9.97472,-68.81,3.2308440897875603,2.524212048835198
2012-10-24 03:00:00,2.3,288,-9.97472,-68.81,2.187429987478853,-0.7107390870623785
2012-10-24 04:00:00,3.2,270,-9.97472,-68.81,3.2,5.878304635907295e-16
2012-10-24 05:00:00,3.1,249,-9.97472,-68.81,2.894099322141325,1.1109406435904323
2012-10-24 06:00:00,4.2,239,-9.97472,-68.81,3.600102662948871,2.163159914622229
2012-10-24 07:00:00,5.4,222,-9.97472,-68.81,3.6133052743378347,4.012982057577929
2012-10-24 08:00:00,4.6,219,-9.97472,-68.81,2.894873798829253,3.5748714227020653
2012-10-24 09:00:00,2.1,211,-9.97472,-68.81,1.0815799573111138,1.800051331474436
2012-10-24 10:00:00,1.4,180,-9.97472,-68.81,-1.7145055188062944e-16,1.4
2012-10-24 11:00:00,1.1,162,-9.97472,-68.81,-0.3399186938124423,1.0461621679246689
2012-10-24 12:00:00,1.1,72,-9.97472,-68.81,-1.0461621679246689,-0.3399186938124422
2012-10-24 13:00:00,1.8,37,-9.97472,-68.81,-1.083267041673687,-1.437543918085127
2012-10-24 14:00:00,2.7,23,-9.97472,-68.81,-1.0549740469210394,-2.485363104321589
2012-10-24 15:00:00,2.6,16,-9.97472,-68.81,-0.7166571251241979,-2.499280409439629
2012-10-24 16:00:00,2.2,351,-9.97472,-68.81,0.3441558230885085,-2.172914349309303
2012-10-24 17:00:00,2.9,240,-9.97472,-68.81,2.5114736709748713,1.4500000000000013
2012-10-24 18:00:00,3.8,253,-9.97472,-68.81,3.633958072659534,1.111012477946401
2012-10-24 19:00:00,3.5,204,-9.97472,-68.81,1.4235782507653008,3.197409101749103
2012-10-24 20:00:00,2.9,173,-9.97472,-68.81,-0.35342109587492787,2.8783838397598336
2012-10-24 21:00:00,2.7,157,-9.97472,-68.81,-1.0549740469210394,2.485363104321589
2012-10-24 22:00:00,3.6,354,-9.97472,-68.81,0.3763024677635523,-3.580278823325784
2012-10-24 23:00:00,7.0,339,-9.97472,-68.81,2.508575646817105,-6.535062985480411
2012-10-25 00:00:00,7.5,325,-9.97472,-68.81,4.3018232726328485,-6.143640332167437
2012-10-25 01:00:00,7.6,295,-9.97472,-68.81,6.887939181478539,-3.2118987892293167
2012-10-25 02:00:00,6.1,273,-9.97472,-68.81,6.0916401620029,-0.3192493330819581
2012-10-25 03:00:00,5.6,255,-9.97472,-68.81,5.4091846272187825,1.4493866525741155
2012-10-25 04:00:00,6.1,230,-9.97472,-68.81,4.672871103025765,3.9210044190878905
2012-10-25 05:00:00,6.4,227,-9.97472,-68.81,4.6806636903626915,4.364789504399991
2012-10-25 06:00:00,6.1,225,-9.97472,-68.81,4.313351365237939,4.31335136523794
2012-10-25 07:00:00,5.2,236,-9.97472,-68.81,4.3109953772862175,2.907803098047882
2012-10-25 08:00:00,5.4,250,-9.97472,-68.81,5.074340152243906,1.8469087739586103
2012-10-25 09:00:00,4.5,256,-9.97472,-68.81,4.366330768241984,1.088648530198505
2012-10-25 10:00:00,5.8,263,-9.97472,-68.81,5.756767679519668,0.7068421917498535
2012-10-25 11:00:00,4.7,279,-9.97472,-68.81,4.6421352007971475,-0.7352419856890842
2012-10-25 12:00:00,5.1,274,-9.97472,-68.81,5.087576656325104,-0.3557580160950386
2012-10-25 13:00:00,4.7,266,-9.97472,-68.81,4.688551036221174,0.32785542659739025
2012-10-25 14:00:00,4.7,247,-9.97472,-68.81,4.326372811226469,1.836436303899587
2012-10-25 15:00:00,4.1,285,-9.97472,-68.81,3.9602958877851804,-1.061158084920333
2012-10-25 16:00:00,2.9,330,-9.97472,-68.81,1.4500000000000013,-2.5114736709748713
2012-10-25 17:00:00,1.6,333,-9.97472,-68.81,0.7263847995832752,-1.4256104387013886
2012-10-25 18:00:00,3.0,14,-9.97472,-68.81,-0.7257656867990032,-2.9108871788279895
2012-10-25 19:00:00,2.9,330,-9.97472,-68.81,1.4500000000000013,-2.5114736709748713
2012-10-25 20:00:00,4.7,351,-9.97472,-68.81,0.7352419856890863,-4.6421352007971475
2012-10-25 21:00:00,4.7,360,-9.97472,-68.81,1.1511679911985121e-15,-4.7
2012-10-25 22:00:00,5.8,353,-9.97472,-68.81,0.7068421917498539,-5.756767679519668
2012-10-25 23:00:00,6.8,342,-9.97472,-68.81,2.1013155617496437,-6.467184310807044
2012-10-26 00:00:00,6.1,332,-9.97472,-68.81,2.8637765329939335,-5.385980316439453
2012-10-26 01:00:00,5.9,322,-9.97472,-68.81,3.6324027044213834,-4.64926344627966
2012-10-26 02:00:00,5.6,315,-9.97472,-68.81,3.9597979746446668,-3.959797974644665
2012-10-26 03:00:00,4.8,318,-9.97472,-68.81,3.211826910522519,-3.5670951622914924
2012-10-26 04:00:00,5.1,315,-9.97472,-68.81,3.606244584051393,-3.606244584051391
2012-10-26 05:00:00,5.1,321,-9.97472,-68.81,3.2095339943541727,-3.96344440343055
2012-10-26 06:00:00,5.0,330,-9.97472,-68.81,2.500000000000002,-4.330127018922192
2012-10-26 07:00:00,5.0,330,-9.97472,-68.81,2.500000000000002,-4.330127018922192
2012-10-26 08:00:00,5.3,332,-9.97472,-68.81,2.4881992827652213,-4.679622242152313
2012-10-26 09:00:00,4.9,324,-9.97472,-68.81,2.88014773623312,-3.9641832724372423
2012-10-26 10:00:00,4.5,331,-9.97472,-68.81,2.181643291108516,-3.9357886821272814
2012-10-26 11:00:00,4.8,333,-9.97472,-68.81,2.179154398749825,-4.276831316104166
2012-10-26 12:00:00,4.7,337,-9.97472,-68.81,1.8364363038995872,-4.326372811226469
2012-10-26 13:00:00,4.6,342,-9.97472,-68.81,1.4214781741247589,-4.3748599749577055
2012-10-26 14:00:00,4.7,337,-9.97472,-68.81,1.8364363038995872,-4.326372811226469
2012-10-26 15:00:00,5.2,344,-9.97472,-68.81,1.4333142502483947,-4.998560818879258
2012-10-26 16:00:00,5.9,346,-9.97472,-68.81,1.4273391840380405,-5.7247447850283795
2012-10-26 17:00:00,7.3,351,-9.97472,-68.81,1.141971594793687,-7.210124886344505
2012-10-26 18:00:00,6.8,360,-9.97472,-68.81,1.6655196468404002e-15,-6.8
2012-10-26 19:00:00,5.0,339,-9.97472,-68.81,1.7918397477265038,-4.667902132486008
2012-10-26 20:00:00,4.7,360,-9.97472,-68.81,1.1511679911985121e-15,-4.7
2012-10-26 21:00:00,4.3,24,-9.97472,-68.81,-1.7489675652259409,-3.9282454678631837
2012-10-26 22:00:00,5.0,30,-9.97472,-68.81,-2.4999999999999996,-4.330127018922194
2012-10-26 23:00:00,5.0,21,-9.97472,-68.81,-1.7918397477265013,-4.667902132486009
2012-10-27 00:00:00,5.1,356,-9.97472,-68.81,0.3557580160950407,-5.087576656325103
2012-10-27 01:00:00,5.4,340,-9.97472,-68.81,1.8469087739586105,-5.074340152243906
2012-10-27 02:00:00,5.5,337,-9.97472,-68.81,2.1490212066910064,-5.062776693988422
2012-10-27 03:00:00,6.6,338,-9.97472,-68.81,2.4724035165450213,-6.119413440140796
2012-10-27 04:00:00,7.0,339,-9.97472,-68.81,2.508575646817105,-6.535062985480411
2012-10-27 05:00:00,7.3,349,-9.97472,-68.81,1.392905666248776,-7.165878439167947
2012-10-27 06:00:00,6.5,360,-9.97472,-68.81,1.592040838891559e-15,-6.5
2012-10-27 07:00:00,6.1,3,-9.97472,-68.81,-0.31924933308195735,-6.0916401620029
2012-10-27 08:00:00,5.8,4,-9.97472,-68.81,-0.40458754771592675,-5.78587149150698
2012-10-27 09:00:00,5.5,349,-9.97472,-68.81,1.0494494745709957,-5.3989495089621515
2012-10-27 10:00:00,5.7,342,-9.97472,-68.81,1.7613968679372014,-5.421022142882375
2012-10-27 11:00:00,5.2,335,-9.97472,-68.81,2.1976149610516362,-4.71280049259058
2012-10-27 12:00:00,4.3,336,-9.97472,-68.81,1.7489675652259407,-3.928245467863184
2012-10-27 13:00:00,3.4,342,-9.97472,-68.81,1.0506577808748219,-3.233592155403522
2012-10-27 14:00:00,3.4,342,-9.97472,-68.81,1.0506577808748219,-3.233592155403522
2012-10-27 15:00:00,3.6,354,-9.97472,-68.81,0.3763024677635523,-3.580278823325784
2012-10-27 16:00:00,4.5,14,-9.97472,-68.81,-1.0886485301985047,-4.366330768241984
2012-10-27 17:00:00,7.9,60,-9.97472,-68.81,-6.841600689897065,-3.950000000000001
2012-10-27 18:00:00,6.6,41,-9.97472,-68.81,-4.329989591337347,-4.981083229470295
2012-10-27 19:00:00,7.4,61,-9.97472,-68.81,-6.472185832831529,-3.587591189822895
2012-10-27 20:00:00,5.4,82,-9.97472,-68.81,-5.34744757120448,-0.7515347451843536
2012-10-27 21:00:00,5.2,106,-9.97472,-68.81,-4.998560818879258,1.433314250248395
2012-10-27 22:00:00,5.4,82,-9.97472,-68.81,-5.34744757120448,-0.7515347451843536
2012-10-27 23:00:00,4.7,67,-9.97472,-68.81,-4.32637281122647,-1.8364363038995866
2012-10-28 00:00:00,2.6,56,-9.97472,-68.81,-2.1554976886431088,-1.4539015490239418
2012-10-28 01:00:00,2.9,60,-9.97472,-68.81,-2.5114736709748717,-1.4500000000000002
2012-10-28 02:00:00,2.6,16,-9.97472,-68.81,-0.7166571251241979,-2.499280409439629
2012-10-28 03:00:00,2.9,330,-9.97472,-68.81,1.4500000000000013,-2.5114736709748713
2012-10-28 04:00:00,3.5,294,-9.97472,-68.81,3.1974091017491038,-1.4235782507652992
2012-10-28 05:00:00,3.2,297,-9.97472,-68.81,2.8512208774027776,-1.4527695991665492
2012-10-28 06:00:00,3.6,307,-9.97472,-68.81,2.875087836170255,-2.1665340833473725
2012-10-28 07:00:00,3.1,315,-9.97472,-68.81,2.192031021678298,-2.192031021678297
2012-10-28 08:00:00,2.1,329,-9.97472,-68.81,1.0815799573111144,-1.8000513314744355
2012-10-28 09:00:00,5.2,344,-9.97472,-68.81,1.4333142502483947,-4.998560818879258
2012-10-28 10:00:00,6.3,347,-9.97472,-68.81,1.4171916423663515,-6.1385314081469815
2012-10-28 11:00:00,5.6,345,-9.97472,-68.81,1.4493866525741157,-5.4091846272187825
2012-10-28 12:00:00,5.8,338,-9.97472,-68.81,2.1727182418122917,-5.377666356487366
2012-10-28 13:00:00,5.5,337,-9.97472,-68.81,2.1490212066910064,-5.062776693988422
2012-10-28 14:00:00,5.2,344,-9.97472,-68.81,1.4333142502483947,-4.998560818879258
2012-10-28 15:00:00,4.8,347,-9.97472,-68.81,1.0797650608505536,-4.6769763109691285
2012-10-28 16:00:00,3.6,354,-9.97472,-68.81,0.3763024677635523,-3.580278823325784
2012-10-28 17:00:00,1.6,153,-9.97472,-68.81,-0.7263847995832751,1.4256104387013886
2012-10-28 18:00:00,2.2,351,-9.97472,-68.81,0.3441558230885085,-2.172914349309303
2012-10-28 19:00:00,3.0,256,-9.97472,-68.81,2.9108871788279895,0.7257656867990033
2012-10-28 20:00:00,2.9,277,-9.97472,-68.81,2.8783838397598336,-0.35342109587492826
2012-10-28 21:00:00,1.6,27,-9.97472,-68.81,-0.7263847995832748,-1.4256104387013888
2012-10-28 22:00:00,4.8,27,-9.97472,-68.81,-2.1791543987498243,-4.276831316104166
2012-10-28 23:00:00,5.5,349,-9.97472,-68.81,1.0494494745709957,-5.3989495089621515
2012-10-29 00:00:00,5.5,328,-9.97472,-68.81,2.9145559532826275,-4.664264528860342
2012-10-29 01:00:00,5.0,300,-9.97472,-68.81,4.330127018922193,-2.5000000000000004
2012-10-29 02:00:00,5.1,274,-9.97472,-68.81,5.087576656325104,-0.3557580160950386
2012-10-29 03:00:00,4.7,270,-9.97472,-68.81,4.7,8.63375993398884e-16
2012-10-29 04:00:00,3.6,270,-9.97472,-68.81,3.6,6.613092715395707e-16
2012-10-29 05:00:00,4.0,265,-9.97472,-68.81,3.984778792366982,0.348622970990633
2012-10-29 06:00:00,3.6,264,-9.97472,-68.81,3.5802788233257843,0.3763024677635521
2012-10-29 07:00:00,5.8,270,-9.97472,-68.81,5.8,1.0654427152581972e-15
2012-10-29 08:00:00,5.1,266,-9.97472,-68.81,5.087576656325103,0.35575801609504043
2012-10-29 09:00:00,4.0,265,-9.97472,-68.81,3.984778792366982,0.348622970990633
2012-10-29 10:00:00,3.3,276,-9.97472,-68.81,3.281922254715302,-0.3449439287832548
2012-10-29 11:00:00,3.7,299,-9.97472,-68.81,3.236092916415764,-1.7937955949114481
2012-10-29 12:00:00,4.6,315,-9.97472,-68.81,3.2526911934581193,-3.2526911934581175
2012-10-29 13:00:00,4.8,318,-9.97472,-68.81,3.211826910522519,-3.5670951622914924
2012-10-29 14:00:00,3.9,326,-9.97472,-68.81,2.1808523235359116,-3.233246532964663
2012-10-29 15:00:00,3.5,336,-9.97472,-68.81,1.4235782507653005,-3.1974091017491033
2012-10-29 16:00:00,2.9,353,-9.97472,-68.81,0.3534210958749269,-2.878383839759834
2012-10-29 17:00:00,1.5,346,-9.97472,-68.81,0.36288284339950183,-1.4554435894139948
2012-10-29 18:00:00,7.6,31,-9.97472,-68.81,-3.9142893693164114,-6.5144714853360535
2012-10-29 19:00:00,8.4,40,-9.97472,-68.81,-5.39941592136693,-6.4347733221994154
2012-10-29 20:00:00,7.5,35,-9.97472,-68.81,-4.301823272632845,-6.143640332167439
2012-10-29 21:00:00,4.6,18,-9.97472,-68.81,-1.421478174124758,-4.3748599749577055
2012-10-29 22:00:00,2.6,326,-9.97472,-68.81,1.453901549023941,-2.1554976886431088
2012-10-29 23:00:00,3.3,319,-9.97472,-68.81,2.164994795668674,-2.490541614735147
2012-10-30 00:00:00,3.2,333,-9.97472,-68.81,1.4527695991665504,-2.851220877402777
2012-10-30 01:00:00,5.2,326,-9.97472,-68.81,2.907803098047882,-4.3109953772862175
2012-10-30 02:00:00,5.6,310,-9.97472,-68.81,4.289848881466277,-3.5996106142446194
2012-10-30 03:00:00,6.3,294,-9.97472,-68.81,5.755336383148387,-2.5624408513775383
2012-10-30 04:00:00,6.9,298,-9.97472,-68.81,6.0923383907265976,-3.239353783222644
2012-10-30 05:00:00,7.1,300,-9.97472,-68.81,6.148780366869514,-3.5500000000000007
2012-10-30 06:00:00,7.2,307,-9.97472,-68.81,5.75017567234051,-4.333068166694745
2012-10-30 07:00:00,6.8,302,-9.97472,-68.81,5.766727053863698,-3.6034509967857917
2012-10-30 08:00:00,6.3,301,-9.97472,-68.81,5.400153994423308,-3.244739871933341
2012-10-30 09:00:00,6.0,295,-9.97472,-68.81,5.437846722219899,-2.5357095704441974
2012-10-30 10:00:00,6.4,297,-9.97472,-68.81,5.702441754805555,-2.9055391983330985
2012-10-30 11:00:00,7.2,307,-9.97472,-68.81,5.75017567234051,-4.333068166694745
2012-10-30 12:00:00,6.9,317,-9.97472,-68.81,4.705788684431238,-5.046340541172278
2012-10-30 13:00:00,7.2,323,-9.97472,-68.81,4.333068166694748,-5.750175672340508
2012-10-30 14:00:00,7.2,323,-9.97472,-68.81,4.333068166694748,-5.750175672340508
2012-10-30 15:00:00,6.6,315,-9.97472,-68.81,4.666904755831214,-4.6669047558312124
2012-10-30 16:00:00,6.4,313,-9.97472,-68.81,4.680663690362691,-4.364789504399991
2012-10-30 17:00:00,3.3,311,-9.97472,-68.81,2.4905416147351485,-2.1649947956686733
2012-10-30 18:00:00,6.6,338,-9.97472,-68.81,2.4724035165450213,-6.119413440140796
2012-10-30 19:00:00,3.3,13,-9.97472,-68.81,-0.7423384793347545,-3.2154212137912763
2012-10-30 20:00:00,5.2,16,-9.97472,-68.81,-1.4333142502483958,-4.998560818879258
2012-10-30 21:00:00,7.3,11,-9.97472,-68.81,-1.392905666248777,-7.165878439167947
2012-10-30 22:00:00,8.3,360,-9.97472,-68.81,2.0329136865846065e-15,-8.3
2012-10-30 23:00:00,8.7,353,-9.97472,-68.81,1.0602632876247808,-8.635151519279502
2012-10-31 00:00:00,9.3,344,-9.97472,-68.81,2.5634274090980904,-8.939733772226367
2012-10-31 01:00:00,9.5,335,-9.97472,-68.81,4.014873486536643,-8.609923976848176
2012-10-31 02:00:00,9.2,329,-9.97472,-68.81,4.738350289172501,-7.885939166459431
2012-10-31 03:00:00,8.8,325,-9.97472,-68.81,5.047472639889209,-7.208537989743126
2012-10-31 04:00:00,8.3,326,-9.97472,-68.81,4.6413010988071965,-6.881011852206848
2012-10-31 05:00:00,8.1,328,-9.97472,-68.81,4.292346040288961,-6.86918957886705
2012-10-31 06:00:00,7.6,329,-9.97472,-68.81,3.914289369316414,-6.514471485336052
2012-10-31 07:00:00,9.4,320,-9.97472,-68.81,6.042203531053472,-7.200817765318392
2012-10-31 08:00:00,8.2,311,-9.97472,-68.81,6.188618557826731,-5.379684037722157
2012-10-31 09:00:00,8.9,302,-9.97472,-68.81,7.5476280557921935,-4.716281451675522
2012-10-31 10:00:00,9.2,301,-9.97472,-68.81,7.8859391664594325,-4.738350289172498
2012-10-31 11:00:00,8.7,300,-9.97472,-68.81,7.534421012924615,-4.3500000000000005
2012-10-31 12:00:00,8.7,300,-9.97472,-68.81,7.534421012924615,-4.3500000000000005
2012-10-31 13:00:00,8.8,305,-9.97472,-68.81,7.208537989743128,-5.047472639889206
2012-10-31 14:00:00,8.6,303,-9.97472,-68.81,7.2125668843306485,-4.683895701129229
2012-10-31 15:00:00,9.5,299,-9.97472,-68.81,8.308887217824259,-4.605691392340204
2012-10-31 16:00:00,10.0,300,-9.97472,-68.81,8.660254037844386,-5.000000000000001
2012-10-31 17:00:00,9.5,307,-9.97472,-68.81,7.587037345449284,-5.717242719944456
2012-10-31 18:00:00,6.2,339,-9.97472,-68.81,2.2218812871808646,-5.78819864428265
2012-10-31 19:00:00,7.5,343,-9.97472,-68.81,2.1927877854205287,-7.172285669722765
2012-10-31 20:00:00,7.6,355,-9.97472,-68.81,0.6623836448822031,-7.571079705497266
2012-10-31 21:00:00,7.6,360,-9.97472,-68.81,1.8614631347039767e-15,-7.6
2012-10-31 22:00:00,7.6,357,-9.97472,-68.81,0.3977532674463772,-7.589584464134761
2012-10-31 23:00:00,6.5,357,-9.97472,-68.81,0.3401837155791384,-6.49109197590473
2012-11-01 00:00:00,7.2,354,-9.97472,-68.81,0.7526049355271046,-7.160557646651568
2012-11-01 01:00:00,7.9,344,-9.97472,-68.81,2.1775351109542918,-7.59396739791272
2012-11-01 02:00:00,8.2,337,-9.97472,-68.81,3.2039952536120455,-7.548139798310009
2012-11-01 03:00:00,8.1,339,-9.97472,-68.81,2.902780391316936,-7.562001454627332
2012-11-01 04:00:00,8.0,342,-9.97472,-68.81,2.472135954999581,-7.608452130361228
2012-11-01 05:00:00,8.4,340,-9.97472,-68.81,2.8729692039356163,-7.8934180146016315
2012-11-01 06:00:00,8.0,333,-9.97472,-68.81,3.6319239979163758,-7.128052193506942
2012-11-01 07:00:00,9.0,323,-9.97472,-68.81,5.416335208368435,-7.187719590425635
2012-11-01 08:00:00,9.2,315,-9.97472,-68.81,6.505382386916239,-6.505382386916235
2012-11-01 09:00:00,9.2,312,-9.97472,-68.81,6.836932394392029,-6.156001578501491
2012-11-01 10:00:00,10.7,310,-9.97472,-68.81,8.196675541373065,-6.87782742364597
2012-11-01 11:00:00,11.7,313,-9.97472,-68.81,8.556838308944293,-7.979380812731233
2012-11-01 12:00:00,9.7,315,-9.97472,-68.81,6.858935777509512,-6.858935777509509
2012-11-01 13:00:00,8.4,313,-9.97472,-68.81,6.143371093601031,-5.728786224524988
2012-11-01 14:00:00,8.2,311,-9.97472,-68.81,6.188618557826731,-5.379684037722157
2012-11-01 15:00:00,8.1,315,-9.97472,-68.81,5.727564927611036,-5.727564927611033
2012-11-01 16:00:00,8.2,319,-9.97472,-68.81,5.37968403772216,-6.188618557826729
2012-11-01 17:00:00,9.0,323,-9.97472,-68.81,5.416335208368435,-7.187719590425635
2012-11-01 18:00:00,9.2,334,-9.97472,-68.81,4.033014550459515,-8.268905225952334
2012-11-01 19:00:00,5.5,337,-9.97472,-68.81,2.1490212066910064,-5.062776693988422
2012-11-01 20:00:00,5.9,11,-9.97472,-68.81,-1.1257730727216144,-5.791600382341218
2012-11-01 21:00:00,7.3,20,-9.97472,-68.81,-2.4967470462773815,-6.859756131737131
2012-11-01 22:00:00,7.8,13,-9.97472,-68.81,-1.754618223882147,-7.6000865053248345
2012-11-01 23:00:00,8.0,5,-9.97472,-68.81,-0.6972459419812653,-7.969557584733964
2012-11-02 00:00:00,7.2,357,-9.97472,-68.81,0.37681888494919946,-7.190132650232932
2012-11-02 01:00:00,6.9,354,-9.97472,-68.81,0.7212463965468086,-6.862201078041086
2012-11-02 02:00:00,7.3,351,-9.97472,-68.81,1.141971594793687,-7.210124886344505
2012-11-02 03:00:00,7.8,347,-9.97472,-68.81,1.7546182238821495,-7.600086505324834
2012-11-02 04:00:00,7.5,343,-9.97472,-68.81,2.1927877854205287,-7.172285669722765
2012-11-02 05:00:00,7.1,345,-9.97472,-68.81,1.8376152202278968,-6.858073366652385
2012-11-02 06:00:00,7.2,342,-9.97472,-68.81,2.224922359499623,-6.8476069173251055
2012-11-02 07:00:00,6.7,344,-9.97472,-68.81,1.8467702839738929,-6.440453362786736
2012-11-02 08:00:00,7.1,336,-9.97472,-68.81,2.887830165838181,-6.486172749262467
2012-11-02 09:00:00,7.0,325,-9.97472,-68.81,4.015035054457325,-5.734064310022941
2012-11-02 10:00:00,8.0,324,-9.97472,-68.81,4.702282018339787,-6.472135954999579
2012-11-02 11:00:00,9.4,320,-9.97472,-68.81,6.042203531053472,-7.200817765318392
2012-11-02 12:00:00,9.7,315,-9.97472,-68.81,6.858935777509512,-6.858935777509509
2012-11-02 13:00:00,8.9,317,-9.97472,-68.81,6.069785404556234,-6.50904794441062
2012-11-02 14:00:00,7.9,321,-9.97472,-68.81,4.971631089293719,-6.139453095510068
2012-11-02 15:00:00,8.3,326,-9.97472,-68.81,4.6413010988071965,-6.881011852206848
2012-11-02 16:00:00,7.9,330,-9.97472,-68.81,3.9500000000000037,-6.841600689897064
2012-11-02 17:00:00,6.5,354,-9.97472,-68.81,0.6794350112397471,-6.4643923198937765
2012-11-02 18:00:00,4.6,18,-9.97472,-68.81,-1.421478174124758,-4.3748599749577055
2012-11-02 19:00:00,5.8,338,-9.97472,-68.81,2.1727182418122917,-5.377666356487366
2012-11-02 20:00:00,7.3,349,-9.97472,-68.81,1.392905666248776,-7.165878439167947
2012-11-02 21:00:00,8.7,355,-9.97472,-68.81,0.7582549619046273,-8.666893873398186
2012-11-02 22:00:00,8.7,353,-9.97472,-68.81,1.0602632876247808,-8.635151519279502
2012-11-02 23:00:00,8.0,352,-9.97472,-68.81,1.113384807680527,-7.922144549932562
2012-11-03 00:00:00,8.0,355,-9.97472,-68.81,0.6972459419812665,-7.969557584733964
2012-11-03 01:00:00,7.6,355,-9.97472,-68.81,0.6623836448822031,-7.571079705497266
2012-11-03 02:00:00,7.2,342,-9.97472,-68.81,2.224922359499623,-6.8476069173251055
2012-11-03 03:00:00,7.6,341,-9.97472,-68.81,2.474317973874391,-7.185941174554808
2012-11-03 04:00:00,7.4,337,-9.97472,-68.81,2.891410350820627,-6.811735915548058
2012-11-03 05:00:00,7.4,331,-9.97472,-68.81,3.587591189822893,-6.47218583283153
2012-11-03 06:00:00,6.6,315,-9.97472,-68.81,4.666904755831214,-4.6669047558312124
2012-11-03 07:00:00,5.7,342,-9.97472,-68.81,1.7613968679372014,-5.421022142882375
2012-11-03 08:00:00,5.0,339,-9.97472,-68.81,1.7918397477265038,-4.667902132486008
2012-11-03 09:00:00,5.8,330,-9.97472,-68.81,2.9000000000000026,-5.022947341949743
2012-11-03 10:00:00,7.3,327,-9.97472,-68.81,3.9758649556096968,-6.122295146001595
2012-11-03 11:00:00,8.7,330,-9.97472,-68.81,4.350000000000003,-7.534421012924613
2012-11-03 12:00:00,8.4,320,-9.97472,-68.81,5.399415921366932,-6.434773322199414
2012-11-03 13:00:00,7.4,317,-9.97472,-68.81,5.0467878644624875,-5.4120173919818635
2012-11-03 14:00:00,7.7,319,-9.97472,-68.81,5.051654523226907,-5.811263767715344
2012-11-03 15:00:00,7.9,321,-9.97472,-68.81,4.971631089293719,-6.139453095510068
2012-11-03 16:00:00,5.6,315,-9.97472,-68.81,3.9597979746446668,-3.959797974644665
2012-11-03 17:00:00,1.0,135,-9.97472,-68.81,-0.7071067811865476,0.7071067811865475
2012-11-03 18:00:00,2.4,153,-9.97472,-68.81,-1.0895771993749124,2.138415658052083
2012-11-03 19:00:00,5.7,198,-9.97472,-68.81,1.7613968679371996,5.421022142882376
2012-11-03 20:00:00,7.6,205,-9.97472,-68.81,3.2118987892293145,6.88793918147854
2012-11-03 21:00:00,7.6,239,-9.97472,-68.81,6.514471485336052,3.914289369316414
2012-11-03 22:00:00,6.2,263,-9.97472,-68.81,6.153786140176197,0.7555899291119125
2012-11-03 23:00:00,5.4,312,-9.97472,-68.81,4.012982057577931,-3.6133052743378324
2012-11-04 00:00:00,2.6,16,-9.97472,-68.81,-0.7166571251241979,-2.499280409439629
2012-11-04 01:00:00,5.1,51,-9.97472,-68.81,-3.963444403430551,-3.209533994354171
2012-11-04 02:00:00,5.1,51,-9.97472,-68.81,-3.963444403430551,-3.209533994354171
2012-11-04 03:00:00,5.0,21,-9.97472,-68.81,-1.7918397477265013,-4.667902132486009
2012-11-04 04:00:00,5.8,353,-9.97472,-68.81,0.7068421917498539,-5.756767679519668
2012-11-04 05:00:00,3.3,354,-9.97472,-68.81,0.34494392878325625,-3.2819222547153015
2012-11-04 06:00:00,2.5,8,-9.97472,-68.81,-0.3479327524001636,-2.475670171853926
2012-11-04 07:00:00,5.6,345,-9.97472,-68.81,1.4493866525741157,-5.4091846272187825
2012-11-04 08:00:00,5.6,333,-9.97472,-68.81,2.542346798541463,-4.989636535454859
2012-11-04 09:00:00,4.4,325,-9.97472,-68.81,2.5237363199446046,-3.604268994871563
2012-11-04 10:00:00,5.6,315,-9.97472,-68.81,3.9597979746446668,-3.959797974644665
2012-11-04 11:00:00,5.5,302,-9.97472,-68.81,4.664264528860344,-2.9145559532826257
2012-11-04 12:00:00,5.0,291,-9.97472,-68.81,4.667902132486009,-1.791839747726502
2012-11-04 13:00:00,3.5,294,-9.97472,-68.81,3.1974091017491038,-1.4235782507652992
2012-11-04 14:00:00,4.8,312,-9.97472,-68.81,3.5670951622914937,-3.2118269105225172
2012-11-04 15:00:00,4.8,318,-9.97472,-68.81,3.211826910522519,-3.5670951622914924
2012-11-04 16:00:00,5.0,300,-9.97472,-68.81,4.330127018922193,-2.5000000000000004
2012-11-04 17:00:00,2.3,288,-9.97472,-68.81,2.187429987478853,-0.7107390870623785
2012-11-04 18:00:00,1.5,225,-9.97472,-68.81,1.0606601717798212,1.0606601717798214
2012-11-04 19:00:00,2.5,360,-9.97472,-68.81,6.123233995736766e-16,-2.5
2012-11-04 20:00:00,2.3,72,-9.97472,-68.81,-2.1874299874788528,-0.7107390870623791
2012-11-04 21:00:00,4.5,14,-9.97472,-68.81,-1.0886485301985047,-4.366330768241984
2012-11-04 22:00:00,5.4,356,-9.97472,-68.81,0.37668495821827847,-5.386845871403051
2012-11-04 23:00:00,6.2,7,-9.97472,-68.81,-0.7555899291119144,-6.153786140176196
2012-11-05 00:00:00,6.2,10,-9.97472,-68.81,-1.0766187015349682,-6.10580806867569
2012-11-05 01:00:00,5.8,4,-9.97472,-68.81,-0.40458754771592675,-5.78587149150698
2012-11-05 02:00:00,5.8,356,-9.97472,-68.81,0.4045875477159287,-5.78587149150698
2012-11-05 03:00:00,6.2,353,-9.97472,-68.81,0.7555899291119128,-6.153786140176197
2012-11-05 04:00:00,6.1,360,-9.97472,-68.81,1.4940690949597709e-15,-6.1
2012-11-05 05:00:00,6.3,13,-9.97472,-68.81,-1.4171916423663495,-6.1385314081469815
2012-11-05 06:00:00,7.1,15,-9.97472,-68.81,-1.8376152202278973,-6.858073366652385
2012-11-05 07:00:00,5.8,360,-9.97472,-68.81,1.4205902870109297e-15,-5.8
2012-11-05 08:00:00,7.2,357,-9.97472,-68.81,0.37681888494919946,-7.190132650232932
2012-11-05 09:00:00,7.7,332,-9.97472,-68.81,3.6149310334513594,-6.798696465013737
2012-11-05 10:00:00,7.5,325,-9.97472,-68.81,4.3018232726328485,-6.143640332167437
2012-11-05 11:00:00,9.7,329,-9.97472,-68.81,4.9958693266275285,-8.314522816810486
2012-11-05 12:00:00,7.9,321,-9.97472,-68.81,4.971631089293719,-6.139453095510068
2012-11-05 13:00:00,7.4,313,-9.97472,-68.81,5.412017391981861,-5.04678786446249
2012-11-05 14:00:00,6.0,303,-9.97472,-68.81,5.032023407672545,-3.26783421009016
2012-11-05 15:00:00,5.8,292,-9.97472,-68.81,5.377666356487367,-2.1727182418122895
2012-11-05 16:00:00,3.3,276,-9.97472,-68.81,3.281922254715302,-0.3449439287832548
2012-11-05 17:00:00,3.1,249,-9.97472,-68.81,2.894099322141325,1.1109406435904323
2012-11-05 18:00:00,4.1,255,-9.97472,-68.81,3.96029588778518,1.0611580849203346
2012-11-05 19:00:00,4.3,336,-9.97472,-68.81,1.7489675652259407,-3.928245467863184
2012-11-05 20:00:00,4.3,360,-9.97472,-68.81,1.0531962472667237e-15,-4.3
2012-11-05 21:00:00,5.8,7,-9.97472,-68.81,-0.7068421917498553,-5.756767679519667
2012-11-05 22:00:00,5.1,352,-9.97472,-68.81,0.709782814896336,-5.050367150582008
2012-11-05 23:00:00,5.2,348,-9.97472,-68.81,1.0811407922523513,-5.086367523815789
2012-11-06 00:00:00,4.4,351,-9.97472,-68.81,0.688311646177017,-4.345828698618606
2012-11-06 01:00:00,4.0,350,-9.97472,-68.81,0.6945927106677215,-3.939231012048832
2012-11-06 02:00:00,4.7,337,-9.97472,-68.81,1.8364363038995872,-4.326372811226469
2012-11-06 03:00:00,4.2,340,-9.97472,-68.81,1.4364846019678081,-3.9467090073008158
2012-11-06 04:00:00,3.7,349,-9.97472,-68.81,0.7059932828932153,-3.632020578756357
2012-11-06 05:00:00,4.0,355,-9.97472,-68.81,0.3486229709906333,-3.984778792366982
2012-11-06 06:00:00,4.0,355,-9.97472,-68.81,0.3486229709906333,-3.984778792366982
2012-11-06 07:00:00,5.4,360,-9.97472,-68.81,1.3226185430791415e-15,-5.4
2012-11-06 08:00:00,5.8,360,-9.97472,-68.81,1.4205902870109297e-15,-5.8
2012-11-06 09:00:00,5.9,14,-9.97472,-68.81,-1.4273391840380396,-5.7247447850283795
2012-11-06 10:00:00,7.6,8,-9.97472,-68.81,-1.0577155672964973,-7.5260373224359345
2012-11-06 11:00:00,9.7,356,-9.97472,-68.81,0.6766377953180186,-9.676371287520293
2012-11-06 12:00:00,8.8,348,-9.97472,-68.81,1.829622879196287,-8.60769888645749
2012-11-06 13:00:00,9.2,339,-9.97472,-68.81,3.296985135816767,-8.588939923774253
2012-11-06 14:00:00,8.9,339,-9.97472,-68.81,3.189474750953177,-8.308865795825094
2012-11-06 15:00:00,7.1,330,-9.97472,-68.81,3.550000000000003,-6.148780366869512
2012-11-06 16:00:00,6.9,313,-9.97472,-68.81,5.046340541172276,-4.705788684431241
2012-11-06 17:00:00,3.3,6,-9.97472,-68.81,-0.3449439287832564,-3.2819222547153015
2012-11-06 18:00:00,5.6,40,-9.97472,-68.81,-3.5996106142446194,-4.289848881466277
2012-11-06 19:00:00,3.3,6,-9.97472,-68.81,-0.3449439287832564,-3.2819222547153015
2012-11-06 20:00:00,4.0,27,-9.97472,-68.81,-1.815961998958187,-3.5640260967534716
2012-11-06 21:00:00,3.3,6,-9.97472,-68.81,-0.3449439287832564,-3.2819222547153015
2012-11-06 22:00:00,4.3,355,-9.97472,-68.81,0.37476969381493075,-4.283637201794505
2012-11-06 23:00:00,3.6,354,-9.97472,-68.81,0.3763024677635523,-3.580278823325784
2012-11-07 00:00:00,3.4,342,-9.97472,-68.81,1.0506577808748219,-3.233592155403522
2012-11-07 01:00:00,4.1,345,-9.97472,-68.81,1.0611580849203348,-3.96029588778518
2012-11-07 02:00:00,3.7,349,-9.97472,-68.81,0.7059932828932153,-3.632020578756357
2012-11-07 03:00:00,3.4,342,-9.97472,-68.81,1.0506577808748219,-3.233592155403522
2012-11-07 04:00:00,2.8,320,-9.97472,-68.81,1.7998053071223108,-2.1449244407331376
2012-11-07 05:00:00,2.7,337,-9.97472,-68.81,1.0549740469210396,-2.4853631043215887
2012-11-07 06:00:00,4.6,342,-9.97472,-68.81,1.4214781741247589,-4.3748599749577055
2012-11-07 07:00:00,3.7,331,-9.97472,-68.81,1.7937955949114466,-3.236092916415765
2012-11-07 08:00:00,3.1,324,-9.97472,-68.81,1.8221342821066675,-2.507952682562337
2012-11-07 09:00:00,3.1,291,-9.97472,-68.81,2.8940993221413254,-1.1109406435904312
2012-11-07 10:00:00,4.6,309,-9.97472,-68.81,3.5748714227020653,-2.894873798829252
2012-11-07 11:00:00,5.9,317,-9.97472,-68.81,4.02379032436874,-4.314986839553107
2012-11-07 12:00:00,4.4,305,-9.97472,-68.81,3.604268994871564,-2.523736319944603
2012-11-07 13:00:00,4.1,308,-9.97472,-68.81,3.230844089787559,-2.5242120488352
2012-11-07 14:00:00,4.1,322,-9.97472,-68.81,2.5242120488351985,-3.23084408978756
2012-11-07 15:00:00,3.4,328,-9.97472,-68.81,1.801725498392897,-2.883363526931848
2012-11-07 16:00:00,2.9,330,-9.97472,-68.81,1.4500000000000013,-2.5114736709748713
2012-11-07 17:00:00,2.8,310,-9.97472,-68.81,2.1449244407331385,-1.7998053071223097
2012-11-07 18:00:00,4.4,325,-9.97472,-68.81,2.5237363199446046,-3.604268994871563
2012-11-07 19:00:00,4.4,351,-9.97472,-68.81,0.688311646177017,-4.345828698618606
2012-11-07 20:00:00,4.7,4,-9.97472,-68.81,-0.3278554265973889,-4.688551036221174
2012-11-07 21:00:00,4.9,17,-9.97472,-68.81,-1.4326213531414103,-4.685893304218874
2012-11-07 22:00:00,4.7,4,-9.97472,-68.81,-0.3278554265973889,-4.688551036221174
2012-11-07 23:00:00,4.8,333,-9.97472,-68.81,2.179154398749825,-4.276831316104166
2012-11-08 00:00:00,5.6,310,-9.97472,-68.81,4.289848881466277,-3.5996106142446194
2012-11-08 01:00:00,5.2,295,-9.97472,-68.81,4.7128004925905795,-2.197614961051638
2012-11-08 02:00:00,5.6,285,-9.97472,-68.81,5.4091846272187825,-1.4493866525741135
2012-11-08 03:00:00,5.4,290,-9.97472,-68.81,5.074340152243905,-1.8469087739586127
2012-11-08 04:00:00,7.1,300,-9.97472,-68.81,6.148780366869514,-3.5500000000000007
2012-11-08 05:00:00,7.3,303,-9.97472,-68.81,6.122295146001597,-3.9758649556096946
2012-11-08 06:00:00,6.6,299,-9.97472,-68.81,5.772490067120011,-3.1997434936258258
2012-11-08 07:00:00,7.5,287,-9.97472,-68.81,7.172285669722766,-2.1927877854205255
2012-11-08 08:00:00,7.1,285,-9.97472,-68.81,6.858073366652386,-1.837615220227894
2012-11-08 09:00:00,7.8,283,-9.97472,-68.81,7.6000865053248345,-1.7546182238821464
2012-11-08 10:00:00,10.1,287,-9.97472,-68.81,9.658678035226657,-2.9529542176996406
2012-11-08 11:00:00,11.0,289,-9.97472,-68.81,10.400704331592486,-3.5812496990287195
2012-11-08 12:00:00,10.5,292,-9.97472,-68.81,9.735430472951268,-3.9333692308670756
2012-11-08 13:00:00,10.3,299,-9.97472,-68.81,9.008582983535776,-4.993539088537275
2012-11-08 14:00:00,10.0,311,-9.97472,-68.81,7.547095802227722,-6.56059028990507
2012-11-08 15:00:00,9.7,315,-9.97472,-68.81,6.858935777509512,-6.858935777509509
2012-11-08 16:00:00,9.4,317,-9.97472,-68.81,6.410784584587484,-6.874724795220205
2012-11-08 17:00:00,9.2,312,-9.97472,-68.81,6.836932394392029,-6.156001578501491
2012-11-08 18:00:00,7.7,319,-9.97472,-68.81,5.051654523226907,-5.811263767715344
2012-11-08 19:00:00,7.1,319,-9.97472,-68.81,4.658019105832603,-5.35843801958168
2012-11-08 20:00:00,7.4,346,-9.97472,-68.81,1.7902220274375422,-7.180188374442374
2012-11-08 21:00:00,10.1,356,-9.97472,-68.81,0.7045403848156689,-10.075396907624224
2012-11-08 22:00:00,10.5,354,-9.97472,-68.81,1.0975488643103608,-10.44247990136687
2012-11-08 23:00:00,10.3,348,-9.97472,-68.81,2.141490415422927,-10.074920287558198
2012-11-09 00:00:00,10.1,343,-9.97472,-68.81,2.952954217699645,-9.658678035226657
2012-11-09 01:00:00,10.1,343,-9.97472,-68.81,2.952954217699645,-9.658678035226657
2012-11-09 02:00:00,10.1,343,-9.97472,-68.81,2.952954217699645,-9.658678035226657
2012-11-09 03:00:00,10.7,340,-9.97472,-68.81,3.659615533584654,-10.05471104240922
2012-11-09 04:00:00,11.0,337,-9.97472,-68.81,4.298042413382013,-10.125553387976844
2012-11-09 05:00:00,10.3,335,-9.97472,-68.81,4.352968095929202,-9.334970206477497
2012-11-09 06:00:00,10.0,334,-9.97472,-68.81,4.383711467890778,-8.987940462991668
2012-11-09 07:00:00,11.1,331,-9.97472,-68.81,5.38138678473434,-9.708278749247294
2012-11-09 08:00:00,11.8,333,-9.97472,-68.81,5.357087896926655,-10.51387698542274
2012-11-09 09:00:00,12.9,330,-9.97472,-68.81,6.4500000000000055,-11.171727708819255
2012-11-09 10:00:00,14.5,325,-9.97472,-68.81,8.316858327090173,-11.877704642190379
2012-11-09 11:00:00,16.1,320,-9.97472,-68.81,10.348880515953288,-12.333315534215544
2012-11-09 12:00:00,15.6,320,-9.97472,-68.81,10.027486711110017,-11.950293312656052
2012-11-09 13:00:00,15.2,324,-9.97472,-68.81,8.934335834845594,-12.2970583144992
2012-11-09 14:00:00,14.6,327,-9.97472,-68.81,7.9517299112193935,-12.24459029200319
2012-11-09 15:00:00,13.7,330,-9.97472,-68.81,6.850000000000006,-11.864548031846805
2012-11-09 16:00:00,12.6,329,-9.97472,-68.81,6.489479743866687,-10.800307988846612
2012-11-09 17:00:00,11.3,338,-9.97472,-68.81,4.23305450559981,-10.477177556604698
2012-11-09 18:00:00,8.8,341,-9.97472,-68.81,2.8649997592229792,-8.320563465273988
2012-11-09 19:00:00,6.9,332,-9.97472,-68.81,3.2393537832226467,-6.092338390726596
2012-11-09 20:00:00,6.7,344,-9.97472,-68.81,1.8467702839738929,-6.440453362786736
2012-11-09 21:00:00,8.0,342,-9.97472,-68.81,2.472135954999581,-7.608452130361228
2012-11-09 22:00:00,8.3,342,-9.97472,-68.81,2.5648410533120654,-7.893769085249775
2012-11-09 23:00:00,8.6,345,-9.97472,-68.81,2.225843787881678,-8.306962106085987
2012-11-10 00:00:00,9.3,344,-9.97472,-68.81,2.5634274090980904,-8.939733772226367
2012-11-10 01:00:00,9.8,343,-9.97472,-68.81,2.8652427062828245,-9.371786608437747
2012-11-10 02:00:00,9.7,338,-9.97472,-68.81,3.6336839561343495,-8.993683389297836
2012-11-10 03:00:00,10.0,334,-9.97472,-68.81,4.383711467890778,-8.987940462991668
2012-11-10 04:00:00,10.0,334,-9.97472,-68.81,4.383711467890778,-8.987940462991668
2012-11-10 05:00:00,9.8,332,-9.97472,-68.81,4.60082131530173,-8.652886410017484
2012-11-10 06:00:00,9.8,332,-9.97472,-68.81,4.60082131530173,-8.652886410017484
2012-11-10 07:00:00,11.3,333,-9.97472,-68.81,5.130092647056881,-10.068373723328557
2012-11-10 08:00:00,10.6,332,-9.97472,-68.81,4.976398565530443,-9.359244484304625
2012-11-10 09:00:00,10.4,326,-9.97472,-68.81,5.815606196095764,-8.621990754572435
2012-11-10 10:00:00,11.4,325,-9.97472,-68.81,6.5387713744019305,-9.338333304894505
2012-11-10 11:00:00,11.8,322,-9.97472,-68.81,7.264805408842767,-9.29852689255932
2012-11-10 12:00:00,12.1,323,-9.97472,-68.81,7.281961780139784,-9.663489671572243
2012-11-10 13:00:00,12.0,327,-9.97472,-68.81,6.535668420180324,-10.064046815345089
2012-11-10 14:00:00,11.9,331,-9.97472,-68.81,5.769234480931409,-10.407974514958811
2012-11-10 15:00:00,11.1,335,-9.97472,-68.81,4.6910627053217615,-10.060016436106816
2012-11-10 16:00:00,10.4,340,-9.97472,-68.81,3.5570094905869536,-9.772803256173448
2012-11-10 17:00:00,9.0,344,-9.97472,-68.81,2.4807362023529906,-8.65135526344487
2012-11-10 18:00:00,6.9,351,-9.97472,-68.81,1.0793978087775948,-6.81504955010645
2012-11-10 19:00:00,6.5,6,-9.97472,-68.81,-0.6794350112397476,-6.4643923198937765
2012-11-10 20:00:00,7.3,11,-9.97472,-68.81,-1.392905666248777,-7.165878439167947
2012-11-10 21:00:00,7.9,360,-9.97472,-68.81,1.934941942652818e-15,-7.9
2012-11-10 22:00:00,7.2,357,-9.97472,-68.81,0.37681888494919946,-7.190132650232932
2012-11-10 23:00:00,7.6,352,-9.97472,-68.81,1.0577155672965006,-7.526037322435934
2012-11-11 00:00:00,9.8,336,-9.97472,-68.81,3.986019102142842,-8.95274548489749
2012-11-11 01:00:00,10.3,324,-9.97472,-68.81,6.054188098612476,-8.332875042061959
2012-11-11 02:00:00,8.9,302,-9.97472,-68.81,7.5476280557921935,-4.716281451675522
2012-11-11 03:00:00,6.8,288,-9.97472,-68.81,6.467184310807045,-2.101315561749641
2012-11-11 04:00:00,5.4,312,-9.97472,-68.81,4.012982057577931,-3.6133052743378324
2012-11-11 05:00:00,6.6,338,-9.97472,-68.81,2.4724035165450213,-6.119413440140796
2012-11-11 06:00:00,6.8,342,-9.97472,-68.81,2.1013155617496437,-6.467184310807044
2012-11-11 07:00:00,7.9,336,-9.97472,-68.81,3.213219480298821,-7.217009115376548
2012-11-11 08:00:00,7.9,330,-9.97472,-68.81,3.9500000000000037,-6.841600689897064
2012-11-11 09:00:00,6.6,319,-9.97472,-68.81,4.329989591337348,-4.981083229470294
2012-11-11 10:00:00,7.9,313,-9.97472,-68.81,5.777694242791446,-5.387787044493739
2012-11-11 11:00:00,8.8,305,-9.97472,-68.81,7.208537989743128,-5.047472639889206
2012-11-11 12:00:00,8.9,297,-9.97472,-68.81,7.929958065276476,-4.040515447681965
2012-11-11 13:00:00,7.4,299,-9.97472,-68.81,6.472185832831528,-3.5875911898228963
2012-11-11 14:00:00,6.3,301,-9.97472,-68.81,5.400153994423308,-3.244739871933341
2012-11-11 15:00:00,5.6,297,-9.97472,-68.81,4.989636535454861,-2.542346798541461
2012-11-11 16:00:00,4.3,275,-9.97472,-68.81,4.283637201794505,-0.3747696938149289
2012-11-11 17:00:00,4.8,312,-9.97472,-68.81,3.5670951622914937,-3.2118269105225172
2012-11-11 18:00:00,3.1,339,-9.97472,-68.81,1.1109406435904323,-2.894099322141325
2012-11-11 19:00:00,4.7,261,-9.97472,-68.81,4.6421352007971475,0.7352419856890859
2012-11-11 20:00:00,4.7,247,-9.97472,-68.81,4.326372811226469,1.836436303899587
2012-11-11 21:00:00,2.3,198,-9.97472,-68.81,0.7107390870623786,2.187429987478853
2012-11-11 22:00:00,2.2,171,-9.97472,-68.81,-0.3441558230885082,2.172914349309303
2012-11-11 23:00:00,2.9,30,-9.97472,-68.81,-1.4499999999999997,-2.511473670974872
2012-11-12 00:00:00,9.7,51,-9.97472,-68.81,-7.538315826132617,-6.104407793183423
2012-11-12 01:00:00,8.7,42,-9.97472,-68.81,-5.821436275322066,-6.46535998165333
2012-11-12 02:00:00,3.9,34,-9.97472,-68.81,-2.180852323535913,-3.2332465329646625
2012-11-12 03:00:00,2.6,124,-9.97472,-68.81,-2.1554976886431088,1.4539015490239415
2012-11-12 04:00:00,5.1,135,-9.97472,-68.81,-3.6062445840513924,3.606244584051392
2012-11-12 05:00:00,7.3,171,-9.97472,-68.81,-1.1419715947936862,7.210124886344505
2012-11-12 06:00:00,5.6,165,-9.97472,-68.81,-1.4493866525741177,5.409184627218782
2012-11-12 07:00:00,3.3,49,-9.97472,-68.81,-2.4905416147351476,-2.1649947956686737
2012-11-12 08:00:00,4.4,55,-9.97472,-68.81,-3.604268994871564,-2.5237363199446032
2012-11-12 09:00:00,2.7,23,-9.97472,-68.81,-1.0549740469210394,-2.485363104321589
2012-11-12 10:00:00,3.3,6,-9.97472,-68.81,-0.3449439287832564,-3.2819222547153015
2012-11-12 11:00:00,0.7,270,-9.97472,-68.81,0.7,1.2858791391047207e-16
2012-11-12 12:00:00,4.3,204,-9.97472,-68.81,1.7489675652259409,3.9282454678631837
2012-11-12 13:00:00,4.4,189,-9.97472,-68.81,0.6883116461770152,4.3458286986186065
2012-11-12 14:00:00,3.3,193,-9.97472,-68.81,0.7423384793347544,3.2154212137912763
2012-11-12 15:00:00,3.3,193,-9.97472,-68.81,0.7423384793347544,3.2154212137912763
2012-11-12 16:00:00,3.7,191,-9.97472,-68.81,0.7059932828932155,3.632020578756357
2012-11-12 17:00:00,5.5,203,-9.97472,-68.81,2.1490212066910046,5.062776693988422
2012-11-12 18:00:00,6.2,201,-9.97472,-68.81,2.221881287180863,5.788198644282651
2012-11-12 19:00:00,4.8,207,-9.97472,-68.81,2.179154398749824,4.276831316104166
2012-11-12 20:00:00,5.7,198,-9.97472,-68.81,1.7613968679371996,5.421022142882376
2012-11-12 21:00:00,6.1,177,-9.97472,-68.81,-0.3192493330819572,6.0916401620029
2012-11-12 22:00:00,7.3,171,-9.97472,-68.81,-1.1419715947936862,7.210124886344505
2012-11-12 23:00:00,5.9,166,-9.97472,-68.81,-1.4273391840380396,5.7247447850283795
2012-11-13 00:00:00,5.2,168,-9.97472,-68.81,-1.0811407922523484,5.08636752381579
2012-11-13 01:00:00,4.6,162,-9.97472,-68.81,-1.4214781741247584,4.3748599749577055
2012-11-13 02:00:00,6.4,164,-9.97472,-68.81,-1.764079077228795,6.1520748540052415
2012-11-13 03:00:00,6.9,171,-9.97472,-68.81,-1.0793978087775937,6.81504955010645
2012-11-13 04:00:00,6.1,180,-9.97472,-68.81,-7.470345474798854e-16,6.1
2012-11-13 05:00:00,5.4,184,-9.97472,-68.81,0.3766849582182765,5.386845871403051
2012-11-13 06:00:00,5.4,176,-9.97472,-68.81,-0.37668495821827785,5.386845871403051
2012-11-13 07:00:00,4.0,180,-9.97472,-68.81,-4.898587196589413e-16,4.0
2012-11-13 08:00:00,5.5,169,-9.97472,-68.81,-1.0494494745709972,5.3989495089621515
2012-11-13 09:00:00,8.4,155,-9.97472,-68.81,-3.549993398621876,7.61298541110786
2012-11-13 10:00:00,9.1,146,-9.97472,-68.81,-5.0886554215837965,7.544241910250879
2012-11-13 11:00:00,8.0,144,-9.97472,-68.81,-4.702282018339786,6.472135954999579
2012-11-13 12:00:00,6.6,151,-9.97472,-68.81,-3.1997434936258253,5.772490067120011
2012-11-13 13:00:00,6.4,153,-9.97472,-68.81,-2.9055391983331003,5.702441754805554
2012-11-13 14:00:00,8.9,140,-9.97472,-68.81,-5.720809726210201,6.817795543758904
2012-11-13 15:00:00,11.7,133,-9.97472,-68.81,-8.556838308944295,7.979380812731231
2012-11-13 16:00:00,8.5,126,-9.97472,-68.81,-6.876644452187053,4.996174644486021
2012-11-13 17:00:00,9.4,130,-9.97472,-68.81,-7.200817765318393,6.04220353105347
2012-11-13 18:00:00,9.2,132,-9.97472,-68.81,-6.836932394392027,6.156001578501495
2012-11-13 19:00:00,5.4,127,-9.97472,-68.81,-4.312631754255381,3.2498011250210617
2012-11-13 20:00:00,5.7,125,-9.97472,-68.81,-4.669166652447252,3.269385687200963
2012-11-13 21:00:00,6.6,112,-9.97472,-68.81,-6.1194134401407965,2.4724035165450196
2012-11-13 22:00:00,7.6,109,-9.97472,-68.81,-7.185941174554808,2.4743179738743906
2012-11-13 23:00:00,7.3,101,-9.97472,-68.81,-7.165878439167947,1.392905666248777
2012-11-14 00:00:00,6.5,96,-9.97472,-68.81,-6.4643923198937765,0.6794350112397481
2012-11-14 01:00:00,6.9,99,-9.97472,-68.81,-6.815049550106451,1.0793978087775926
2012-11-14 02:00:00,6.8,108,-9.97472,-68.81,-6.467184310807045,2.101315561749642
2012-11-14 03:00:00,5.5,113,-9.97472,-68.81,-5.062776693988422,2.149021206691006
2012-11-14 04:00:00,4.7,113,-9.97472,-68.81,-4.326372811226469,1.8364363038995868
2012-11-14 05:00:00,4.0,117,-9.97472,-68.81,-3.5640260967534716,1.8159619989581868
2012-11-14 06:00:00,4.7,113,-9.97472,-68.81,-4.326372811226469,1.8364363038995868
2012-11-14 07:00:00,3.7,119,-9.97472,-68.81,-3.236092916415765,1.793795594911447
2012-11-14 08:00:00,5.2,106,-9.97472,-68.81,-4.998560818879258,1.433314250248395
2012-11-14 09:00:00,4.0,90,-9.97472,-68.81,-4.0,-2.4492935982947064e-16
2012-11-14 10:00:00,4.3,90,-9.97472,-68.81,-4.3,-2.632990618166809e-16
2012-11-14 11:00:00,3.7,101,-9.97472,-68.81,-3.632020578756357,0.7059932828932158
2012-11-14 12:00:00,6.3,114,-9.97472,-68.81,-5.755336383148386,2.5624408513775414
2012-11-14 13:00:00,4.9,126,-9.97472,-68.81,-3.9641832724372428,2.880147736233118
2012-11-14 14:00:00,4.3,132,-9.97472,-68.81,-3.195522749552795,2.8772616073430903
2012-11-14 15:00:00,5.1,141,-9.97472,-68.81,-3.2095339943541705,3.963444403430551
2012-11-14 16:00:00,3.4,148,-9.97472,-68.81,-1.8017254983928965,2.883363526931848
2012-11-14 17:00:00,1.9,112,-9.97472,-68.81,-1.761649323676896,0.7117525274902329
2012-11-14 18:00:00,5.2,74,-9.97472,-68.81,-4.998560818879258,-1.4333142502483958
2012-11-14 19:00:00,5.5,67,-9.97472,-68.81,-5.062776693988422,-2.1490212066910055
2012-11-14 20:00:00,3.7,61,-9.97472,-68.81,-3.2360929164157644,-1.7937955949114475
2012-11-14 21:00:00,3.7,29,-9.97472,-68.81,-1.7937955949114472,-3.2360929164157644
2012-11-14 22:00:00,4.3,85,-9.97472,-68.81,-4.283637201794505,-0.37476969381492997
2012-11-14 23:00:00,4.3,90,-9.97472,-68.81,-4.3,-2.632990618166809e-16
2012-11-15 00:00:00,4.8,103,-9.97472,-68.81,-4.676976310969129,1.079765060850552
2012-11-15 01:00:00,4.6,108,-9.97472,-68.81,-4.374859974957706,1.4214781741247577
2012-11-15 02:00:00,3.6,90,-9.97472,-68.81,-3.6,-2.2043642384652358e-16
2012-11-15 03:00:00,3.7,101,-9.97472,-68.81,-3.632020578756357,0.7059932828932158
2012-11-15 04:00:00,2.7,157,-9.97472,-68.81,-1.0549740469210394,2.485363104321589
2012-11-15 05:00:00,2.5,172,-9.97472,-68.81,-0.3479327524001633,2.475670171853926
2012-11-15 06:00:00,1.9,158,-9.97472,-68.81,-0.7117525274902332,1.7616493236768958
2012-11-15 07:00:00,1.8,217,-9.97472,-68.81,1.0832670416736871,1.437543918085127
2012-11-15 08:00:00,2.2,189,-9.97472,-68.81,0.3441558230885076,2.1729143493093033
2012-11-15 09:00:00,1.5,194,-9.97472,-68.81,0.3628828433995013,1.4554435894139948
2012-11-15 10:00:00,1.9,202,-9.97472,-68.81,0.7117525274902328,1.761649323676896
2012-11-15 11:00:00,0.4,180,-9.97472,-68.81,-4.898587196589413e-17,0.4
2012-11-15 12:00:00,0.7,90,-9.97472,-68.81,-0.7,-4.286263797015736e-17
2012-11-15 13:00:00,1.8,169,-9.97472,-68.81,-0.34345619167778096,1.7669289302057951
2012-11-15 14:00:00,2.3,162,-9.97472,-68.81,-0.7107390870623792,2.1874299874788528
2012-11-15 15:00:00,2.4,153,-9.97472,-68.81,-1.0895771993749124,2.138415658052083
2012-11-15 16:00:00,4.7,171,-9.97472,-68.81,-0.7352419856890856,4.6421352007971475
2012-11-15 17:00:00,3.3,167,-9.97472,-68.81,-0.7423384793347552,3.215421213791276
2012-11-15 18:00:00,2.5,98,-9.97472,-68.81,-2.475670171853926,0.3479327524001634
2012-11-15 19:00:00,0.8,63,-9.97472,-68.81,-0.7128052193506943,-0.3631923997916375
2012-11-15 20:00:00,3.6,174,-9.97472,-68.81,-0.37630246776355347,3.580278823325784
2012-11-15 21:00:00,3.2,90,-9.97472,-68.81,-3.2,-1.9594348786357652e-16
2012-11-15 22:00:00,3.2,63,-9.97472,-68.81,-2.851220877402777,-1.45276959916655
2012-11-15 23:00:00,3.8,41,-9.97472,-68.81,-2.4930243101639276,-2.8678964048465336
2012-11-16 00:00:00,3.1,54,-9.97472,-68.81,-2.5079526825623373,-1.8221342821066668
2012-11-16 01:00:00,3.0,76,-9.97472,-68.81,-2.9108871788279895,-0.725765686799003
2012-11-16 02:00:00,2.2,171,-9.97472,-68.81,-0.3441558230885082,2.172914349309303
2012-11-16 03:00:00,3.0,166,-9.97472,-68.81,-0.7257656867990032,2.9108871788279895
2012-11-16 04:00:00,3.1,159,-9.97472,-68.81,-1.1109406435904308,2.8940993221413254
2012-11-16 05:00:00,2.5,90,-9.97472,-68.81,-2.5,-1.5308084989341916e-16
2012-11-16 06:00:00,2.2,81,-9.97472,-68.81,-2.1729143493093033,-0.34415582308850806
2012-11-16 07:00:00,4.7,4,-9.97472,-68.81,-0.3278554265973889,-4.688551036221174
2012-11-16 08:00:00,4.0,5,-9.97472,-68.81,-0.34862297099063266,-3.984778792366982
2012-11-16 09:00:00,4.7,356,-9.97472,-68.81,0.3278554265973905,-4.688551036221174
2012-11-16 10:00:00,6.9,354,-9.97472,-68.81,0.7212463965468086,-6.862201078041086
2012-11-16 11:00:00,5.9,346,-9.97472,-68.81,1.4273391840380405,-5.7247447850283795
2012-11-16 12:00:00,5.2,344,-9.97472,-68.81,1.4333142502483947,-4.998560818879258
2012-11-16 13:00:00,4.9,343,-9.97472,-68.81,1.4326213531414123,-4.685893304218873
2012-11-16 14:00:00,5.8,338,-9.97472,-68.81,2.1727182418122917,-5.377666356487366
2012-11-16 15:00:00,6.5,341,-9.97472,-68.81,2.1161930039715187,-6.1458707413955596
2012-11-16 16:00:00,2.6,326,-9.97472,-68.81,1.453901549023941,-2.1554976886431088
2012-11-16 17:00:00,3.3,311,-9.97472,-68.81,2.4905416147351485,-2.1649947956686733
2012-11-16 18:00:00,6.1,310,-9.97472,-68.81,4.672871103025766,-3.921004419087889
2012-11-16 19:00:00,6.4,322,-9.97472,-68.81,3.9402334420842124,-5.043268823083022
2012-11-16 20:00:00,3.6,323,-9.97472,-68.81,2.166534083347374,-2.875087836170254
2012-11-16 21:00:00,3.3,319,-9.97472,-68.81,2.164994795668674,-2.490541614735147
2012-11-16 22:00:00,4.0,350,-9.97472,-68.81,0.6945927106677215,-3.939231012048832
2012-11-16 23:00:00,4.2,340,-9.97472,-68.81,1.4364846019678081,-3.9467090073008158
2012-11-17 00:00:00,4.0,355,-9.97472,-68.81,0.3486229709906333,-3.984778792366982
2012-11-17 01:00:00,3.9,326,-9.97472,-68.81,2.1808523235359116,-3.233246532964663
2012-11-17 02:00:00,3.7,331,-9.97472,-68.81,1.7937955949114466,-3.236092916415765
2012-11-17 03:00:00,3.9,326,-9.97472,-68.81,2.1808523235359116,-3.233246532964663
2012-11-17 04:00:00,2.3,321,-9.97472,-68.81,1.447436899414627,-1.7874357113510322
2012-11-17 05:00:00,1.8,349,-9.97472,-68.81,0.3434561916777804,-1.7669289302057951
2012-11-17 06:00:00,1.4,360,-9.97472,-68.81,3.429011037612589e-16,-1.4
2012-11-17 07:00:00,2.0,315,-9.97472,-68.81,1.4142135623730954,-1.4142135623730947
2012-11-17 08:00:00,3.4,328,-9.97472,-68.81,1.801725498392897,-2.883363526931848
2012-11-17 09:00:00,3.9,338,-9.97472,-68.81,1.460965714322058,-3.6160170328104706
2012-11-17 10:00:00,5.6,333,-9.97472,-68.81,2.542346798541463,-4.989636535454859
2012-11-17 11:00:00,4.6,315,-9.97472,-68.81,3.2526911934581193,-3.2526911934581175
2012-11-17 12:00:00,3.4,288,-9.97472,-68.81,3.2335921554035223,-1.0506577808748205
2012-11-17 13:00:00,2.3,288,-9.97472,-68.81,2.187429987478853,-0.7107390870623785
2012-11-17 14:00:00,3.8,319,-9.97472,-68.81,2.493024310163928,-2.867896404846533
2012-11-17 15:00:00,6.6,311,-9.97472,-68.81,4.981083229470297,-4.3299895913373465
2012-11-17 16:00:00,4.9,287,-9.97472,-68.81,4.685893304218874,-1.43262135314141
2012-11-17 17:00:00,2.1,239,-9.97472,-68.81,1.8000513314744355,1.0815799573111144
2012-11-17 18:00:00,3.5,114,-9.97472,-68.81,-3.197409101749103,1.423578250765301
2012-11-17 19:00:00,0.4,180,-9.97472,-68.81,-4.898587196589413e-17,0.4
2012-11-17 20:00:00,3.3,6,-9.97472,-68.81,-0.3449439287832564,-3.2819222547153015
2012-11-17 21:00:00,3.8,17,-9.97472,-68.81,-1.1110124779463997,-3.6339580726595346
2012-11-17 22:00:00,5.2,25,-9.97472,-68.81,-2.197614961051637,-4.7128004925905795
2012-11-17 23:00:00,5.9,11,-9.97472,-68.81,-1.1257730727216144,-5.791600382341218
2012-11-18 00:00:00,5.2,326,-9.97472,-68.81,2.907803098047882,-4.3109953772862175
2012-11-18 01:00:00,4.9,324,-9.97472,-68.81,2.88014773623312,-3.9641832724372423
2012-11-18 02:00:00,3.9,338,-9.97472,-68.81,1.460965714322058,-3.6160170328104706
2012-11-18 03:00:00,3.9,338,-9.97472,-68.81,1.460965714322058,-3.6160170328104706
2012-11-18 04:00:00,3.7,331,-9.97472,-68.81,1.7937955949114466,-3.236092916415765
2012-11-18 05:00:00,4.9,324,-9.97472,-68.81,2.88014773623312,-3.9641832724372423
2012-11-18 06:00:00,5.1,321,-9.97472,-68.81,3.2095339943541727,-3.96344440343055
2012-11-18 07:00:00,3.9,338,-9.97472,-68.81,1.460965714322058,-3.6160170328104706
2012-11-18 08:00:00,3.1,306,-9.97472,-68.81,2.5079526825623377,-1.8221342821066662
2012-11-18 09:00:00,2.3,309,-9.97472,-68.81,1.7874357113510326,-1.447436899414626
2012-11-18 10:00:00,3.6,315,-9.97472,-68.81,2.545584412271572,-2.5455844122715705
2012-11-18 11:00:00,4.6,309,-9.97472,-68.81,3.5748714227020653,-2.894873798829252
2012-11-18 12:00:00,4.8,297,-9.97472,-68.81,4.2768313161041664,-2.179154398749824
2012-11-18 13:00:00,5.4,290,-9.97472,-68.81,5.074340152243905,-1.8469087739586127
2012-11-18 14:00:00,5.5,302,-9.97472,-68.81,4.664264528860344,-2.9145559532826257
2012-11-18 15:00:00,7.2,307,-9.97472,-68.81,5.75017567234051,-4.333068166694745
2012-11-18 16:00:00,5.2,304,-9.97472,-68.81,4.310995377286217,-2.9078030980478844
2012-11-18 17:00:00,4.5,284,-9.97472,-68.81,4.366330768241984,-1.0886485301985036
2012-11-18 18:00:00,3.3,264,-9.97472,-68.81,3.281922254715302,0.3449439287832561
2012-11-18 19:00:00,4.3,312,-9.97472,-68.81,3.1955227495527967,-2.8772616073430886
2012-11-18 20:00:00,5.4,360,-9.97472,-68.81,1.3226185430791415e-15,-5.4
2012-11-18 21:00:00,6.5,3,-9.97472,-68.81,-0.3401837155791349,-6.49109197590473
2012-11-18 22:00:00,5.8,356,-9.97472,-68.81,0.4045875477159287,-5.78587149150698
2012-11-18 23:00:00,6.5,354,-9.97472,-68.81,0.6794350112397471,-6.4643923198937765
2012-11-19 00:00:00,7.2,342,-9.97472,-68.81,2.224922359499623,-6.8476069173251055
2012-11-19 01:00:00,6.8,342,-9.97472,-68.81,2.1013155617496437,-6.467184310807044
2012-11-19 02:00:00,6.4,333,-9.97472,-68.81,2.9055391983331007,-5.702441754805554
2012-11-19 03:00:00,5.2,326,-9.97472,-68.81,2.907803098047882,-4.3109953772862175
2012-11-19 04:00:00,6.0,327,-9.97472,-68.81,3.267834210090162,-5.032023407672544
2012-11-19 05:00:00,5.1,309,-9.97472,-68.81,3.9634444034305507,-3.209533994354171
2012-11-19 06:00:00,4.8,297,-9.97472,-68.81,4.2768313161041664,-2.179154398749824
2012-11-19 07:00:00,5.2,286,-9.97472,-68.81,4.998560818879258,-1.4333142502483969
2012-11-19 08:00:00,6.9,298,-9.97472,-68.81,6.0923383907265976,-3.239353783222644
2012-11-19 09:00:00,8.7,300,-9.97472,-68.81,7.534421012924615,-4.3500000000000005
2012-11-19 10:00:00,8.0,297,-9.97472,-68.81,7.128052193506944,-3.631923997916373
2012-11-19 11:00:00,7.3,303,-9.97472,-68.81,6.122295146001597,-3.9758649556096946
2012-11-19 12:00:00,7.8,304,-9.97472,-68.81,6.466493065929325,-4.361704647071827
2012-11-19 13:00:00,7.9,300,-9.97472,-68.81,6.841600689897065,-3.950000000000001
2012-11-19 14:00:00,7.4,299,-9.97472,-68.81,6.472185832831528,-3.5875911898228963
2012-11-19 15:00:00,7.1,319,-9.97472,-68.81,4.658019105832603,-5.35843801958168
2012-11-19 16:00:00,6.0,343,-9.97472,-68.81,1.7542302283364228,-5.7378285357782115
2012-11-19 17:00:00,5.4,8,-9.97472,-68.81,-0.7515347451843534,-5.34744757120448
2012-11-19 18:00:00,5.4,356,-9.97472,-68.81,0.37668495821827847,-5.386845871403051
2012-11-19 19:00:00,6.3,336,-9.97472,-68.81,2.562440851377541,-5.755336383148386
2012-11-19 20:00:00,7.7,349,-9.97472,-68.81,1.469229264399394,-7.558529312547013
2012-11-19 21:00:00,8.4,353,-9.97472,-68.81,1.0237024846032368,-8.337387673787106
2012-11-19 22:00:00,8.4,7,-9.97472,-68.81,-1.0237024846032388,-8.337387673787106
2012-11-19 23:00:00,7.9,24,-9.97472,-68.81,-3.2132194802988217,-7.217009115376547
2012-11-20 00:00:00,6.4,27,-9.97472,-68.81,-2.9055391983330994,-5.702441754805555
2012-11-20 01:00:00,4.7,23,-9.97472,-68.81,-1.8364363038995868,-4.32637281122647
2012-11-20 02:00:00,4.0,355,-9.97472,-68.81,0.3486229709906333,-3.984778792366982
2012-11-20 03:00:00,4.5,331,-9.97472,-68.81,2.181643291108516,-3.9357886821272814
2012-11-20 04:00:00,5.5,337,-9.97472,-68.81,2.1490212066910064,-5.062776693988422
2012-11-20 05:00:00,6.2,324,-9.97472,-68.81,3.644268564213335,-5.015905365124674
2012-11-20 06:00:00,6.2,306,-9.97472,-68.81,5.015905365124675,-3.6442685642133323
2012-11-20 07:00:00,3.9,236,-9.97472,-68.81,3.233246532964663,2.1808523235359116
2012-11-20 08:00:00,4.3,265,-9.97472,-68.81,4.283637201794505,0.37476969381493047
2012-11-20 09:00:00,7.2,288,-9.97472,-68.81,6.847606917325106,-2.22492235949962
2012-11-20 10:00:00,7.8,292,-9.97472,-68.81,7.232034065620942,-2.9219314286441134
2012-11-20 11:00:00,8.7,294,-9.97472,-68.81,7.947845481490629,-3.5386087947594578
2012-11-20 12:00:00,7.3,303,-9.97472,-68.81,6.122295146001597,-3.9758649556096946
2012-11-20 13:00:00,8.1,302,-9.97472,-68.81,6.869189578867052,-4.292346040288957
2012-11-20 14:00:00,6.1,310,-9.97472,-68.81,4.672871103025766,-3.921004419087889
2012-11-20 15:00:00,9.9,316,-9.97472,-68.81,6.877117867544077,-7.121464023352644
2012-11-20 16:00:00,10.5,319,-9.97472,-68.81,6.888619804400328,-7.924450592339105
2012-11-20 17:00:00,8.7,312,-9.97472,-68.81,6.465359981653332,-5.821436275322062
2012-11-20 18:00:00,6.6,331,-9.97472,-68.81,3.199743493625823,-5.772490067120012
2012-11-20 19:00:00,6.6,311,-9.97472,-68.81,4.981083229470297,-4.3299895913373465
2012-11-20 20:00:00,4.6,315,-9.97472,-68.81,3.2526911934581193,-3.2526911934581175
2012-11-20 21:00:00,5.9,346,-9.97472,-68.81,1.4273391840380405,-5.7247447850283795
2012-11-20 22:00:00,4.3,5,-9.97472,-68.81,-0.3747696938149301,-4.283637201794505
2012-11-20 23:00:00,3.9,34,-9.97472,-68.81,-2.180852323535913,-3.2332465329646625
2012-11-21 00:00:00,3.4,58,-9.97472,-68.81,-2.883363526931848,-1.8017254983928965
2012-11-21 01:00:00,3.1,54,-9.97472,-68.81,-2.5079526825623373,-1.8221342821066668
2012-11-21 02:00:00,3.6,37,-9.97472,-68.81,-2.166534083347374,-2.875087836170254
2012-11-21 03:00:00,3.5,24,-9.97472,-68.81,-1.4235782507653008,-3.197409101749103
2012-11-21 04:00:00,3.3,6,-9.97472,-68.81,-0.3449439287832564,-3.2819222547153015
2012-11-21 05:00:00,3.0,346,-9.97472,-68.81,0.7257656867990037,-2.9108871788279895
2012-11-21 06:00:00,4.3,336,-9.97472,-68.81,1.7489675652259407,-3.928245467863184
2012-11-21 07:00:00,4.3,312,-9.97472,-68.81,3.1955227495527967,-2.8772616073430886
2012-11-21 08:00:00,2.4,243,-9.97472,-68.81,2.138415658052083,1.0895771993749126
2012-11-21 09:00:00,2.2,261,-9.97472,-68.81,2.172914349309303,0.3441558230885083
2012-11-21 10:00:00,2.3,288,-9.97472,-68.81,2.187429987478853,-0.7107390870623785
2012-11-21 11:00:00,2.5,278,-9.97472,-68.81,2.475670171853926,-0.34793275240016364
2012-11-21 12:00:00,4.0,297,-9.97472,-68.81,3.564026096753472,-1.8159619989581866
2012-11-21 13:00:00,5.4,307,-9.97472,-68.81,4.312631754255383,-3.249801125021059
2012-11-21 14:00:00,6.0,303,-9.97472,-68.81,5.032023407672545,-3.26783421009016
2012-11-21 15:00:00,9.4,310,-9.97472,-68.81,7.200817765318394,-6.042203531053469
2012-11-21 16:00:00,5.4,307,-9.97472,-68.81,4.312631754255383,-3.249801125021059
2012-11-21 17:00:00,4.8,283,-9.97472,-68.81,4.676976310969129,-1.0797650608505516
2012-11-21 18:00:00,0.8,297,-9.97472,-68.81,0.7128052193506944,-0.3631923997916373
2012-11-21 19:00:00,2.5,360,-9.97472,-68.81,6.123233995736766e-16,-2.5
2012-11-21 20:00:00,4.6,321,-9.97472,-68.81,2.894873798829254,-3.5748714227020644
2012-11-21 21:00:00,6.7,324,-9.97472,-68.81,3.9381611903595717,-5.420413862312147
2012-11-21 22:00:00,5.4,323,-9.97472,-68.81,3.2498011250210608,-4.312631754255381
2012-11-21 23:00:00,4.2,301,-9.97472,-68.81,3.600102662948872,-2.1631599146222276
2012-11-22 00:00:00,4.8,297,-9.97472,-68.81,4.2768313161041664,-2.179154398749824
2012-11-22 01:00:00,4.9,306,-9.97472,-68.81,3.964183272437243,-2.8801477362331176
2012-11-22 02:00:00,5.6,310,-9.97472,-68.81,4.289848881466277,-3.5996106142446194
2012-11-22 03:00:00,5.6,315,-9.97472,-68.81,3.9597979746446668,-3.959797974644665
2012-11-22 04:00:00,4.9,306,-9.97472,-68.81,3.964183272437243,-2.8801477362331176
2012-11-22 05:00:00,4.7,302,-9.97472,-68.81,3.985826051935203,-2.490620541896062
2012-11-22 06:00:00,5.0,300,-9.97472,-68.81,4.330127018922193,-2.5000000000000004
2012-11-22 07:00:00,4.2,301,-9.97472,-68.81,3.600102662948872,-2.1631599146222276
2012-11-22 08:00:00,4.9,306,-9.97472,-68.81,3.964183272437243,-2.8801477362331176
2012-11-22 09:00:00,5.8,300,-9.97472,-68.81,5.0229473419497435,-2.9000000000000004
2012-11-22 10:00:00,9.2,301,-9.97472,-68.81,7.8859391664594325,-4.738350289172498
2012-11-22 11:00:00,8.9,313,-9.97472,-68.81,6.509047944410616,-6.069785404556238
2012-11-22 12:00:00,9.3,324,-9.97472,-68.81,5.466402846320003,-7.5238580476870105
2012-11-22 13:00:00,9.7,329,-9.97472,-68.81,4.9958693266275285,-8.314522816810486
2012-11-22 14:00:00,10.7,320,-9.97472,-68.81,6.877827423645973,-8.196675541373061
2012-11-22 15:00:00,11.1,331,-9.97472,-68.81,5.38138678473434,-9.708278749247294
2012-11-22 16:00:00,6.5,357,-9.97472,-68.81,0.3401837155791384,-6.49109197590473
2012-11-22 17:00:00,10.1,358,-9.97472,-68.81,0.35248491669525833,-10.093847352892867
2012-11-22 18:00:00,8.2,345,-9.97472,-68.81,2.1223161698406696,-7.92059177557036
2012-11-22 19:00:00,7.0,348,-9.97472,-68.81,1.4553818357243191,-6.847033205136639
2012-11-22 20:00:00,7.9,3,-9.97472,-68.81,-0.4134540543192563,-7.889173324561134
2012-11-22 21:00:00,8.6,15,-9.97472,-68.81,-2.2258437878816784,-8.306962106085987
2012-11-22 22:00:00,8.6,2,-9.97472,-68.81,-0.30013567164150834,-8.594761112364223
2012-11-22 23:00:00,9.4,358,-9.97472,-68.81,0.32805526900350773,-9.394273773979501
2012-11-23 00:00:00,10.0,347,-9.97472,-68.81,2.2495105434386535,-9.743700647852352
2012-11-23 01:00:00,10.0,347,-9.97472,-68.81,2.2495105434386535,-9.743700647852352
2012-11-23 02:00:00,9.4,342,-9.97472,-68.81,2.904759747124508,-8.939931253174443
2012-11-23 03:00:00,8.4,335,-9.97472,-68.81,3.5499933986218735,-7.612985411107861
2012-11-23 04:00:00,7.9,336,-9.97472,-68.81,3.213219480298821,-7.217009115376548
2012-11-23 05:00:00,7.8,338,-9.97472,-68.81,2.921931428644116,-7.232034065620941
2012-11-23 06:00:00,7.2,342,-9.97472,-68.81,2.224922359499623,-6.8476069173251055
2012-11-23 07:00:00,6.5,341,-9.97472,-68.81,2.1161930039715187,-6.1458707413955596
2012-11-23 08:00:00,7.2,333,-9.97472,-68.81,3.2687315981247385,-6.415246974156248
2012-11-23 09:00:00,11.3,329,-9.97472,-68.81,5.819930246483616,-9.685990497933867
2012-11-23 10:00:00,12.5,327,-9.97472,-68.81,6.807987937687837,-10.4833820993178
2012-11-23 11:00:00,11.7,326,-9.97472,-68.81,6.542556970607735,-9.69973959889399
2012-11-23 12:00:00,9.7,329,-9.97472,-68.81,4.9958693266275285,-8.314522816810486
2012-11-23 13:00:00,9.7,329,-9.97472,-68.81,4.9958693266275285,-8.314522816810486
2012-11-23 14:00:00,10.6,332,-9.97472,-68.81,4.976398565530443,-9.359244484304625
2012-11-23 15:00:00,11.4,332,-9.97472,-68.81,5.351975815759156,-10.065602558591767
2012-11-23 16:00:00,11.9,331,-9.97472,-68.81,5.769234480931409,-10.407974514958811
2012-11-23 17:00:00,9.6,326,-9.97472,-68.81,5.368251873319167,-7.958760696528401
2012-11-23 18:00:00,7.8,326,-9.97472,-68.81,4.361704647071823,-6.466493065929326
2012-11-23 19:00:00,8.7,330,-9.97472,-68.81,4.350000000000003,-7.534421012924613
2012-11-23 20:00:00,7.8,347,-9.97472,-68.81,1.7546182238821495,-7.600086505324834
2012-11-23 21:00:00,7.1,336,-9.97472,-68.81,2.887830165838181,-6.486172749262467
2012-11-23 22:00:00,8.5,348,-9.97472,-68.81,1.767249371950959,-8.314254606237347
2012-11-23 23:00:00,7.9,3,-9.97472,-68.81,-0.4134540543192563,-7.889173324561134
2012-11-24 00:00:00,8.0,5,-9.97472,-68.81,-0.6972459419812653,-7.969557584733964
2012-11-24 01:00:00,8.6,360,-9.97472,-68.81,2.1063924945334474e-15,-8.6
2012-11-24 02:00:00,8.3,358,-9.97472,-68.81,0.28966582263075685,-8.294943864258496
2012-11-24 03:00:00,7.9,360,-9.97472,-68.81,1.934941942652818e-15,-7.9
2012-11-24 04:00:00,7.9,360,-9.97472,-68.81,1.934941942652818e-15,-7.9
2012-11-24 05:00:00,7.6,355,-9.97472,-68.81,0.6623836448822031,-7.571079705497266
2012-11-24 06:00:00,7.3,349,-9.97472,-68.81,1.392905666248776,-7.165878439167947
2012-11-24 07:00:00,7.9,357,-9.97472,-68.81,0.4134540543192605,-7.889173324561134
2012-11-24 08:00:00,6.5,341,-9.97472,-68.81,2.1161930039715187,-6.1458707413955596
2012-11-24 09:00:00,6.0,335,-9.97472,-68.81,2.535709570444195,-5.4378467222199
2012-11-24 10:00:00,7.5,343,-9.97472,-68.81,2.1927877854205287,-7.172285669722765
2012-11-24 11:00:00,8.9,346,-9.97472,-68.81,2.153104870837044,-8.635631963856369
2012-11-24 12:00:00,10.0,339,-9.97472,-68.81,3.5836794954530076,-9.335804264972015
2012-11-24 13:00:00,9.5,335,-9.97472,-68.81,4.014873486536643,-8.609923976848176
2012-11-24 14:00:00,9.6,340,-9.97472,-68.81,3.2833933759264187,-9.02104915954472
2012-11-24 15:00:00,8.0,324,-9.97472,-68.81,4.702282018339787,-6.472135954999579
2012-11-24 16:00:00,7.7,323,-9.97472,-68.81,4.6339756782707715,-6.149493427364155
2012-11-24 17:00:00,6.8,328,-9.97472,-68.81,3.603450996785794,-5.766727053863696
2012-11-24 18:00:00,2.3,309,-9.97472,-68.81,1.7874357113510326,-1.447436899414626
2012-11-24 19:00:00,1.9,248,-9.97472,-68.81,1.7616493236768958,0.7117525274902333
2012-11-24 20:00:00,3.6,225,-9.97472,-68.81,2.545584412271571,2.545584412271572
2012-11-24 21:00:00,1.1,198,-9.97472,-68.81,0.33991869381244205,1.046162167924669
2012-11-24 22:00:00,1.1,108,-9.97472,-68.81,-1.046162167924669,0.3399186938124421
2012-11-24 23:00:00,2.3,108,-9.97472,-68.81,-2.187429987478853,0.7107390870623789
2012-11-25 00:00:00,1.6,117,-9.97472,-68.81,-1.4256104387013888,0.7263847995832747
2012-11-25 01:00:00,0.8,207,-9.97472,-68.81,0.36319239979163737,0.7128052193506944
2012-11-25 02:00:00,3.7,209,-9.97472,-68.81,1.7937955949114468,3.236092916415765
2012-11-25 03:00:00,4.8,193,-9.97472,-68.81,1.0797650608505518,4.676976310969129
2012-11-25 04:00:00,3.6,186,-9.97472,-68.81,0.3763024677635526,3.580278823325784
2012-11-25 05:00:00,4.0,175,-9.97472,-68.81,-0.3486229709906328,3.984778792366982
2012-11-25 06:00:00,3.2,180,-9.97472,-68.81,-3.9188697572715305e-16,3.2
2012-11-25 07:00:00,4.8,138,-9.97472,-68.81,-3.21182691052252,3.567095162291491
2012-11-25 08:00:00,4.1,142,-9.97472,-68.81,-2.5242120488351993,3.2308440897875594
2012-11-25 09:00:00,3.6,127,-9.97472,-68.81,-2.8750878361702537,2.1665340833473743
2012-11-25 10:00:00,5.2,124,-9.97472,-68.81,-4.3109953772862175,2.907803098047883
2012-11-25 11:00:00,6.6,112,-9.97472,-68.81,-6.1194134401407965,2.4724035165450196
2012-11-25 12:00:00,6.6,103,-9.97472,-68.81,-6.430842427582553,1.4846769586695092
2012-11-25 13:00:00,5.4,110,-9.97472,-68.81,-5.074340152243906,1.8469087739586112
2012-11-25 14:00:00,3.1,126,-9.97472,-68.81,-2.5079526825623373,1.8221342821066664
2012-11-25 15:00:00,1.6,153,-9.97472,-68.81,-0.7263847995832751,1.4256104387013886
2012-11-25 16:00:00,2.5,188,-9.97472,-68.81,0.3479327524001638,2.475670171853926
2012-11-25 17:00:00,6.2,159,-9.97472,-68.81,-2.2218812871808615,5.788198644282651
2012-11-25 18:00:00,8.4,160,-9.97472,-68.81,-2.8729692039356185,7.893418014601631
2012-11-25 19:00:00,9.3,152,-9.97472,-68.81,-4.366085533908784,8.211412613588022
2012-11-25 20:00:00,6.0,155,-9.97472,-68.81,-2.535709570444197,5.437846722219899
2012-11-25 21:00:00,3.1,111,-9.97472,-68.81,-2.8940993221413254,1.1109406435904308
2012-11-25 22:00:00,3.2,63,-9.97472,-68.81,-2.851220877402777,-1.45276959916655
2012-11-25 23:00:00,3.4,72,-9.97472,-68.81,-3.233592155403522,-1.0506577808748212
2012-11-26 00:00:00,4.0,117,-9.97472,-68.81,-3.5640260967534716,1.8159619989581868
2012-11-26 01:00:00,5.6,130,-9.97472,-68.81,-4.289848881466277,3.5996106142446203
2012-11-26 02:00:00,4.1,142,-9.97472,-68.81,-2.5242120488351993,3.2308440897875594
2012-11-26 03:00:00,3.6,180,-9.97472,-68.81,-4.4087284769304716e-16,3.6
2012-11-26 04:00:00,2.6,214,-9.97472,-68.81,1.4539015490239415,2.1554976886431088
2012-11-26 05:00:00,1.8,191,-9.97472,-68.81,0.3434561916777805,1.7669289302057951
2012-11-26 06:00:00,2.4,153,-9.97472,-68.81,-1.0895771993749124,2.138415658052083
2012-11-26 07:00:00,1.5,256,-9.97472,-68.81,1.4554435894139948,0.36288284339950166
2012-11-26 08:00:00,1.6,243,-9.97472,-68.81,1.4256104387013886,0.7263847995832751
2012-11-26 09:00:00,2.2,279,-9.97472,-68.81,2.1729143493093033,-0.3441558230885075
2012-11-26 10:00:00,3.4,302,-9.97472,-68.81,2.883363526931849,-1.8017254983928959
2012-11-26 11:00:00,3.6,307,-9.97472,-68.81,2.875087836170255,-2.1665340833473725
2012-11-26 12:00:00,3.6,315,-9.97472,-68.81,2.545584412271572,-2.5455844122715705
2012-11-26 13:00:00,3.6,323,-9.97472,-68.81,2.166534083347374,-2.875087836170254
2012-11-26 14:00:00,4.0,333,-9.97472,-68.81,1.8159619989581879,-3.564026096753471
2012-11-26 15:00:00,3.9,338,-9.97472,-68.81,1.460965714322058,-3.6160170328104706
2012-11-26 16:00:00,4.0,333,-9.97472,-68.81,1.8159619989581879,-3.564026096753471
2012-11-26 17:00:00,3.4,288,-9.97472,-68.81,3.2335921554035223,-1.0506577808748205
2012-11-26 18:00:00,6.2,280,-9.97472,-68.81,6.105808068675691,-1.0766187015349657
2012-11-26 19:00:00,7.6,315,-9.97472,-68.81,5.374011537017762,-5.3740115370177595
2012-11-26 20:00:00,8.5,332,-9.97472,-68.81,3.990508283680072,-7.505054539300878
2012-11-26 21:00:00,8.1,328,-9.97472,-68.81,4.292346040288961,-6.86918957886705
2012-11-26 22:00:00,6.9,317,-9.97472,-68.81,4.705788684431238,-5.046340541172278
2012-11-26 23:00:00,5.3,298,-9.97472,-68.81,4.6796222421523135,-2.488199282765219
2012-11-27 00:00:00,5.5,293,-9.97472,-68.81,5.062776693988423,-2.149021206691004
2012-11-27 01:00:00,5.9,308,-9.97472,-68.81,4.649263446279659,-3.6324027044213856
2012-11-27 02:00:00,6.2,324,-9.97472,-68.81,3.644268564213335,-5.015905365124674
2012-11-27 03:00:00,7.3,327,-9.97472,-68.81,3.9758649556096968,-6.122295146001595
2012-11-27 04:00:00,7.4,321,-9.97472,-68.81,4.656970893768801,-5.750880114781583
2012-11-27 05:00:00,7.7,319,-9.97472,-68.81,5.051654523226907,-5.811263767715344
2012-11-27 06:00:00,7.6,315,-9.97472,-68.81,5.374011537017762,-5.3740115370177595
2012-11-27 07:00:00,6.8,302,-9.97472,-68.81,5.766727053863698,-3.6034509967857917
2012-11-27 08:00:00,7.0,305,-9.97472,-68.81,5.7340643100229425,-4.015035054457322
2012-11-27 09:00:00,9.2,301,-9.97472,-68.81,7.8859391664594325,-4.738350289172498
2012-11-27 10:00:00,10.8,300,-9.97472,-68.81,9.353074360871938,-5.400000000000001
2012-11-27 11:00:00,12.5,303,-9.97472,-68.81,10.483382099317803,-6.807987937687833
2012-11-27 12:00:00,10.0,308,-9.97472,-68.81,7.880107536067218,-6.156614753256585
2012-11-27 13:00:00,9.4,310,-9.97472,-68.81,7.200817765318394,-6.042203531053469
2012-11-27 14:00:00,9.4,310,-9.97472,-68.81,7.200817765318394,-6.042203531053469
2012-11-27 15:00:00,9.3,306,-9.97472,-68.81,7.523858047687013,-5.4664028463199985
2012-11-27 16:00:00,10.4,304,-9.97472,-68.81,8.621990754572433,-5.815606196095769
2012-11-27 17:00:00,10.9,314,-9.97472,-68.81,7.8408038236912985,-7.57177623800307
2012-11-27 18:00:00,11.0,337,-9.97472,-68.81,4.298042413382013,-10.125553387976844
2012-11-27 19:00:00,9.4,337,-9.97472,-68.81,3.6728726077991745,-8.652745622452938
2012-11-27 20:00:00,7.0,348,-9.97472,-68.81,1.4553818357243191,-6.847033205136639
2012-11-27 21:00:00,8.3,358,-9.97472,-68.81,0.28966582263075685,-8.294943864258496
2012-11-27 22:00:00,8.6,358,-9.97472,-68.81,0.30013567164150706,-8.594761112364223
2012-11-27 23:00:00,9.4,360,-9.97472,-68.81,2.3023359823970243e-15,-9.4
2012-11-28 00:00:00,9.7,356,-9.97472,-68.81,0.6766377953180186,-9.676371287520293
2012-11-28 01:00:00,9.8,352,-9.97472,-68.81,1.3638963894086458,-9.704627073667389
2012-11-28 02:00:00,9.8,343,-9.97472,-68.81,2.8652427062828245,-9.371786608437747
2012-11-28 03:00:00,9.8,336,-9.97472,-68.81,3.986019102142842,-8.95274548489749
2012-11-28 04:00:00,9.3,332,-9.97472,-68.81,4.366085533908785,-8.21141261358802
2012-11-28 05:00:00,9.2,329,-9.97472,-68.81,4.738350289172501,-7.885939166459431
2012-11-28 06:00:00,9.1,326,-9.97472,-68.81,5.088655421583794,-7.54424191025088
2012-11-28 07:00:00,10.3,331,-9.97472,-68.81,4.99353908853727,-9.008582983535778
2012-11-28 08:00:00,10.2,328,-9.97472,-68.81,5.405176495178691,-8.650090580795544
2012-11-28 09:00:00,10.6,325,-9.97472,-68.81,6.079910225321092,-8.68301166946331
2012-11-28 10:00:00,12.1,323,-9.97472,-68.81,7.281961780139784,-9.663489671572243
2012-11-28 11:00:00,13.1,323,-9.97472,-68.81,7.883776803291832,-10.462125181619536
2012-11-28 12:00:00,13.8,321,-9.97472,-68.81,8.684621396487763,-10.724614268106194
2012-11-28 13:00:00,14.1,320,-9.97472,-68.81,9.063305296580207,-10.801226647977586
2012-11-28 14:00:00,14.0,325,-9.97472,-68.81,8.03007010891465,-11.468128620045881
2012-11-28 15:00:00,13.7,330,-9.97472,-68.81,6.850000000000006,-11.864548031846805
2012-11-28 16:00:00,12.9,333,-9.97472,-68.81,5.856477446640156,-11.493984162029944
2012-11-28 17:00:00,11.3,338,-9.97472,-68.81,4.23305450559981,-10.477177556604698
2012-11-28 18:00:00,9.3,344,-9.97472,-68.81,2.5634274090980904,-8.939733772226367
2012-11-28 19:00:00,7.4,346,-9.97472,-68.81,1.7902220274375422,-7.180188374442374
2012-11-28 20:00:00,8.4,353,-9.97472,-68.81,1.0237024846032368,-8.337387673787106
2012-11-28 21:00:00,8.7,5,-9.97472,-68.81,-0.7582549619046259,-8.666893873398186
2012-11-28 22:00:00,8.6,2,-9.97472,-68.81,-0.30013567164150834,-8.594761112364223
2012-11-28 23:00:00,9.0,358,-9.97472,-68.81,0.3140954703225074,-8.994517443171862
2012-11-29 00:00:00,9.4,358,-9.97472,-68.81,0.32805526900350773,-9.394273773979501
2012-11-29 01:00:00,9.2,349,-9.97472,-68.81,1.7554427574642109,-9.030970087718508
2012-11-29 02:00:00,9.2,349,-9.97472,-68.81,1.7554427574642109,-9.030970087718508
2012-11-29 03:00:00,9.1,351,-9.97472,-68.81,1.423553631866103,-8.987963899415753
2012-11-29 04:00:00,8.3,342,-9.97472,-68.81,2.5648410533120654,-7.893769085249775
2012-11-29 05:00:00,8.0,333,-9.97472,-68.81,3.6319239979163758,-7.128052193506942
2012-11-29 06:00:00,7.9,336,-9.97472,-68.81,3.213219480298821,-7.217009115376548
2012-11-29 07:00:00,8.0,355,-9.97472,-68.81,0.6972459419812665,-7.969557584733964
2012-11-29 08:00:00,8.3,2,-9.97472,-68.81,-0.2896658226307581,-8.294943864258496
2012-11-29 09:00:00,8.7,355,-9.97472,-68.81,0.7582549619046273,-8.666893873398186
2012-11-29 10:00:00,9.3,344,-9.97472,-68.81,2.5634274090980904,-8.939733772226367
2012-11-29 11:00:00,11.6,334,-9.97472,-68.81,5.085105302753302,-10.426010937070334
2012-11-29 12:00:00,12.3,328,-9.97472,-68.81,6.518006950068422,-10.43099158272404
2012-11-29 13:00:00,12.5,327,-9.97472,-68.81,6.807987937687837,-10.4833820993178
2012-11-29 14:00:00,11.5,328,-9.97472,-68.81,6.094071538681858,-9.7525531057989
2012-11-29 15:00:00,9.0,323,-9.97472,-68.81,5.416335208368435,-7.187719590425635
2012-11-29 16:00:00,10.6,336,-9.97472,-68.81,4.311408416603482,-9.68358185101157
2012-11-29 17:00:00,12.7,15,-9.97472,-68.81,-3.2870018728020134,-12.267257993871167
2012-11-29 18:00:00,8.4,7,-9.97472,-68.81,-1.0237024846032388,-8.337387673787106
2012-11-29 19:00:00,6.1,357,-9.97472,-68.81,0.31924933308196063,-6.0916401620029
2012-11-29 20:00:00,9.3,324,-9.97472,-68.81,5.466402846320003,-7.5238580476870105
2012-11-29 21:00:00,8.7,308,-9.97472,-68.81,6.855693556378479,-5.356254835333228
2012-11-29 22:00:00,3.9,292,-9.97472,-68.81,3.616017032810471,-1.4609657143220567
2012-11-29 23:00:00,6.4,313,-9.97472,-68.81,4.680663690362691,-4.364789504399991
2012-11-30 00:00:00,9.2,329,-9.97472,-68.81,4.738350289172501,-7.885939166459431
2012-11-30 01:00:00,10.3,324,-9.97472,-68.81,6.054188098612476,-8.332875042061959
2012-11-30 02:00:00,10.3,324,-9.97472,-68.81,6.054188098612476,-8.332875042061959
2012-11-30 03:00:00,10.2,328,-9.97472,-68.81,5.405176495178691,-8.650090580795544
2012-11-30 04:00:00,8.7,336,-9.97472,-68.81,3.538608794759461,-7.947845481490628
2012-11-30 05:00:00,8.0,350,-9.97472,-68.81,1.389185421335443,-7.878462024097664
2012-11-30 06:00:00,6.7,344,-9.97472,-68.81,1.8467702839738929,-6.440453362786736
2012-11-30 07:00:00,5.5,302,-9.97472,-68.81,4.664264528860344,-2.9145559532826257
2012-11-30 08:00:00,4.7,293,-9.97472,-68.81,4.32637281122647,-1.8364363038995855
2012-11-30 09:00:00,6.5,304,-9.97472,-68.81,5.38874422160777,-3.6347538725598554
2012-11-30 10:00:00,8.4,313,-9.97472,-68.81,6.143371093601031,-5.728786224524988
2012-11-30 11:00:00,13.2,315,-9.97472,-68.81,9.333809511662428,-9.333809511662425
2012-11-30 12:00:00,13.5,316,-9.97472,-68.81,9.377888001196467,-9.711087304571787
2012-11-30 13:00:00,9.7,315,-9.97472,-68.81,6.858935777509512,-6.858935777509509
2012-11-30 14:00:00,7.7,307,-9.97472,-68.81,6.149493427364157,-4.633975678270769
2012-11-30 15:00:00,9.7,312,-9.97472,-68.81,7.208504807130727,-6.4905668816809206
2012-11-30 16:00:00,8.2,308,-9.97472,-68.81,6.461688179575118,-5.0484240976704
2012-11-30 17:00:00,7.9,300,-9.97472,-68.81,6.841600689897065,-3.950000000000001
2012-11-30 18:00:00,10.5,301,-9.97472,-68.81,9.00025665737218,-5.407899786555569
2012-11-30 19:00:00,10.0,308,-9.97472,-68.81,7.880107536067218,-6.156614753256585
2012-11-30 20:00:00,8.6,327,-9.97472,-68.81,4.683895701129232,-7.212566884330647
2012-11-30 21:00:00,7.7,332,-9.97472,-68.81,3.6149310334513594,-6.798696465013737
2012-11-30 22:00:00,6.4,333,-9.97472,-68.81,2.9055391983331007,-5.702441754805554
2012-11-30 23:00:00,6.8,342,-9.97472,-68.81,2.1013155617496437,-6.467184310807044
2012-12-01 00:00:00,6.6,338,-9.97472,-68.81,2.4724035165450213,-6.119413440140796
2012-12-01 01:00:00,6.6,331,-9.97472,-68.81,3.199743493625823,-5.772490067120012
2012-12-01 02:00:00,7.0,325,-9.97472,-68.81,4.015035054457325,-5.734064310022941
2012-12-01 03:00:00,6.2,324,-9.97472,-68.81,3.644268564213335,-5.015905365124674
2012-12-01 04:00:00,5.3,332,-9.97472,-68.81,2.4881992827652213,-4.679622242152313
2012-12-01 05:00:00,4.8,347,-9.97472,-68.81,1.0797650608505536,-4.6769763109691285
2012-12-01 06:00:00,3.9,338,-9.97472,-68.81,1.460965714322058,-3.6160170328104706
2012-12-01 07:00:00,6.8,295,-9.97472,-68.81,6.162892951849219,-2.8738041798367573
2012-12-01 08:00:00,7.2,307,-9.97472,-68.81,5.75017567234051,-4.333068166694745
2012-12-01 09:00:00,8.6,303,-9.97472,-68.81,7.2125668843306485,-4.683895701129229
2012-12-01 10:00:00,7.3,303,-9.97472,-68.81,6.122295146001597,-3.9758649556096946
2012-12-01 11:00:00,6.1,310,-9.97472,-68.81,4.672871103025766,-3.921004419087889
2012-12-01 12:00:00,5.1,309,-9.97472,-68.81,3.9634444034305507,-3.209533994354171
2012-12-01 13:00:00,1.8,307,-9.97472,-68.81,1.4375439180851275,-1.0832670416736863
2012-12-01 14:00:00,2.9,353,-9.97472,-68.81,0.3534210958749269,-2.878383839759834
2012-12-01 15:00:00,6.0,335,-9.97472,-68.81,2.535709570444195,-5.4378467222199
2012-12-01 16:00:00,5.6,333,-9.97472,-68.81,2.542346798541463,-4.989636535454859
2012-12-01 17:00:00,6.4,322,-9.97472,-68.81,3.9402334420842124,-5.043268823083022
2012-12-01 18:00:00,5.8,330,-9.97472,-68.81,2.9000000000000026,-5.022947341949743
2012-12-01 19:00:00,3.8,311,-9.97472,-68.81,2.8678964048465345,-2.4930243101639267
2012-12-01 20:00:00,2.6,326,-9.97472,-68.81,1.453901549023941,-2.1554976886431088
2012-12-01 21:00:00,3.9,326,-9.97472,-68.81,2.1808523235359116,-3.233246532964663
2012-12-01 22:00:00,4.7,328,-9.97472,-68.81,2.490620541896064,-3.9858260519352022
2012-12-01 23:00:00,3.8,319,-9.97472,-68.81,2.493024310163928,-2.867896404846533
2012-12-02 00:00:00,3.3,319,-9.97472,-68.81,2.164994795668674,-2.490541614735147
2012-12-02 01:00:00,0.8,297,-9.97472,-68.81,0.7128052193506944,-0.3631923997916373
2012-12-02 02:00:00,2.9,277,-9.97472,-68.81,2.8783838397598336,-0.35342109587492826
2012-12-02 03:00:00,3.0,284,-9.97472,-68.81,2.9108871788279895,-0.7257656867990023
2012-12-02 04:00:00,4.2,301,-9.97472,-68.81,3.600102662948872,-2.1631599146222276
2012-12-02 05:00:00,3.9,292,-9.97472,-68.81,3.616017032810471,-1.4609657143220567
2012-12-02 06:00:00,3.7,281,-9.97472,-68.81,3.6320205787563564,-0.705993282893217
2012-12-02 07:00:00,5.5,259,-9.97472,-68.81,5.3989495089621515,1.0494494745709955
2012-12-02 08:00:00,5.9,256,-9.97472,-68.81,5.7247447850283795,1.42733918403804
2012-12-02 09:00:00,5.8,270,-9.97472,-68.81,5.8,1.0654427152581972e-15
2012-12-02 10:00:00,5.8,266,-9.97472,-68.81,5.78587149150698,0.40458754771592836
2012-12-02 11:00:00,4.0,275,-9.97472,-68.81,3.984778792366982,-0.34862297099063155
2012-12-02 12:00:00,4.2,290,-9.97472,-68.81,3.9467090073008153,-1.43648460196781
2012-12-02 13:00:00,5.0,291,-9.97472,-68.81,4.667902132486009,-1.791839747726502
2012-12-02 14:00:00,7.0,291,-9.97472,-68.81,6.535062985480412,-2.5085756468171025
2012-12-02 15:00:00,8.1,283,-9.97472,-68.81,7.892397524760405,-1.8221035401853058
2012-12-02 16:00:00,6.4,297,-9.97472,-68.81,5.702441754805555,-2.9055391983330985
2012-12-02 17:00:00,8.2,299,-9.97472,-68.81,7.1718815985430435,-3.9754388860199654
2012-12-02 18:00:00,4.2,329,-9.97472,-68.81,2.163159914622229,-3.600102662948871
2012-12-02 19:00:00,4.0,350,-9.97472,-68.81,0.6945927106677215,-3.939231012048832
2012-12-02 20:00:00,5.0,300,-9.97472,-68.81,4.330127018922193,-2.5000000000000004
2012-12-02 21:00:00,6.8,302,-9.97472,-68.81,5.766727053863698,-3.6034509967857917
2012-12-02 22:00:00,7.1,285,-9.97472,-68.81,6.858073366652386,-1.837615220227894
2012-12-02 23:00:00,6.8,295,-9.97472,-68.81,6.162892951849219,-2.8738041798367573
2012-12-03 00:00:00,7.1,285,-9.97472,-68.81,6.858073366652386,-1.837615220227894
2012-12-03 01:00:00,6.0,295,-9.97472,-68.81,5.437846722219899,-2.5357095704441974
2012-12-03 02:00:00,5.5,293,-9.97472,-68.81,5.062776693988423,-2.149021206691004
2012-12-03 03:00:00,6.0,287,-9.97472,-68.81,5.737828535778212,-1.7542302283364202
2012-12-03 04:00:00,5.8,292,-9.97472,-68.81,5.377666356487367,-2.1727182418122895
2012-12-03 05:00:00,6.1,310,-9.97472,-68.81,4.672871103025766,-3.921004419087889
2012-12-03 06:00:00,5.8,300,-9.97472,-68.81,5.0229473419497435,-2.9000000000000004
2012-12-03 07:00:00,6.8,295,-9.97472,-68.81,6.162892951849219,-2.8738041798367573
2012-12-03 08:00:00,7.7,298,-9.97472,-68.81,6.798696465013739,-3.6149310334513562
2012-12-03 09:00:00,7.7,298,-9.97472,-68.81,6.798696465013739,-3.6149310334513562
2012-12-03 10:00:00,11.3,292,-9.97472,-68.81,10.4771775566047,-4.233054505599806
2012-12-03 11:00:00,11.0,293,-9.97472,-68.81,10.125553387976845,-4.298042413382008
2012-12-03 12:00:00,11.1,295,-9.97472,-68.81,10.060016436106814,-4.691062705321765
2012-12-03 13:00:00,12.7,299,-9.97472,-68.81,11.107670280670323,-6.157082177128483
2012-12-03 14:00:00,12.6,301,-9.97472,-68.81,10.800307988846615,-6.489479743866682
2012-12-03 15:00:00,12.2,304,-9.97472,-68.81,10.114258385171507,-6.8221534223431135
2012-12-03 16:00:00,11.4,305,-9.97472,-68.81,9.338333304894507,-6.538771374401925
2012-12-03 17:00:00,10.5,308,-9.97472,-68.81,8.274112912870578,-6.464445490919414
2012-12-03 18:00:00,8.4,313,-9.97472,-68.81,6.143371093601031,-5.728786224524988
2012-12-03 19:00:00,8.7,336,-9.97472,-68.81,3.538608794759461,-7.947845481490628
2012-12-03 20:00:00,10.6,336,-9.97472,-68.81,4.311408416603482,-9.68358185101157
2012-12-03 21:00:00,6.4,333,-9.97472,-68.81,2.9055391983331007,-5.702441754805554
2012-12-03 22:00:00,4.5,331,-9.97472,-68.81,2.181643291108516,-3.9357886821272814
2012-12-03 23:00:00,5.1,356,-9.97472,-68.81,0.3557580160950407,-5.087576656325103
2012-12-04 00:00:00,5.1,4,-9.97472,-68.81,-0.35575801609503904,-5.087576656325103
2012-12-04 01:00:00,5.4,8,-9.97472,-68.81,-0.7515347451843534,-5.34744757120448
2012-12-04 02:00:00,6.8,3,-9.97472,-68.81,-0.3558845024520181,-6.790680836331102
2012-12-04 03:00:00,6.8,360,-9.97472,-68.81,1.6655196468404002e-15,-6.8
2012-12-04 04:00:00,6.7,344,-9.97472,-68.81,1.8467702839738929,-6.440453362786736
2012-12-04 05:00:00,6.0,335,-9.97472,-68.81,2.535709570444195,-5.4378467222199
2012-12-04 06:00:00,5.6,345,-9.97472,-68.81,1.4493866525741157,-5.4091846272187825
2012-12-04 07:00:00,7.0,339,-9.97472,-68.81,2.508575646817105,-6.535062985480411
2012-12-04 08:00:00,6.5,341,-9.97472,-68.81,2.1161930039715187,-6.1458707413955596
2012-12-04 09:00:00,6.2,339,-9.97472,-68.81,2.2218812871808646,-5.78819864428265
2012-12-04 10:00:00,7.9,336,-9.97472,-68.81,3.213219480298821,-7.217009115376548
2012-12-04 11:00:00,8.4,340,-9.97472,-68.81,2.8729692039356163,-7.8934180146016315
2012-12-04 12:00:00,7.5,343,-9.97472,-68.81,2.1927877854205287,-7.172285669722765
2012-12-04 13:00:00,8.0,352,-9.97472,-68.81,1.113384807680527,-7.922144549932562
2012-12-04 14:00:00,7.8,347,-9.97472,-68.81,1.7546182238821495,-7.600086505324834
2012-12-04 15:00:00,6.8,357,-9.97472,-68.81,0.3558845024520217,-6.790680836331102
2012-12-04 16:00:00,4.1,345,-9.97472,-68.81,1.0611580849203348,-3.96029588778518
2012-12-04 17:00:00,5.5,349,-9.97472,-68.81,1.0494494745709957,-5.3989495089621515
2012-12-04 18:00:00,8.8,305,-9.97472,-68.81,7.208537989743128,-5.047472639889206
2012-12-04 19:00:00,8.1,315,-9.97472,-68.81,5.727564927611036,-5.727564927611033
2012-12-04 20:00:00,5.2,326,-9.97472,-68.81,2.907803098047882,-4.3109953772862175
2012-12-04 21:00:00,6.1,320,-9.97472,-68.81,3.9210044190878914,-4.672871103025765
2012-12-04 22:00:00,7.1,300,-9.97472,-68.81,6.148780366869514,-3.5500000000000007
2012-12-04 23:00:00,4.4,279,-9.97472,-68.81,4.3458286986186065,-0.688311646177015
2012-12-05 00:00:00,4.4,305,-9.97472,-68.81,3.604268994871564,-2.523736319944603
2012-12-05 01:00:00,5.4,340,-9.97472,-68.81,1.8469087739586105,-5.074340152243906
2012-12-05 02:00:00,9.1,351,-9.97472,-68.81,1.423553631866103,-8.987963899415753
2012-12-05 03:00:00,8.1,347,-9.97472,-68.81,1.8221035401853092,-7.892397524760404
2012-12-05 04:00:00,4.8,318,-9.97472,-68.81,3.211826910522519,-3.5670951622914924
2012-12-05 05:00:00,4.6,321,-9.97472,-68.81,2.894873798829254,-3.5748714227020644
2012-12-05 06:00:00,4.5,331,-9.97472,-68.81,2.181643291108516,-3.9357886821272814
2012-12-05 07:00:00,5.2,348,-9.97472,-68.81,1.0811407922523513,-5.086367523815789
2012-12-05 08:00:00,6.2,339,-9.97472,-68.81,2.2218812871808646,-5.78819864428265
2012-12-05 09:00:00,6.0,335,-9.97472,-68.81,2.535709570444195,-5.4378467222199
2012-12-05 10:00:00,6.1,332,-9.97472,-68.81,2.8637765329939335,-5.385980316439453
2012-12-05 11:00:00,7.9,330,-9.97472,-68.81,3.9500000000000037,-6.841600689897064
2012-12-05 12:00:00,8.4,335,-9.97472,-68.81,3.5499933986218735,-7.612985411107861
2012-12-05 13:00:00,10.0,339,-9.97472,-68.81,3.5836794954530076,-9.335804264972015
2012-12-05 14:00:00,10.6,350,-9.97472,-68.81,1.840670683269462,-10.438962181929405
2012-12-05 15:00:00,9.4,342,-9.97472,-68.81,2.904759747124508,-8.939931253174443
2012-12-05 16:00:00,11.4,336,-9.97472,-68.81,4.636797731064122,-10.414418217125652
2012-12-05 17:00:00,8.0,324,-9.97472,-68.81,4.702282018339787,-6.472135954999579
2012-12-05 18:00:00,6.1,310,-9.97472,-68.81,4.672871103025766,-3.921004419087889
2012-12-05 19:00:00,6.2,324,-9.97472,-68.81,3.644268564213335,-5.015905365124674
2012-12-05 20:00:00,4.6,342,-9.97472,-68.81,1.4214781741247589,-4.3748599749577055
2012-12-05 21:00:00,6.9,351,-9.97472,-68.81,1.0793978087775948,-6.81504955010645
2012-12-05 22:00:00,6.8,360,-9.97472,-68.81,1.6655196468404002e-15,-6.8
2012-12-05 23:00:00,7.3,349,-9.97472,-68.81,1.392905666248776,-7.165878439167947
2012-12-06 00:00:00,6.8,335,-9.97472,-68.81,2.8738041798367546,-6.16289295184922
2012-12-06 01:00:00,7.2,333,-9.97472,-68.81,3.2687315981247385,-6.415246974156248
2012-12-06 02:00:00,7.1,330,-9.97472,-68.81,3.550000000000003,-6.148780366869512
2012-12-06 03:00:00,7.6,335,-9.97472,-68.81,3.211898789229314,-6.88793918147854
2012-12-06 04:00:00,7.3,340,-9.97472,-68.81,2.4967470462773806,-6.859756131737131
2012-12-06 05:00:00,7.3,349,-9.97472,-68.81,1.392905666248776,-7.165878439167947
2012-12-06 06:00:00,7.3,349,-9.97472,-68.81,1.392905666248776,-7.165878439167947
2012-12-06 07:00:00,7.6,335,-9.97472,-68.81,3.211898789229314,-6.88793918147854
2012-12-06 08:00:00,7.9,330,-9.97472,-68.81,3.9500000000000037,-6.841600689897064
2012-12-06 09:00:00,8.4,317,-9.97472,-68.81,5.728786224524986,-6.143371093601034
2012-12-06 10:00:00,10.2,312,-9.97472,-68.81,7.580077219869424,-6.825132184860349
2012-12-06 11:00:00,11.8,322,-9.97472,-68.81,7.264805408842767,-9.29852689255932
2012-12-06 12:00:00,12.3,320,-9.97472,-68.81,7.906287599144437,-9.422346650363428
2012-12-06 13:00:00,11.0,322,-9.97472,-68.81,6.77227622858224,-8.668118289673941
2012-12-06 14:00:00,11.3,323,-9.97472,-68.81,6.800509761618146,-9.02458126353441
2012-12-06 15:00:00,10.5,322,-9.97472,-68.81,6.464445490919411,-8.274112912870581
2012-12-06 16:00:00,9.6,326,-9.97472,-68.81,5.368251873319167,-7.958760696528401
2012-12-06 17:00:00,10.0,319,-9.97472,-68.81,6.560590289905074,-7.5470958022277195
2012-12-06 18:00:00,10.4,340,-9.97472,-68.81,3.5570094905869536,-9.772803256173448
2012-12-06 19:00:00,7.8,347,-9.97472,-68.81,1.7546182238821495,-7.600086505324834
2012-12-06 20:00:00,7.9,357,-9.97472,-68.81,0.4134540543192605,-7.889173324561134
2012-12-06 21:00:00,7.2,360,-9.97472,-68.81,1.7634913907721887e-15,-7.2
2012-12-06 22:00:00,6.9,332,-9.97472,-68.81,3.2393537832226467,-6.092338390726596
2012-12-06 23:00:00,7.1,330,-9.97472,-68.81,3.550000000000003,-6.148780366869512
2012-12-07 00:00:00,7.4,346,-9.97472,-68.81,1.7902220274375422,-7.180188374442374
2012-12-07 01:00:00,8.3,355,-9.97472,-68.81,0.7233926648055641,-8.268415994161488
2012-12-07 02:00:00,8.6,345,-9.97472,-68.81,2.225843787881678,-8.306962106085987
2012-12-07 03:00:00,7.0,339,-9.97472,-68.81,2.508575646817105,-6.535062985480411
2012-12-07 04:00:00,6.2,339,-9.97472,-68.81,2.2218812871808646,-5.78819864428265
2012-12-07 05:00:00,5.3,332,-9.97472,-68.81,2.4881992827652213,-4.679622242152313
2012-12-07 06:00:00,3.9,304,-9.97472,-68.81,3.2332465329646625,-2.1808523235359134
2012-12-07 07:00:00,5.4,356,-9.97472,-68.81,0.37668495821827847,-5.386845871403051
2012-12-07 08:00:00,4.9,343,-9.97472,-68.81,1.4326213531414123,-4.685893304218873
2012-12-07 09:00:00,6.4,344,-9.97472,-68.81,1.7640790772287933,-6.1520748540052415
2012-12-07 10:00:00,10.2,342,-9.97472,-68.81,3.1519733426244656,-9.700776466210565
2012-12-07 11:00:00,10.6,342,-9.97472,-68.81,3.2755801403744447,-10.081199072728626
2012-12-07 12:00:00,12.6,336,-9.97472,-68.81,5.124881702755082,-11.510672766296771
2012-12-07 13:00:00,11.9,331,-9.97472,-68.81,5.769234480931409,-10.407974514958811
2012-12-07 14:00:00,11.4,332,-9.97472,-68.81,5.351975815759156,-10.065602558591767
2012-12-07 15:00:00,11.0,337,-9.97472,-68.81,4.298042413382013,-10.125553387976844
2012-12-07 16:00:00,10.0,339,-9.97472,-68.81,3.5836794954530076,-9.335804264972015
2012-12-07 17:00:00,9.5,335,-9.97472,-68.81,4.014873486536643,-8.609923976848176
2012-12-07 18:00:00,7.1,315,-9.97472,-68.81,5.020458146424488,-5.0204581464244855
2012-12-07 19:00:00,9.1,351,-9.97472,-68.81,1.423553631866103,-8.987963899415753
2012-12-07 20:00:00,7.0,348,-9.97472,-68.81,1.4553818357243191,-6.847033205136639
2012-12-07 21:00:00,7.9,344,-9.97472,-68.81,2.1775351109542918,-7.59396739791272
2012-12-07 22:00:00,7.0,348,-9.97472,-68.81,1.4553818357243191,-6.847033205136639
2012-12-07 23:00:00,6.1,332,-9.97472,-68.81,2.8637765329939335,-5.385980316439453
2012-12-08 00:00:00,7.9,321,-9.97472,-68.81,4.971631089293719,-6.139453095510068
2012-12-08 01:00:00,8.4,320,-9.97472,-68.81,5.399415921366932,-6.434773322199414
2012-12-08 02:00:00,6.4,313,-9.97472,-68.81,4.680663690362691,-4.364789504399991
2012-12-08 03:00:00,5.2,304,-9.97472,-68.81,4.310995377286217,-2.9078030980478844
2012-12-08 04:00:00,4.7,279,-9.97472,-68.81,4.6421352007971475,-0.7352419856890842
2012-12-08 05:00:00,6.1,267,-9.97472,-68.81,6.0916401620029,0.31924933308196024
2012-12-08 06:00:00,6.2,263,-9.97472,-68.81,6.153786140176197,0.7555899291119125
2012-12-08 07:00:00,6.5,270,-9.97472,-68.81,6.5,1.1940306291686693e-15
2012-12-08 08:00:00,7.2,270,-9.97472,-68.81,7.2,1.3226185430791415e-15
2012-12-08 09:00:00,8.3,270,-9.97472,-68.81,8.3,1.5246852649384548e-15
2012-12-08 10:00:00,9.1,279,-9.97472,-68.81,8.987963899415753,-1.423553631866099
2012-12-08 11:00:00,7.9,286,-9.97472,-68.81,7.593967397912719,-2.1775351109542953
2012-12-08 12:00:00,5.4,290,-9.97472,-68.81,5.074340152243905,-1.8469087739586127
2012-12-08 13:00:00,5.3,332,-9.97472,-68.81,2.4881992827652213,-4.679622242152313
2012-12-08 14:00:00,5.2,348,-9.97472,-68.81,1.0811407922523513,-5.086367523815789
2012-12-08 15:00:00,4.3,355,-9.97472,-68.81,0.37476969381493075,-4.283637201794505
2012-12-08 16:00:00,3.3,347,-9.97472,-68.81,0.7423384793347556,-3.215421213791276
2012-12-08 17:00:00,3.7,331,-9.97472,-68.81,1.7937955949114466,-3.236092916415765
2012-12-08 18:00:00,1.1,342,-9.97472,-68.81,0.3399186938124424,-1.0461621679246689
2012-12-08 19:00:00,4.3,228,-9.97472,-68.81,3.195522749552796,2.87726160734309
2012-12-08 20:00:00,4.3,222,-9.97472,-68.81,2.8772616073430903,3.195522749552795
2012-12-08 21:00:00,3.9,202,-9.97472,-68.81,1.460965714322057,3.616017032810471
2012-12-08 22:00:00,5.1,188,-9.97472,-68.81,0.7097828148963341,5.050367150582008
2012-12-08 23:00:00,4.7,184,-9.97472,-68.81,0.3278554265973888,4.688551036221174
2012-12-09 00:00:00,3.6,186,-9.97472,-68.81,0.3763024677635526,3.580278823325784
2012-12-09 01:00:00,1.8,143,-9.97472,-68.81,-1.0832670416736867,1.4375439180851273
2012-12-09 02:00:00,5.4,48,-9.97472,-68.81,-4.012982057577929,-3.6133052743378347
2012-12-09 03:00:00,2.7,23,-9.97472,-68.81,-1.0549740469210394,-2.485363104321589
2012-12-09 04:00:00,2.3,219,-9.97472,-68.81,1.4474368994146265,1.7874357113510326
2012-12-09 05:00:00,4.8,207,-9.97472,-68.81,2.179154398749824,4.276831316104166
2012-12-09 06:00:00,5.4,222,-9.97472,-68.81,3.6133052743378347,4.012982057577929
2012-12-09 07:00:00,4.8,228,-9.97472,-68.81,3.567095162291493,3.211826910522519
2012-12-09 08:00:00,4.0,207,-9.97472,-68.81,1.8159619989581868,3.5640260967534716
2012-12-09 09:00:00,1.9,202,-9.97472,-68.81,0.7117525274902328,1.761649323676896
2012-12-09 10:00:00,1.0,225,-9.97472,-68.81,0.7071067811865475,0.7071067811865477
2012-12-09 11:00:00,2.3,231,-9.97472,-68.81,1.7874357113510322,1.447436899414627
2012-12-09 12:00:00,3.9,248,-9.97472,-68.81,3.6160170328104706,1.460965714322058
2012-12-09 13:00:00,4.3,265,-9.97472,-68.81,4.283637201794505,0.37476969381493047
2012-12-09 14:00:00,4.2,239,-9.97472,-68.81,3.600102662948871,2.163159914622229
2012-12-09 15:00:00,0.5,225,-9.97472,-68.81,0.35355339059327373,0.35355339059327384
2012-12-09 16:00:00,3.7,29,-9.97472,-68.81,-1.7937955949114472,-3.2360929164157644
2012-12-09 17:00:00,4.2,70,-9.97472,-68.81,-3.9467090073008153,-1.436484601967809
2012-12-09 18:00:00,4.0,95,-9.97472,-68.81,-3.984778792366982,0.34862297099063294
2012-12-09 19:00:00,4.2,110,-9.97472,-68.81,-3.9467090073008158,1.4364846019678086
2012-12-09 20:00:00,3.8,73,-9.97472,-68.81,-3.6339580726595346,-1.1110124779463997
2012-12-09 21:00:00,4.4,55,-9.97472,-68.81,-3.604268994871564,-2.5237363199446032
2012-12-09 22:00:00,5.8,68,-9.97472,-68.81,-5.377666356487367,-2.1727182418122895
2012-12-09 23:00:00,4.1,52,-9.97472,-68.81,-3.23084408978756,-2.524212048835199
2012-12-10 00:00:00,4.8,42,-9.97472,-68.81,-3.2118269105225195,-3.5670951622914924
2012-12-10 01:00:00,3.6,354,-9.97472,-68.81,0.3763024677635523,-3.580278823325784
2012-12-10 02:00:00,4.1,345,-9.97472,-68.81,1.0611580849203348,-3.96029588778518
2012-12-10 03:00:00,3.8,319,-9.97472,-68.81,2.493024310163928,-2.867896404846533
2012-12-10 04:00:00,3.5,294,-9.97472,-68.81,3.1974091017491038,-1.4235782507652992
2012-12-10 05:00:00,3.2,297,-9.97472,-68.81,2.8512208774027776,-1.4527695991665492
2012-12-10 06:00:00,5.4,290,-9.97472,-68.81,5.074340152243905,-1.8469087739586127
2012-12-10 07:00:00,4.9,306,-9.97472,-68.81,3.964183272437243,-2.8801477362331176
2012-12-10 08:00:00,5.6,285,-9.97472,-68.81,5.4091846272187825,-1.4493866525741135
2012-12-10 09:00:00,6.0,287,-9.97472,-68.81,5.737828535778212,-1.7542302283364202
2012-12-10 10:00:00,6.6,292,-9.97472,-68.81,6.1194134401407965,-2.4724035165450187
2012-12-10 11:00:00,5.5,302,-9.97472,-68.81,4.664264528860344,-2.9145559532826257
2012-12-10 12:00:00,5.5,302,-9.97472,-68.81,4.664264528860344,-2.9145559532826257
2012-12-10 13:00:00,3.8,311,-9.97472,-68.81,2.8678964048465345,-2.4930243101639267
2012-12-10 14:00:00,1.8,323,-9.97472,-68.81,1.083267041673687,-1.437543918085127
2012-12-10 15:00:00,3.8,17,-9.97472,-68.81,-1.1110124779463997,-3.6339580726595346
2012-12-10 16:00:00,4.5,14,-9.97472,-68.81,-1.0886485301985047,-4.366330768241984
2012-12-10 17:00:00,4.5,14,-9.97472,-68.81,-1.0886485301985047,-4.366330768241984
2012-12-10 18:00:00,5.1,356,-9.97472,-68.81,0.3557580160950407,-5.087576656325103
2012-12-10 19:00:00,4.3,318,-9.97472,-68.81,2.87726160734309,-3.195522749552795
2012-12-10 20:00:00,4.9,324,-9.97472,-68.81,2.88014773623312,-3.9641832724372423
2012-12-10 21:00:00,5.5,337,-9.97472,-68.81,2.1490212066910064,-5.062776693988422
2012-12-10 22:00:00,5.9,349,-9.97472,-68.81,1.1257730727216135,-5.791600382341218
2012-12-10 23:00:00,5.9,349,-9.97472,-68.81,1.1257730727216135,-5.791600382341218
2012-12-11 00:00:00,6.1,332,-9.97472,-68.81,2.8637765329939335,-5.385980316439453
2012-12-11 01:00:00,6.2,324,-9.97472,-68.81,3.644268564213335,-5.015905365124674
2012-12-11 02:00:00,6.4,322,-9.97472,-68.81,3.9402334420842124,-5.043268823083022
2012-12-11 03:00:00,6.2,324,-9.97472,-68.81,3.644268564213335,-5.015905365124674
2012-12-11 04:00:00,6.0,335,-9.97472,-68.81,2.535709570444195,-5.4378467222199
2012-12-11 05:00:00,5.2,335,-9.97472,-68.81,2.1976149610516362,-4.71280049259058
2012-12-11 06:00:00,5.1,321,-9.97472,-68.81,3.2095339943541727,-3.96344440343055
2012-12-11 07:00:00,5.7,325,-9.97472,-68.81,3.2693856872009652,-4.669166652447252
2012-12-11 08:00:00,6.7,324,-9.97472,-68.81,3.9381611903595717,-5.420413862312147
2012-12-11 09:00:00,8.9,320,-9.97472,-68.81,5.720809726210202,-6.817795543758902
2012-12-11 10:00:00,10.2,318,-9.97472,-68.81,6.825132184860353,-7.580077219869421
2012-12-11 11:00:00,9.5,323,-9.97472,-68.81,5.717242719944458,-7.587037345449282
2012-12-11 12:00:00,10.0,322,-9.97472,-68.81,6.156614753256582,-7.88010753606722
2012-12-11 13:00:00,10.3,324,-9.97472,-68.81,6.054188098612476,-8.332875042061959
2012-12-11 14:00:00,10.8,323,-9.97472,-68.81,6.4996022500421216,-8.625263508510763
2012-12-11 15:00:00,8.9,333,-9.97472,-68.81,4.040515447681968,-7.929958065276474
2012-12-11 16:00:00,9.3,332,-9.97472,-68.81,4.366085533908785,-8.21141261358802
2012-12-11 17:00:00,8.0,333,-9.97472,-68.81,3.6319239979163758,-7.128052193506942
2012-12-11 18:00:00,8.0,350,-9.97472,-68.81,1.389185421335443,-7.878462024097664
2012-12-11 19:00:00,4.8,27,-9.97472,-68.81,-2.1791543987498243,-4.276831316104166
2012-12-11 20:00:00,7.9,3,-9.97472,-68.81,-0.4134540543192563,-7.889173324561134
2012-12-11 21:00:00,7.3,9,-9.97472,-68.81,-1.1419715947936853,-7.210124886344506
2012-12-11 22:00:00,6.2,10,-9.97472,-68.81,-1.0766187015349682,-6.10580806867569
2012-12-11 23:00:00,6.0,25,-9.97472,-68.81,-2.5357095704441965,-5.437846722219899
2012-12-12 00:00:00,7.3,11,-9.97472,-68.81,-1.392905666248777,-7.165878439167947
2012-12-12 01:00:00,6.9,9,-9.97472,-68.81,-1.079397808777593,-6.815049550106451
2012-12-12 02:00:00,8.4,353,-9.97472,-68.81,1.0237024846032368,-8.337387673787106
2012-12-12 03:00:00,8.8,341,-9.97472,-68.81,2.8649997592229792,-8.320563465273988
2012-12-12 04:00:00,9.8,343,-9.97472,-68.81,2.8652427062828245,-9.371786608437747
2012-12-12 05:00:00,7.7,332,-9.97472,-68.81,3.6149310334513594,-6.798696465013737
2012-12-12 06:00:00,5.8,330,-9.97472,-68.81,2.9000000000000026,-5.022947341949743
2012-12-12 07:00:00,7.2,323,-9.97472,-68.81,4.333068166694748,-5.750175672340508
2012-12-12 08:00:00,7.2,323,-9.97472,-68.81,4.333068166694748,-5.750175672340508
2012-12-12 09:00:00,6.4,322,-9.97472,-68.81,3.9402334420842124,-5.043268823083022
2012-12-12 10:00:00,7.1,330,-9.97472,-68.81,3.550000000000003,-6.148780366869512
2012-12-12 11:00:00,10.0,319,-9.97472,-68.81,6.560590289905074,-7.5470958022277195
2012-12-12 12:00:00,10.5,311,-9.97472,-68.81,7.924450592339109,-6.888619804400324
2012-12-12 13:00:00,8.9,313,-9.97472,-68.81,6.509047944410616,-6.069785404556238
2012-12-12 14:00:00,8.4,320,-9.97472,-68.81,5.399415921366932,-6.434773322199414
2012-12-12 15:00:00,10.7,318,-9.97472,-68.81,7.1596974880397815,-7.951649632608118
2012-12-12 16:00:00,8.9,339,-9.97472,-68.81,3.189474750953177,-8.308865795825094
2012-12-12 17:00:00,9.9,341,-9.97472,-68.81,3.2231247291258516,-9.360633898433237
2012-12-12 18:00:00,10.3,331,-9.97472,-68.81,4.99353908853727,-9.008582983535778
2012-12-12 19:00:00,9.1,7,-9.97472,-68.81,-1.109011024986842,-9.032169979936029
2012-12-12 20:00:00,8.6,2,-9.97472,-68.81,-0.30013567164150834,-8.594761112364223
2012-12-12 21:00:00,9.9,350,-9.97472,-68.81,1.719116958902611,-9.74959675482086
2012-12-12 22:00:00,10.4,346,-9.97472,-68.81,2.515987714236546,-10.091075553270363
2012-12-12 23:00:00,9.8,332,-9.97472,-68.81,4.60082131530173,-8.652886410017484
2012-12-13 00:00:00,9.8,324,-9.97472,-68.81,5.76029547246624,-7.928366544874485
2012-12-13 01:00:00,9.7,333,-9.97472,-68.81,4.403707847473605,-8.642763284627167
2012-12-13 02:00:00,9.2,339,-9.97472,-68.81,3.296985135816767,-8.588939923774253
2012-12-13 03:00:00,8.0,333,-9.97472,-68.81,3.6319239979163758,-7.128052193506942
2012-12-13 04:00:00,8.2,331,-9.97472,-68.81,3.9754388860199623,-7.171881598543045
2012-12-13 05:00:00,7.7,332,-9.97472,-68.81,3.6149310334513594,-6.798696465013737
2012-12-13 06:00:00,7.1,319,-9.97472,-68.81,4.658019105832603,-5.35843801958168
2012-12-13 07:00:00,7.7,307,-9.97472,-68.81,6.149493427364157,-4.633975678270769
2012-12-13 08:00:00,8.0,306,-9.97472,-68.81,6.4721359549995805,-4.702282018339783
2012-12-13 09:00:00,10.2,309,-9.97472,-68.81,7.926888806861101,-6.419067988708342
2012-12-13 10:00:00,12.8,308,-9.97472,-68.81,10.08653764616604,-7.880466884168429
2012-12-13 11:00:00,13.6,307,-9.97472,-68.81,10.861442936643185,-8.184684314867852
2012-12-13 12:00:00,14.8,311,-9.97472,-68.81,11.16970178729703,-9.709673629059505
2012-12-13 13:00:00,12.0,311,-9.97472,-68.81,9.056514962673267,-7.872708347886085
2012-12-13 14:00:00,12.7,313,-9.97472,-68.81,9.288192010563463,-8.661379172793731
2012-12-13 15:00:00,11.3,307,-9.97472,-68.81,9.024581263534412,-6.800509761618142
2012-12-13 16:00:00,10.3,295,-9.97472,-68.81,9.334970206477495,-4.3529680959292065
2012-12-13 17:00:00,9.0,286,-9.97472,-68.81,8.651355263444868,-2.4807362023529946
2012-12-13 18:00:00,8.7,294,-9.97472,-68.81,7.947845481490629,-3.5386087947594578
2012-12-13 19:00:00,8.9,291,-9.97472,-68.81,8.308865795825096,-3.1894747509531736
2012-12-13 20:00:00,7.8,304,-9.97472,-68.81,6.466493065929325,-4.361704647071827
2012-12-13 21:00:00,7.9,321,-9.97472,-68.81,4.971631089293719,-6.139453095510068
2012-12-13 22:00:00,7.1,319,-9.97472,-68.81,4.658019105832603,-5.35843801958168
2012-12-13 23:00:00,6.7,324,-9.97472,-68.81,3.9381611903595717,-5.420413862312147
2012-12-14 00:00:00,6.7,324,-9.97472,-68.81,3.9381611903595717,-5.420413862312147
2012-12-14 01:00:00,7.0,339,-9.97472,-68.81,2.508575646817105,-6.535062985480411
2012-12-14 02:00:00,9.4,360,-9.97472,-68.81,2.3023359823970243e-15,-9.4
2012-12-14 03:00:00,7.9,360,-9.97472,-68.81,1.934941942652818e-15,-7.9
2012-12-14 04:00:00,6.5,354,-9.97472,-68.81,0.6794350112397471,-6.4643923198937765
2012-12-14 05:00:00,5.0,330,-9.97472,-68.81,2.500000000000002,-4.330127018922192
2012-12-14 06:00:00,5.4,318,-9.97472,-68.81,3.613305274337834,-4.012982057577929
2012-12-14 07:00:00,6.5,326,-9.97472,-68.81,3.6347538725598527,-5.388744221607772
2012-12-14 08:00:00,6.6,338,-9.97472,-68.81,2.4724035165450213,-6.119413440140796
2012-12-14 09:00:00,7.7,332,-9.97472,-68.81,3.6149310334513594,-6.798696465013737
2012-12-14 10:00:00,9.8,324,-9.97472,-68.81,5.76029547246624,-7.928366544874485
2012-12-14 11:00:00,7.0,325,-9.97472,-68.81,4.015035054457325,-5.734064310022941
2012-12-14 12:00:00,6.0,327,-9.97472,-68.81,3.267834210090162,-5.032023407672544
2012-12-14 13:00:00,7.0,325,-9.97472,-68.81,4.015035054457325,-5.734064310022941
2012-12-14 14:00:00,7.1,315,-9.97472,-68.81,5.020458146424488,-5.0204581464244855
2012-12-14 15:00:00,9.3,306,-9.97472,-68.81,7.523858047687013,-5.4664028463199985
2012-12-14 16:00:00,7.9,317,-9.97472,-68.81,5.387787044493736,-5.777694242791449
2012-12-14 17:00:00,5.5,328,-9.97472,-68.81,2.9145559532826275,-4.664264528860342
2012-12-14 18:00:00,4.9,343,-9.97472,-68.81,1.4326213531414123,-4.685893304218873
2012-12-14 19:00:00,7.3,349,-9.97472,-68.81,1.392905666248776,-7.165878439167947
2012-12-14 20:00:00,8.0,352,-9.97472,-68.81,1.113384807680527,-7.922144549932562
2012-12-14 21:00:00,9.0,355,-9.97472,-68.81,0.7844016847289249,-8.96575228282571
2012-12-14 22:00:00,9.1,353,-9.97472,-68.81,1.1090110249868397,-9.03216997993603
2012-12-14 23:00:00,7.6,352,-9.97472,-68.81,1.0577155672965006,-7.526037322435934
2012-12-15 00:00:00,7.6,352,-9.97472,-68.81,1.0577155672965006,-7.526037322435934
2012-12-15 01:00:00,7.6,355,-9.97472,-68.81,0.6623836448822031,-7.571079705497266
2012-12-15 02:00:00,7.6,352,-9.97472,-68.81,1.0577155672965006,-7.526037322435934
2012-12-15 03:00:00,6.9,9,-9.97472,-68.81,-1.079397808777593,-6.815049550106451
2012-12-15 04:00:00,8.3,2,-9.97472,-68.81,-0.2896658226307581,-8.294943864258496
2012-12-15 05:00:00,8.4,353,-9.97472,-68.81,1.0237024846032368,-8.337387673787106
2012-12-15 06:00:00,6.9,354,-9.97472,-68.81,0.7212463965468086,-6.862201078041086
2012-12-15 07:00:00,6.1,357,-9.97472,-68.81,0.31924933308196063,-6.0916401620029
2012-12-15 08:00:00,6.1,357,-9.97472,-68.81,0.31924933308196063,-6.0916401620029
2012-12-15 09:00:00,9.8,354,-9.97472,-68.81,1.0243789400230034,-9.746314574609078
2012-12-15 10:00:00,8.7,355,-9.97472,-68.81,0.7582549619046273,-8.666893873398186
2012-12-15 11:00:00,8.8,351,-9.97472,-68.81,1.376623292354034,-8.691657397237211
2012-12-15 12:00:00,7.3,349,-9.97472,-68.81,1.392905666248776,-7.165878439167947
2012-12-15 13:00:00,7.2,3,-9.97472,-68.81,-0.37681888494919563,-7.190132650232932
2012-12-15 14:00:00,7.6,3,-9.97472,-68.81,-0.3977532674463731,-7.589584464134761
2012-12-15 15:00:00,6.8,357,-9.97472,-68.81,0.3558845024520217,-6.790680836331102
2012-12-15 16:00:00,7.8,338,-9.97472,-68.81,2.921931428644116,-7.232034065620941
2012-12-15 17:00:00,6.2,324,-9.97472,-68.81,3.644268564213335,-5.015905365124674
2012-12-15 18:00:00,4.9,17,-9.97472,-68.81,-1.4326213531414103,-4.685893304218874
2012-12-15 19:00:00,4.0,63,-9.97472,-68.81,-3.564026096753471,-1.8159619989581872
2012-12-15 20:00:00,6.1,45,-9.97472,-68.81,-4.313351365237939,-4.31335136523794
2012-12-15 21:00:00,6.5,6,-9.97472,-68.81,-0.6794350112397476,-6.4643923198937765
2012-12-15 22:00:00,4.7,23,-9.97472,-68.81,-1.8364363038995868,-4.32637281122647
2012-12-15 23:00:00,4.5,29,-9.97472,-68.81,-2.1816432911085166,-3.935788682127281
2012-12-16 00:00:00,4.3,24,-9.97472,-68.81,-1.7489675652259409,-3.9282454678631837
2012-12-16 01:00:00,5.6,27,-9.97472,-68.81,-2.5423467985414616,-4.98963653545486
2012-12-16 02:00:00,6.0,25,-9.97472,-68.81,-2.5357095704441965,-5.437846722219899
2012-12-16 03:00:00,6.5,6,-9.97472,-68.81,-0.6794350112397476,-6.4643923198937765
2012-12-16 04:00:00,5.6,15,-9.97472,-68.81,-1.4493866525741161,-5.4091846272187825
2012-12-16 05:00:00,4.5,29,-9.97472,-68.81,-2.1816432911085166,-3.935788682127281
2012-12-16 06:00:00,5.4,37,-9.97472,-68.81,-3.2498011250210608,-4.312631754255381
2012-12-16 07:00:00,6.7,36,-9.97472,-68.81,-3.93816119035957,-5.420413862312148
2012-12-16 08:00:00,6.4,27,-9.97472,-68.81,-2.9055391983330994,-5.702441754805555
2012-12-16 09:00:00,7.1,15,-9.97472,-68.81,-1.8376152202278973,-6.858073366652385
2012-12-16 10:00:00,6.9,6,-9.97472,-68.81,-0.721246396546809,-6.862201078041086
2012-12-16 11:00:00,6.1,360,-9.97472,-68.81,1.4940690949597709e-15,-6.1
2012-12-16 12:00:00,5.8,360,-9.97472,-68.81,1.4205902870109297e-15,-5.8
2012-12-16 13:00:00,5.8,4,-9.97472,-68.81,-0.40458754771592675,-5.78587149150698
2012-12-16 14:00:00,5.5,11,-9.97472,-68.81,-1.0494494745709964,-5.3989495089621515
2012-12-16 15:00:00,5.7,18,-9.97472,-68.81,-1.7613968679372003,-5.421022142882375
2012-12-16 16:00:00,4.6,18,-9.97472,-68.81,-1.421478174124758,-4.3748599749577055
2012-12-16 17:00:00,2.6,304,-9.97472,-68.81,2.1554976886431083,-1.4539015490239422
2012-12-16 18:00:00,1.4,360,-9.97472,-68.81,3.429011037612589e-16,-1.4
2012-12-16 19:00:00,2.7,203,-9.97472,-68.81,1.0549740469210387,2.485363104321589
2012-12-16 20:00:00,2.8,130,-9.97472,-68.81,-2.1449244407331385,1.7998053071223101
2012-12-16 21:00:00,2.6,236,-9.97472,-68.81,2.1554976886431088,1.453901549023941
2012-12-16 22:00:00,4.1,225,-9.97472,-68.81,2.8991378028648445,2.8991378028648453
2012-12-16 23:00:00,2.9,187,-9.97472,-68.81,0.3534210958749272,2.878383839759834
2012-12-17 00:00:00,2.4,117,-9.97472,-68.81,-2.138415658052083,1.089577199374912
2012-12-17 01:00:00,3.7,101,-9.97472,-68.81,-3.632020578756357,0.7059932828932158
2012-12-17 02:00:00,2.9,120,-9.97472,-68.81,-2.511473670974872,1.4499999999999993
2012-12-17 03:00:00,2.9,187,-9.97472,-68.81,0.3534210958749272,2.878383839759834
2012-12-17 04:00:00,2.6,196,-9.97472,-68.81,0.7166571251241974,2.499280409439629
2012-12-17 05:00:00,2.6,214,-9.97472,-68.81,1.4539015490239415,2.1554976886431088
2012-12-17 06:00:00,4.1,225,-9.97472,-68.81,2.8991378028648445,2.8991378028648453
2012-12-17 07:00:00,8.1,249,-9.97472,-68.81,7.562001454627333,2.9027803913169357
2012-12-17 08:00:00,8.5,242,-9.97472,-68.81,7.505054539300879,3.9905082836800716
2012-12-17 09:00:00,8.6,248,-9.97472,-68.81,7.97378114927437,3.2216167033768457
2012-12-17 10:00:00,7.2,264,-9.97472,-68.81,7.160557646651569,0.7526049355271042
2012-12-17 11:00:00,4.5,284,-9.97472,-68.81,4.366330768241984,-1.0886485301985036
2012-12-17 12:00:00,2.6,286,-9.97472,-68.81,2.499280409439629,-0.7166571251241984
2012-12-17 13:00:00,2.5,278,-9.97472,-68.81,2.475670171853926,-0.34793275240016364
2012-12-17 14:00:00,2.9,263,-9.97472,-68.81,2.878383839759834,0.35342109587492676
2012-12-17 15:00:00,4.0,280,-9.97472,-68.81,3.9392310120488325,-0.6945927106677199
2012-12-17 16:00:00,4.3,318,-9.97472,-68.81,2.87726160734309,-3.195522749552795
2012-12-17 17:00:00,4.8,312,-9.97472,-68.81,3.5670951622914937,-3.2118269105225172
2012-12-17 18:00:00,7.7,298,-9.97472,-68.81,6.798696465013739,-3.6149310334513562
2012-12-17 19:00:00,5.8,248,-9.97472,-68.81,5.377666356487366,2.1727182418122912
2012-12-17 20:00:00,7.7,242,-9.97472,-68.81,6.798696465013738,3.614931033451359
2012-12-17 21:00:00,8.2,241,-9.97472,-68.81,7.171881598543046,3.975438886019962
2012-12-17 22:00:00,5.7,235,-9.97472,-68.81,4.669166652447252,3.2693856872009643
2012-12-17 23:00:00,3.4,238,-9.97472,-68.81,2.883363526931848,1.801725498392897
2012-12-18 00:00:00,3.9,236,-9.97472,-68.81,3.233246532964663,2.1808523235359116
2012-12-18 01:00:00,2.6,236,-9.97472,-68.81,2.1554976886431088,1.453901549023941
2012-12-18 02:00:00,1.4,360,-9.97472,-68.81,3.429011037612589e-16,-1.4
2012-12-18 03:00:00,2.0,45,-9.97472,-68.81,-1.414213562373095,-1.4142135623730951
2012-12-18 04:00:00,2.3,39,-9.97472,-68.81,-1.4474368994146258,-1.7874357113510329
2012-12-18 05:00:00,2.6,56,-9.97472,-68.81,-2.1554976886431088,-1.4539015490239418
2012-12-18 06:00:00,3.3,41,-9.97472,-68.81,-2.1649947956686737,-2.4905416147351476
2012-12-18 07:00:00,4.5,256,-9.97472,-68.81,4.366330768241984,1.088648530198505
2012-12-18 08:00:00,6.5,251,-9.97472,-68.81,6.1458707413955596,2.116193003971518
2012-12-18 09:00:00,3.7,259,-9.97472,-68.81,3.632020578756357,0.7059932828932151
2012-12-18 10:00:00,3.3,264,-9.97472,-68.81,3.281922254715302,0.3449439287832561
2012-12-18 11:00:00,2.3,288,-9.97472,-68.81,2.187429987478853,-0.7107390870623785
2012-12-18 12:00:00,2.4,297,-9.97472,-68.81,2.1384156580520832,-1.089577199374912
2012-12-18 13:00:00,3.9,304,-9.97472,-68.81,3.2332465329646625,-2.1808523235359134
2012-12-18 14:00:00,4.8,312,-9.97472,-68.81,3.5670951622914937,-3.2118269105225172
2012-12-18 15:00:00,5.0,330,-9.97472,-68.81,2.500000000000002,-4.330127018922192
2012-12-18 16:00:00,6.0,343,-9.97472,-68.81,1.7542302283364228,-5.7378285357782115
2012-12-18 17:00:00,7.6,335,-9.97472,-68.81,3.211898789229314,-6.88793918147854
2012-12-18 18:00:00,7.2,333,-9.97472,-68.81,3.2687315981247385,-6.415246974156248
2012-12-18 19:00:00,8.4,317,-9.97472,-68.81,5.728786224524986,-6.143371093601034
2012-12-18 20:00:00,6.9,317,-9.97472,-68.81,4.705788684431238,-5.046340541172278
2012-12-18 21:00:00,6.2,306,-9.97472,-68.81,5.015905365124675,-3.6442685642133323
2012-12-18 22:00:00,7.2,307,-9.97472,-68.81,5.75017567234051,-4.333068166694745
2012-12-18 23:00:00,7.7,319,-9.97472,-68.81,5.051654523226907,-5.811263767715344
2012-12-19 00:00:00,8.4,313,-9.97472,-68.81,6.143371093601031,-5.728786224524988
2012-12-19 01:00:00,8.0,306,-9.97472,-68.81,6.4721359549995805,-4.702282018339783
2012-12-19 02:00:00,7.7,319,-9.97472,-68.81,5.051654523226907,-5.811263767715344
2012-12-19 03:00:00,7.8,326,-9.97472,-68.81,4.361704647071823,-6.466493065929326
2012-12-19 04:00:00,6.9,332,-9.97472,-68.81,3.2393537832226467,-6.092338390726596
2012-12-19 05:00:00,6.6,319,-9.97472,-68.81,4.329989591337348,-4.981083229470294
2012-12-19 06:00:00,7.2,333,-9.97472,-68.81,3.2687315981247385,-6.415246974156248
2012-12-19 07:00:00,6.7,344,-9.97472,-68.81,1.8467702839738929,-6.440453362786736
2012-12-19 08:00:00,6.9,332,-9.97472,-68.81,3.2393537832226467,-6.092338390726596
2012-12-19 09:00:00,8.0,324,-9.97472,-68.81,4.702282018339787,-6.472135954999579
2012-12-19 10:00:00,10.0,330,-9.97472,-68.81,5.000000000000004,-8.660254037844384
2012-12-19 11:00:00,11.9,331,-9.97472,-68.81,5.769234480931409,-10.407974514958811
2012-12-19 12:00:00,12.0,327,-9.97472,-68.81,6.535668420180324,-10.064046815345089
2012-12-19 13:00:00,9.9,327,-9.97472,-68.81,5.3919264466487675,-8.302838622659698
2012-12-19 14:00:00,8.0,333,-9.97472,-68.81,3.6319239979163758,-7.128052193506942
2012-12-19 15:00:00,6.9,332,-9.97472,-68.81,3.2393537832226467,-6.092338390726596
2012-12-19 16:00:00,12.5,342,-9.97472,-68.81,3.8627124296868454,-11.888206453689419
2012-12-19 17:00:00,10.6,336,-9.97472,-68.81,4.311408416603482,-9.68358185101157
2012-12-19 18:00:00,9.8,354,-9.97472,-68.81,1.0243789400230034,-9.746314574609078
2012-12-19 19:00:00,7.2,6,-9.97472,-68.81,-0.7526049355271051,-7.160557646651568
2012-12-19 20:00:00,6.3,31,-9.97472,-68.81,-3.244739871933341,-5.400153994423308
2012-12-19 21:00:00,6.7,16,-9.97472,-68.81,-1.8467702839738944,-6.440453362786736
2012-12-19 22:00:00,6.3,13,-9.97472,-68.81,-1.4171916423663495,-6.1385314081469815
2012-12-19 23:00:00,6.5,354,-9.97472,-68.81,0.6794350112397471,-6.4643923198937765
2012-12-20 00:00:00,7.9,344,-9.97472,-68.81,2.1775351109542918,-7.59396739791272
2012-12-20 01:00:00,8.1,339,-9.97472,-68.81,2.902780391316936,-7.562001454627332
2012-12-20 02:00:00,8.4,340,-9.97472,-68.81,2.8729692039356163,-7.8934180146016315
2012-12-20 03:00:00,8.8,341,-9.97472,-68.81,2.8649997592229792,-8.320563465273988
2012-12-20 04:00:00,8.9,346,-9.97472,-68.81,2.153104870837044,-8.635631963856369
2012-12-20 05:00:00,8.9,346,-9.97472,-68.81,2.153104870837044,-8.635631963856369
2012-12-20 06:00:00,8.6,345,-9.97472,-68.81,2.225843787881678,-8.306962106085987
2012-12-20 07:00:00,8.7,343,-9.97472,-68.81,2.543633831087813,-8.319851376878407
2012-12-20 08:00:00,7.9,344,-9.97472,-68.81,2.1775351109542918,-7.59396739791272
2012-12-20 09:00:00,9.1,342,-9.97472,-68.81,2.812054648812023,-8.654614298285896
2012-12-20 10:00:00,11.1,331,-9.97472,-68.81,5.38138678473434,-9.708278749247294
2012-12-20 11:00:00,13.3,319,-9.97472,-68.81,8.72558508557375,-10.037637416962866
2012-12-20 12:00:00,14.3,313,-9.97472,-68.81,10.458357933154137,-9.75257654889373
2012-12-20 13:00:00,14.3,313,-9.97472,-68.81,10.458357933154137,-9.75257654889373
2012-12-20 14:00:00,13.8,317,-9.97472,-68.81,9.411577368862476,-10.092681082344557
2012-12-20 15:00:00,12.6,323,-9.97472,-68.81,7.582869291715808,-10.062807426595889
2012-12-20 16:00:00,11.1,324,-9.97472,-68.81,6.524416300446454,-8.980088637561915
2012-12-20 17:00:00,9.8,336,-9.97472,-68.81,3.986019102142842,-8.95274548489749
2012-12-20 18:00:00,6.9,321,-9.97472,-68.81,4.342310698243882,-5.362307134053097
2012-12-20 19:00:00,8.9,284,-9.97472,-68.81,8.63563196385637,-2.1531048708370406
2012-12-20 20:00:00,7.3,279,-9.97472,-68.81,7.210124886344506,-1.141971594793684
2012-12-20 21:00:00,6.7,306,-9.97472,-68.81,5.420413862312149,-3.9381611903595686
2012-12-20 22:00:00,6.3,336,-9.97472,-68.81,2.562440851377541,-5.755336383148386
2012-12-20 23:00:00,7.0,339,-9.97472,-68.81,2.508575646817105,-6.535062985480411
2012-12-21 00:00:00,6.7,344,-9.97472,-68.81,1.8467702839738929,-6.440453362786736
2012-12-21 01:00:00,7.2,342,-9.97472,-68.81,2.224922359499623,-6.8476069173251055
2012-12-21 02:00:00,7.4,337,-9.97472,-68.81,2.891410350820627,-6.811735915548058
2012-12-21 03:00:00,7.4,337,-9.97472,-68.81,2.891410350820627,-6.811735915548058
2012-12-21 04:00:00,7.7,349,-9.97472,-68.81,1.469229264399394,-7.558529312547013
2012-12-21 05:00:00,7.6,355,-9.97472,-68.81,0.6623836448822031,-7.571079705497266
2012-12-21 06:00:00,6.6,347,-9.97472,-68.81,1.4846769586695112,-6.430842427582552
2012-12-21 07:00:00,4.5,331,-9.97472,-68.81,2.181643291108516,-3.9357886821272814
2012-12-21 08:00:00,7.2,354,-9.97472,-68.81,0.7526049355271046,-7.160557646651568
2012-12-21 09:00:00,5.4,356,-9.97472,-68.81,0.37668495821827847,-5.386845871403051
2012-12-21 10:00:00,6.5,357,-9.97472,-68.81,0.3401837155791384,-6.49109197590473
2012-12-21 11:00:00,8.3,355,-9.97472,-68.81,0.7233926648055641,-8.268415994161488
2012-12-21 12:00:00,8.8,348,-9.97472,-68.81,1.829622879196287,-8.60769888645749
2012-12-21 13:00:00,5.4,356,-9.97472,-68.81,0.37668495821827847,-5.386845871403051
2012-12-21 14:00:00,9.3,324,-9.97472,-68.81,5.466402846320003,-7.5238580476870105
2012-12-21 15:00:00,10.7,340,-9.97472,-68.81,3.659615533584654,-10.05471104240922
2012-12-21 16:00:00,5.4,8,-9.97472,-68.81,-0.7515347451843534,-5.34744757120448
2012-12-21 17:00:00,5.4,360,-9.97472,-68.81,1.3226185430791415e-15,-5.4
2012-12-21 18:00:00,2.1,329,-9.97472,-68.81,1.0815799573111144,-1.8000513314744355
2012-12-21 19:00:00,2.2,9,-9.97472,-68.81,-0.34415582308850795,-2.1729143493093033
2012-12-21 20:00:00,1.3,304,-9.97472,-68.81,1.0777488443215542,-0.7269507745119711
2012-12-21 21:00:00,1.3,214,-9.97472,-68.81,0.7269507745119708,1.0777488443215544
2012-12-21 22:00:00,1.5,166,-9.97472,-68.81,-0.3628828433995016,1.4554435894139948
2012-12-21 23:00:00,2.3,162,-9.97472,-68.81,-0.7107390870623792,2.1874299874788528
2012-12-22 00:00:00,3.4,108,-9.97472,-68.81,-3.2335921554035223,1.050657780874821
2012-12-22 01:00:00,4.0,85,-9.97472,-68.81,-3.984778792366982,-0.34862297099063255
2012-12-22 02:00:00,5.0,90,-9.97472,-68.81,-5.0,-3.061616997868383e-16
2012-12-22 03:00:00,4.3,95,-9.97472,-68.81,-4.283637201794505,0.3747696938149304
2012-12-22 04:00:00,3.3,103,-9.97472,-68.81,-3.2154212137912763,0.7423384793347546
2012-12-22 05:00:00,3.8,107,-9.97472,-68.81,-3.633958072659535,1.1110124779463992
2012-12-22 06:00:00,3.4,122,-9.97472,-68.81,-2.8833635269318485,1.8017254983928963
2012-12-22 07:00:00,5.0,150,-9.97472,-68.81,-2.4999999999999996,4.330127018922194
2012-12-22 08:00:00,5.4,138,-9.97472,-68.81,-3.613305274337835,4.012982057577928
2012-12-22 09:00:00,5.6,140,-9.97472,-68.81,-3.5996106142446207,4.289848881466276
2012-12-22 10:00:00,6.2,144,-9.97472,-68.81,-3.644268564213334,5.015905365124674
2012-12-22 11:00:00,5.5,148,-9.97472,-68.81,-2.914555953282627,4.664264528860342
2012-12-22 12:00:00,4.7,157,-9.97472,-68.81,-1.8364363038995868,4.32637281122647
2012-12-22 13:00:00,5.3,152,-9.97472,-68.81,-2.4881992827652204,4.679622242152313
2012-12-22 14:00:00,7.8,167,-9.97472,-68.81,-1.7546182238821486,7.600086505324834
2012-12-22 15:00:00,4.3,180,-9.97472,-68.81,-5.265981236333618e-16,4.3
2012-12-22 16:00:00,2.1,211,-9.97472,-68.81,1.0815799573111138,1.800051331474436
2012-12-22 17:00:00,9.3,208,-9.97472,-68.81,4.366085533908786,8.21141261358802
2012-12-22 18:00:00,7.0,201,-9.97472,-68.81,2.508575646817103,6.535062985480412
2012-12-22 19:00:00,1.5,166,-9.97472,-68.81,-0.3628828433995016,1.4554435894139948
2012-12-22 20:00:00,3.8,221,-9.97472,-68.81,2.4930243101639267,2.867896404846534
2012-12-22 21:00:00,4.1,232,-9.97472,-68.81,3.2308440897875603,2.524212048835198
2012-12-22 22:00:00,5.1,219,-9.97472,-68.81,3.2095339943541714,3.9634444034305507
2012-12-22 23:00:00,5.2,196,-9.97472,-68.81,1.4333142502483949,4.998560818879258
2012-12-23 00:00:00,4.4,189,-9.97472,-68.81,0.6883116461770152,4.3458286986186065
2012-12-23 01:00:00,5.1,188,-9.97472,-68.81,0.7097828148963341,5.050367150582008
2012-12-23 02:00:00,3.7,209,-9.97472,-68.81,1.7937955949114468,3.236092916415765
2012-12-23 03:00:00,2.8,230,-9.97472,-68.81,2.144924440733138,1.7998053071223103
2012-12-23 04:00:00,2.6,214,-9.97472,-68.81,1.4539015490239415,2.1554976886431088
2012-12-23 05:00:00,3.3,193,-9.97472,-68.81,0.7423384793347544,3.2154212137912763
2012-12-23 06:00:00,3.5,204,-9.97472,-68.81,1.4235782507653008,3.197409101749103
2012-12-23 07:00:00,4.3,204,-9.97472,-68.81,1.7489675652259409,3.9282454678631837
2012-12-23 08:00:00,2.9,210,-9.97472,-68.81,1.4500000000000002,2.5114736709748717
2012-12-23 09:00:00,0.4,270,-9.97472,-68.81,0.4,7.347880794884119e-17
2012-12-23 10:00:00,1.8,90,-9.97472,-68.81,-1.8,-1.1021821192326179e-16
2012-12-23 11:00:00,3.5,66,-9.97472,-68.81,-3.197409101749103,-1.4235782507653008
2012-12-23 12:00:00,3.9,56,-9.97472,-68.81,-3.233246532964663,-2.1808523235359125
2012-12-23 13:00:00,4.1,45,-9.97472,-68.81,-2.8991378028648445,-2.899137802864845
2012-12-23 14:00:00,4.1,45,-9.97472,-68.81,-2.8991378028648445,-2.899137802864845
2012-12-23 15:00:00,2.8,40,-9.97472,-68.81,-1.7998053071223097,-2.1449244407331385
2012-12-23 16:00:00,4.6,39,-9.97472,-68.81,-2.8948737988292517,-3.5748714227020657
2012-12-23 17:00:00,5.6,27,-9.97472,-68.81,-2.5423467985414616,-4.98963653545486
2012-12-23 18:00:00,5.2,12,-9.97472,-68.81,-1.0811407922523486,-5.08636752381579
2012-12-23 19:00:00,4.1,315,-9.97472,-68.81,2.8991378028648453,-2.899137802864844
2012-12-23 20:00:00,5.6,315,-9.97472,-68.81,3.9597979746446668,-3.959797974644665
2012-12-23 21:00:00,7.7,319,-9.97472,-68.81,5.051654523226907,-5.811263767715344
2012-12-23 22:00:00,6.6,315,-9.97472,-68.81,4.666904755831214,-4.6669047558312124
2012-12-23 23:00:00,5.4,312,-9.97472,-68.81,4.012982057577931,-3.6133052743378324
2012-12-24 00:00:00,4.8,312,-9.97472,-68.81,3.5670951622914937,-3.2118269105225172
2012-12-24 01:00:00,5.7,305,-9.97472,-68.81,4.669166652447253,-3.2693856872009626
2012-12-24 02:00:00,6.5,304,-9.97472,-68.81,5.38874422160777,-3.6347538725598554
2012-12-24 03:00:00,6.6,311,-9.97472,-68.81,4.981083229470297,-4.3299895913373465
2012-12-24 04:00:00,6.4,317,-9.97472,-68.81,4.364789504399989,-4.680663690362692
2012-12-24 05:00:00,5.6,320,-9.97472,-68.81,3.5996106142446216,-4.289848881466275
2012-12-24 06:00:00,5.4,323,-9.97472,-68.81,3.2498011250210608,-4.312631754255381
2012-12-24 07:00:00,5.6,333,-9.97472,-68.81,2.542346798541463,-4.989636535454859
2012-12-24 08:00:00,6.1,332,-9.97472,-68.81,2.8637765329939335,-5.385980316439453
2012-12-24 09:00:00,5.6,333,-9.97472,-68.81,2.542346798541463,-4.989636535454859
2012-12-24 10:00:00,6.1,332,-9.97472,-68.81,2.8637765329939335,-5.385980316439453
2012-12-24 11:00:00,7.1,330,-9.97472,-68.81,3.550000000000003,-6.148780366869512
2012-12-24 12:00:00,6.8,335,-9.97472,-68.81,2.8738041798367546,-6.16289295184922
2012-12-24 13:00:00,6.4,344,-9.97472,-68.81,1.7640790772287933,-6.1520748540052415
2012-12-24 14:00:00,6.5,341,-9.97472,-68.81,2.1161930039715187,-6.1458707413955596
2012-12-24 15:00:00,6.6,347,-9.97472,-68.81,1.4846769586695112,-6.430842427582552
2012-12-24 16:00:00,5.9,14,-9.97472,-68.81,-1.4273391840380396,-5.7247447850283795
2012-12-24 17:00:00,5.8,30,-9.97472,-68.81,-2.8999999999999995,-5.022947341949744
2012-12-24 18:00:00,6.6,29,-9.97472,-68.81,-3.1997434936258244,-5.772490067120011
2012-12-24 19:00:00,9.2,42,-9.97472,-68.81,-6.156001578501495,-6.836932394392027
2012-12-24 20:00:00,10.0,26,-9.97472,-68.81,-4.383711467890774,-8.98794046299167
2012-12-24 21:00:00,9.0,16,-9.97472,-68.81,-2.4807362023529924,-8.65135526344487
2012-12-24 22:00:00,8.8,12,-9.97472,-68.81,-1.8296228791962823,-8.607698886457491
2012-12-24 23:00:00,8.8,12,-9.97472,-68.81,-1.8296228791962823,-8.607698886457491
2012-12-25 00:00:00,8.7,5,-9.97472,-68.81,-0.7582549619046259,-8.666893873398186
2012-12-25 01:00:00,7.6,8,-9.97472,-68.81,-1.0577155672964973,-7.5260373224359345
2012-12-25 02:00:00,7.6,5,-9.97472,-68.81,-0.662383644882202,-7.571079705497266
2012-12-25 03:00:00,7.6,5,-9.97472,-68.81,-0.662383644882202,-7.571079705497266
2012-12-25 04:00:00,8.0,10,-9.97472,-68.81,-1.3891854213354426,-7.878462024097664
2012-12-25 05:00:00,7.9,3,-9.97472,-68.81,-0.4134540543192563,-7.889173324561134
2012-12-25 06:00:00,7.6,357,-9.97472,-68.81,0.3977532674463772,-7.589584464134761
2012-12-25 07:00:00,10.1,356,-9.97472,-68.81,0.7045403848156689,-10.075396907624224
2012-12-25 08:00:00,9.8,354,-9.97472,-68.81,1.0243789400230034,-9.746314574609078
2012-12-25 09:00:00,9.1,353,-9.97472,-68.81,1.1090110249868397,-9.03216997993603
2012-12-25 10:00:00,10.5,352,-9.97472,-68.81,1.4613175600806918,-10.397814721786487
2012-12-25 11:00:00,11.0,349,-9.97472,-68.81,2.0988989491419914,-10.797899017924303
2012-12-25 12:00:00,10.2,352,-9.97472,-68.81,1.419565629792672,-10.100734301164016
2012-12-25 13:00:00,9.7,360,-9.97472,-68.81,2.375814790345865e-15,-9.7
2012-12-25 14:00:00,7.9,357,-9.97472,-68.81,0.4134540543192605,-7.889173324561134
2012-12-25 15:00:00,6.0,33,-9.97472,-68.81,-3.2678342100901627,-5.032023407672544
2012-12-25 16:00:00,7.9,24,-9.97472,-68.81,-3.2132194802988217,-7.217009115376547
2012-12-25 17:00:00,8.4,10,-9.97472,-68.81,-1.458644692402215,-8.272385125302547
2012-12-25 18:00:00,7.3,349,-9.97472,-68.81,1.392905666248776,-7.165878439167947
2012-12-25 19:00:00,6.5,326,-9.97472,-68.81,3.6347538725598527,-5.388744221607772
2012-12-25 20:00:00,4.9,343,-9.97472,-68.81,1.4326213531414123,-4.685893304218873
2012-12-25 21:00:00,4.7,351,-9.97472,-68.81,0.7352419856890863,-4.6421352007971475
2012-12-25 22:00:00,4.7,356,-9.97472,-68.81,0.3278554265973905,-4.688551036221174
2012-12-25 23:00:00,6.3,347,-9.97472,-68.81,1.4171916423663515,-6.1385314081469815
2012-12-26 00:00:00,6.3,336,-9.97472,-68.81,2.562440851377541,-5.755336383148386
2012-12-26 01:00:00,7.2,333,-9.97472,-68.81,3.2687315981247385,-6.415246974156248
2012-12-26 02:00:00,7.3,340,-9.97472,-68.81,2.4967470462773806,-6.859756131737131
2012-12-26 03:00:00,7.6,335,-9.97472,-68.81,3.211898789229314,-6.88793918147854
2012-12-26 04:00:00,7.3,327,-9.97472,-68.81,3.9758649556096968,-6.122295146001595
2012-12-26 05:00:00,5.9,346,-9.97472,-68.81,1.4273391840380405,-5.7247447850283795
2012-12-26 06:00:00,4.7,328,-9.97472,-68.81,2.490620541896064,-3.9858260519352022
2012-12-26 07:00:00,3.7,259,-9.97472,-68.81,3.632020578756357,0.7059932828932151
2012-12-26 08:00:00,3.0,256,-9.97472,-68.81,2.9108871788279895,0.7257656867990033
2012-12-26 09:00:00,2.0,315,-9.97472,-68.81,1.4142135623730954,-1.4142135623730947
2012-12-26 10:00:00,2.6,326,-9.97472,-68.81,1.453901549023941,-2.1554976886431088
2012-12-26 11:00:00,5.6,333,-9.97472,-68.81,2.542346798541463,-4.989636535454859
2012-12-26 12:00:00,6.8,342,-9.97472,-68.81,2.1013155617496437,-6.467184310807044
2012-12-26 13:00:00,6.2,353,-9.97472,-68.81,0.7555899291119128,-6.153786140176197
2012-12-26 14:00:00,6.8,3,-9.97472,-68.81,-0.3558845024520181,-6.790680836331102
2012-12-26 15:00:00,6.2,10,-9.97472,-68.81,-1.0766187015349682,-6.10580806867569
2012-12-26 16:00:00,6.1,357,-9.97472,-68.81,0.31924933308196063,-6.0916401620029
2012-12-26 17:00:00,10.8,323,-9.97472,-68.81,6.4996022500421216,-8.625263508510763
2012-12-26 18:00:00,10.7,312,-9.97472,-68.81,7.951649632608121,-7.159697488039778
2012-12-26 19:00:00,8.7,294,-9.97472,-68.81,7.947845481490629,-3.5386087947594578
2012-12-26 20:00:00,5.8,292,-9.97472,-68.81,5.377666356487367,-2.1727182418122895
2012-12-26 21:00:00,2.1,329,-9.97472,-68.81,1.0815799573111144,-1.8000513314744355
2012-12-26 22:00:00,3.2,63,-9.97472,-68.81,-2.851220877402777,-1.45276959916655
2012-12-26 23:00:00,3.9,56,-9.97472,-68.81,-3.233246532964663,-2.1808523235359125
2012-12-27 00:00:00,3.3,49,-9.97472,-68.81,-2.4905416147351476,-2.1649947956686737
2012-12-27 01:00:00,3.4,18,-9.97472,-68.81,-1.0506577808748212,-3.233592155403522
2012-12-27 02:00:00,3.2,333,-9.97472,-68.81,1.4527695991665504,-2.851220877402777
2012-12-27 03:00:00,5.1,321,-9.97472,-68.81,3.2095339943541727,-3.96344440343055
2012-12-27 04:00:00,5.3,298,-9.97472,-68.81,4.6796222421523135,-2.488199282765219
2012-12-27 05:00:00,5.6,285,-9.97472,-68.81,5.4091846272187825,-1.4493866525741135
2012-12-27 06:00:00,5.5,302,-9.97472,-68.81,4.664264528860344,-2.9145559532826257
2012-12-27 07:00:00,6.7,286,-9.97472,-68.81,6.440453362786736,-1.846770283973896
2012-12-27 08:00:00,6.0,287,-9.97472,-68.81,5.737828535778212,-1.7542302283364202
2012-12-27 09:00:00,4.7,274,-9.97472,-68.81,4.688551036221175,-0.32785542659738853
2012-12-27 10:00:00,3.4,302,-9.97472,-68.81,2.883363526931849,-1.8017254983928959
2012-12-27 11:00:00,3.7,281,-9.97472,-68.81,3.6320205787563564,-0.705993282893217
2012-12-27 12:00:00,4.1,285,-9.97472,-68.81,3.9602958877851804,-1.061158084920333
2012-12-27 13:00:00,3.8,287,-9.97472,-68.81,3.6339580726595346,-1.1110124779463995
2012-12-27 14:00:00,1.5,256,-9.97472,-68.81,1.4554435894139948,0.36288284339950166
2012-12-27 15:00:00,1.5,225,-9.97472,-68.81,1.0606601717798212,1.0606601717798214
2012-12-27 16:00:00,3.1,225,-9.97472,-68.81,2.192031021678297,2.192031021678298
2012-12-27 17:00:00,1.8,270,-9.97472,-68.81,1.8,3.3065463576978537e-16
2012-12-27 18:00:00,2.5,315,-9.97472,-68.81,1.7677669529663693,-1.7677669529663684
2012-12-27 19:00:00,2.4,297,-9.97472,-68.81,2.1384156580520832,-1.089577199374912
2012-12-27 20:00:00,2.1,329,-9.97472,-68.81,1.0815799573111144,-1.8000513314744355
2012-12-27 21:00:00,4.0,5,-9.97472,-68.81,-0.34862297099063266,-3.984778792366982
2012-12-27 22:00:00,4.9,343,-9.97472,-68.81,1.4326213531414123,-4.685893304218873
2012-12-27 23:00:00,4.7,9,-9.97472,-68.81,-0.7352419856890852,-4.6421352007971475
2012-12-28 00:00:00,4.5,346,-9.97472,-68.81,1.0886485301985054,-4.366330768241984
2012-12-28 01:00:00,4.9,343,-9.97472,-68.81,1.4326213531414123,-4.685893304218873
2012-12-28 02:00:00,4.3,5,-9.97472,-68.81,-0.3747696938149301,-4.283637201794505
2012-12-28 03:00:00,4.9,36,-9.97472,-68.81,-2.8801477362331185,-3.9641832724372428
2012-12-28 04:00:00,4.8,347,-9.97472,-68.81,1.0797650608505536,-4.6769763109691285
2012-12-28 05:00:00,5.4,360,-9.97472,-68.81,1.3226185430791415e-15,-5.4
2012-12-28 06:00:00,1.8,11,-9.97472,-68.81,-0.34345619167778063,-1.7669289302057951
2012-12-28 07:00:00,4.7,351,-9.97472,-68.81,0.7352419856890863,-4.6421352007971475
2012-12-28 08:00:00,6.5,357,-9.97472,-68.81,0.3401837155791384,-6.49109197590473
2012-12-28 09:00:00,6.5,3,-9.97472,-68.81,-0.3401837155791349,-6.49109197590473
2012-12-28 10:00:00,6.8,360,-9.97472,-68.81,1.6655196468404002e-15,-6.8
2012-12-28 11:00:00,7.6,352,-9.97472,-68.81,1.0577155672965006,-7.526037322435934
2012-12-28 12:00:00,6.6,347,-9.97472,-68.81,1.4846769586695112,-6.430842427582552
2012-12-28 13:00:00,7.2,342,-9.97472,-68.81,2.224922359499623,-6.8476069173251055
2012-12-28 14:00:00,7.1,336,-9.97472,-68.81,2.887830165838181,-6.486172749262467
2012-12-28 15:00:00,8.3,342,-9.97472,-68.81,2.5648410533120654,-7.893769085249775
2012-12-28 16:00:00,7.1,345,-9.97472,-68.81,1.8376152202278968,-6.858073366652385
2012-12-28 17:00:00,5.8,330,-9.97472,-68.81,2.9000000000000026,-5.022947341949743
2012-12-28 18:00:00,5.1,321,-9.97472,-68.81,3.2095339943541727,-3.96344440343055
2012-12-28 19:00:00,5.0,291,-9.97472,-68.81,4.667902132486009,-1.791839747726502
2012-12-28 20:00:00,3.3,276,-9.97472,-68.81,3.281922254715302,-0.3449439287832548
2012-12-28 21:00:00,4.4,279,-9.97472,-68.81,4.3458286986186065,-0.688311646177015
2012-12-28 22:00:00,3.6,276,-9.97472,-68.81,3.5802788233257843,-0.37630246776355075
2012-12-28 23:00:00,3.0,284,-9.97472,-68.81,2.9108871788279895,-0.7257656867990023
2012-12-29 00:00:00,3.7,299,-9.97472,-68.81,3.236092916415764,-1.7937955949114481
2012-12-29 01:00:00,3.3,276,-9.97472,-68.81,3.281922254715302,-0.3449439287832548
2012-12-29 02:00:00,3.8,253,-9.97472,-68.81,3.633958072659534,1.111012477946401
2012-12-29 03:00:00,5.0,270,-9.97472,-68.81,5.0,9.184850993605148e-16
2012-12-29 04:00:00,4.7,266,-9.97472,-68.81,4.688551036221174,0.32785542659739025
2012-12-29 05:00:00,4.3,265,-9.97472,-68.81,4.283637201794505,0.37476969381493047
2012-12-29 06:00:00,3.1,291,-9.97472,-68.81,2.8940993221413254,-1.1109406435904312
2012-12-29 07:00:00,2.7,23,-9.97472,-68.81,-1.0549740469210394,-2.485363104321589
2012-12-29 08:00:00,4.3,5,-9.97472,-68.81,-0.3747696938149301,-4.283637201794505
2012-12-29 09:00:00,4.7,351,-9.97472,-68.81,0.7352419856890863,-4.6421352007971475
2012-12-29 10:00:00,4.5,331,-9.97472,-68.81,2.181643291108516,-3.9357886821272814
2012-12-29 11:00:00,2.2,351,-9.97472,-68.81,0.3441558230885085,-2.172914349309303
2012-12-29 12:00:00,4.2,340,-9.97472,-68.81,1.4364846019678081,-3.9467090073008158
2012-12-29 13:00:00,5.4,352,-9.97472,-68.81,0.7515347451843558,-5.34744757120448
2012-12-29 14:00:00,4.7,351,-9.97472,-68.81,0.7352419856890863,-4.6421352007971475
2012-12-29 15:00:00,6.2,350,-9.97472,-68.81,1.0766187015349684,-6.10580806867569
2012-12-29 16:00:00,10.1,17,-9.97472,-68.81,-2.952954217699641,-9.658678035226657
2012-12-29 17:00:00,8.8,35,-9.97472,-68.81,-5.047472639889206,-7.208537989743128
2012-12-29 18:00:00,8.2,23,-9.97472,-68.81,-3.2039952536120446,-7.54813979831001
2012-12-29 19:00:00,5.2,12,-9.97472,-68.81,-1.0811407922523486,-5.08636752381579
2012-12-29 20:00:00,3.1,291,-9.97472,-68.81,2.8940993221413254,-1.1109406435904312
2012-12-29 21:00:00,6.4,286,-9.97472,-68.81,6.152074854005241,-1.7640790772287962
2012-12-29 22:00:00,4.9,287,-9.97472,-68.81,4.685893304218874,-1.43262135314141
2012-12-29 23:00:00,3.3,311,-9.97472,-68.81,2.4905416147351485,-2.1649947956686733
2012-12-30 00:00:00,3.9,338,-9.97472,-68.81,1.460965714322058,-3.6160170328104706
2012-12-30 01:00:00,3.3,347,-9.97472,-68.81,0.7423384793347556,-3.215421213791276
2012-12-30 02:00:00,4.7,360,-9.97472,-68.81,1.1511679911985121e-15,-4.7
2012-12-30 03:00:00,4.5,346,-9.97472,-68.81,1.0886485301985054,-4.366330768241984
2012-12-30 04:00:00,3.0,346,-9.97472,-68.81,0.7257656867990037,-2.9108871788279895
2012-12-30 05:00:00,3.3,319,-9.97472,-68.81,2.164994795668674,-2.490541614735147
2012-12-30 06:00:00,3.4,302,-9.97472,-68.81,2.883363526931849,-1.8017254983928959
2012-12-30 07:00:00,1.8,270,-9.97472,-68.81,1.8,3.3065463576978537e-16
2012-12-30 08:00:00,1.3,326,-9.97472,-68.81,0.7269507745119705,-1.0777488443215544
2012-12-30 09:00:00,2.3,18,-9.97472,-68.81,-0.710739087062379,-2.1874299874788528
2012-12-30 10:00:00,4.7,360,-9.97472,-68.81,1.1511679911985121e-15,-4.7
2012-12-30 11:00:00,5.4,356,-9.97472,-68.81,0.37668495821827847,-5.386845871403051
2012-12-30 12:00:00,6.9,332,-9.97472,-68.81,3.2393537832226467,-6.092338390726596
2012-12-30 13:00:00,6.4,322,-9.97472,-68.81,3.9402334420842124,-5.043268823083022
2012-12-30 14:00:00,7.4,321,-9.97472,-68.81,4.656970893768801,-5.750880114781583
2012-12-30 15:00:00,6.4,317,-9.97472,-68.81,4.364789504399989,-4.680663690362692
2012-12-30 16:00:00,6.4,313,-9.97472,-68.81,4.680663690362691,-4.364789504399991
2012-12-30 17:00:00,7.2,307,-9.97472,-68.81,5.75017567234051,-4.333068166694745
2012-12-30 18:00:00,6.7,324,-9.97472,-68.81,3.9381611903595717,-5.420413862312147
2012-12-30 19:00:00,4.8,333,-9.97472,-68.81,2.179154398749825,-4.276831316104166
2012-12-30 20:00:00,5.6,345,-9.97472,-68.81,1.4493866525741157,-5.4091846272187825
2012-12-30 21:00:00,6.6,347,-9.97472,-68.81,1.4846769586695112,-6.430842427582552
2012-12-30 22:00:00,6.9,351,-9.97472,-68.81,1.0793978087775948,-6.81504955010645
2012-12-30 23:00:00,5.6,345,-9.97472,-68.81,1.4493866525741157,-5.4091846272187825
2012-12-31 00:00:00,4.6,321,-9.97472,-68.81,2.894873798829254,-3.5748714227020644
2012-12-31 01:00:00,3.9,326,-9.97472,-68.81,2.1808523235359116,-3.233246532964663
2012-12-31 02:00:00,4.5,331,-9.97472,-68.81,2.181643291108516,-3.9357886821272814
2012-12-31 03:00:00,4.9,324,-9.97472,-68.81,2.88014773623312,-3.9641832724372423
2012-12-31 04:00:00,5.1,315,-9.97472,-68.81,3.606244584051393,-3.606244584051391
2012-12-31 05:00:00,5.3,298,-9.97472,-68.81,4.6796222421523135,-2.488199282765219
2012-12-31 06:00:00,5.5,293,-9.97472,-68.81,5.062776693988423,-2.149021206691004
2012-12-31 07:00:00,6.6,283,-9.97472,-68.81,6.430842427582553,-1.4846769586695083
2012-12-31 08:00:00,6.8,288,-9.97472,-68.81,6.467184310807045,-2.101315561749641
2012-12-31 09:00:00,6.1,298,-9.97472,-68.81,5.385980316439455,-2.8637765329939313
2012-12-31 10:00:00,7.8,304,-9.97472,-68.81,6.466493065929325,-4.361704647071827
2012-12-31 11:00:00,8.7,308,-9.97472,-68.81,6.855693556378479,-5.356254835333228
2012-12-31 12:00:00,10.2,312,-9.97472,-68.81,7.580077219869424,-6.825132184860349
2012-12-31 13:00:00,11.5,319,-9.97472,-68.81,7.544678833390835,-8.679160172561877
2012-12-31 14:00:00,11.8,329,-9.97472,-68.81,6.077449283938643,-10.114574148284923
2012-12-31 15:00:00,11.3,329,-9.97472,-68.81,5.819930246483616,-9.685990497933867
2012-12-31 16:00:00,12.4,324,-9.97472,-68.81,7.28853712842667,-10.031810730249347
2012-12-31 17:00:00,10.1,325,-9.97472,-68.81,5.79312200714557,-8.273435647318815
2012-12-31 18:00:00,7.5,325,-9.97472,-68.81,4.3018232726328485,-6.143640332167437
2012-12-31 19:00:00,8.5,324,-9.97472,-68.81,4.9961746444860236,-6.876644452187052
2012-12-31 20:00:00,7.2,323,-9.97472,-68.81,4.333068166694748,-5.750175672340508
2012-12-31 21:00:00,6.9,317,-9.97472,-68.81,4.705788684431238,-5.046340541172278
2012-12-31 22:00:00,7.9,330,-9.97472,-68.81,3.9500000000000037,-6.841600689897064
2012-12-31 23:00:00,8.9,339,-9.97472,-68.81,3.189474750953177,-8.308865795825094
